“Η‚έ	•ϋΎ	•W€κ	•W€κ‚Μ“Η‚έ	’nζ
‚ ‚Έ‚ά‚µ‚Ά	‚ ‚Έ‚ά‚µ‚Ά	yS’n‚ζ‚ΆE—‚Ώ’…‚­z	‚±‚±‚Ώ‚ζ‚Ά	ΒXE–kC“Ή
‚¨‚µ‚ε‚¤‚µ‚Θ	‚¨‚µ‚ε‚¤‚µ‚Θ	y‚ ‚θ‚ª‚Ζ‚¤z	‚ ‚θ‚ª‚Ζ‚¤	R`
‚¨‚Η‚°‚Ε‚Λ‚¥	‚¨‚Η‚°‚Ε‚Λ‚¦	y‘ε•Ο‚ΎE“r•ϋ‚ΰ‚Θ‚Άz	‚½‚Ά‚Φ‚ρ‚Ύ	‹{ι
‚―	‚―	yH‚Χ‚ΔE‚¨‚Ά‚Εz	‚½‚Χ‚Δ	“–k
‚­	‚­	yH‚Χ‚ιz	‚½‚Χ‚ι	“–k
‚Ύ‚Ύ‚Ώ‚α	‚Ύ‚Ύ‚Ώ‚α	y‚¨•ƒ‚³‚ρEe•ƒz	‚¨‚Ζ‚¤‚³‚ρ	R`
‚Θ‚µ‚Δ	‚Θ‚µ‚Δ	y‚Η‚¤‚µ‚ΔE‚Θ‚Ίz	‚Η‚¤‚µ‚Δ	“–k
‚±‚ν‚Ά	‚±‚ν‚Ά	y”ζ‚κ‚½E‚Ύ‚ι‚Άz	‚Β‚©‚κ‚½	–kC“ΉE“–k
‚―‚Α‚Ο‚κ	‚―‚Α‚Ο‚κ	y‚ª‚ρ‚Ξ‚κz	‚ª‚ρ‚Ξ‚κ	ΒXE–kC“Ή
‚ΰ‚Ώ‚ε‚±‚Ώ‚ε‚Ά	‚ΰ‚Ώ‚ε‚±‚Ώ‚ε‚Ά	y‚­‚·‚®‚Α‚½‚Άz	‚­‚·‚®‚Α‚½‚Ά	‹{ιEβθ
‚Ώ‚ε‚·	‚Ώ‚ε‚·	y‚Ά‚¶‚ιE‚©‚η‚©‚¤z	‚Ά‚¶‚ι	“–k
‚ί‚ρ‚±‚Ά	‚ί‚ρ‚±‚Ά	y‚©‚ν‚Ά‚Άz	‚©‚ν‚Ά‚Ά	–kC“ΉE“–k
‚¤‚ι‚©‚·	‚¤‚ι‚©‚·	y…‚ΙZ‚·z	‚έ‚Έ‚Ι‚Π‚½‚·	–kC“ΉE“–k
‚Ξ‚­‚ι	‚Ξ‚­‚ι	yπ·‚·‚ιz	‚±‚¤‚©‚ρ‚·‚ι	–kC“Ή
‚Θ‚°‚ι	‚Θ‚°‚ι	yΜ‚Δ‚ιz	‚·‚Δ‚ι	–kC“ΉE“–k
‚²‚ρ‚Ϊ‚Ω‚ι	‚²‚ρ‚Ϊ‚Ω‚ι	y‚Ύ‚Ύ‚π‚±‚Λ‚ιz	‚Ύ‚Ύ‚π‚±‚Λ‚ι	ΒX
‚Ά‚Α‚½‚¬‚α‚ 	Ύ‚Α‚½‚¬‚α‚ 	yΎ‚Ά‚ά‚µ‚½‚ζEΎ‚Α‚½‚ζz	‚Ά‚Ά‚ά‚µ‚½‚ζE‚Ά‚Α‚½‚ζ	¤’mi”φ’£j
‚»‚¤‚Ύ‚¬‚α‚ 	‚»‚¤‚Ύ‚¬‚α‚ 	y‚»‚¤‚Ε‚µ‚ε‚¤E‚»‚¤‚Ύ‚λ‚¤z	‚»‚¤‚Ε‚µ‚ε‚¤E‚»‚¤‚Ύ‚λ‚¤	¤’mi”φ’£j
‚½‚Χ‚β‚ 	H‚Χ‚β‚ 	yH‚Χ‚Θ‚³‚Άz	‚½‚Χ‚Θ‚³‚Ά	¤’mi”φ’£j
‚Ν‚ζ‚Ά‚±‚ά‚Ά	‚Ν‚ζ‚Ά‚±‚ά‚Ά	y‘‚­s‚«‚ά‚µ‚ε‚¤Es‚±‚¤z	‚Ν‚β‚­‚Ά‚«‚ά‚µ‚ε‚¤E‚Ά‚±‚¤	¤’mi”φ’£EO‰Νj
‚ά‚ν‚µ‚·‚ι	‚ά‚ν‚µi‚πj‚·‚ι	y€”υi‚πj‚·‚ιz	‚¶‚γ‚ρ‚Ρ‚·‚ι	¤’mi”φ’£j
‚Β‚­‚¦‚π‚Β‚ι	χ‚π‚Β‚ι	yχ‚π‰^‚Τz	‚Β‚­‚¦‚π‚Ν‚±‚Τ	¤’mi”φ’£EO‰Νj
‚©‚¬‚π‚©‚¤	®‚π‚©‚¤	y®‚π‚©‚―‚ιz	‚©‚¬‚π‚©‚―‚ι	¤’mi”φ’£EO‰Νj
‚Ω‚©‚ι	i‚²‚έ‚πj‚Ω‚©‚ι	yi‚²‚έ‚πjΜ‚Δ‚ιz	‚·‚Δ‚ι	¤’mi”φ’£EO‰Νj
‚έ‚¦‚ι	i‚¨‹q‚³‚ρ‚ªj‚έ‚¦‚ι	y‚Ά‚η‚Α‚µ‚α‚ιz	‚Ά‚η‚Α‚µ‚α‚ι	¤’mi”φ’£EO‰Νj
‚¦‚η‚Ά	i‘Μ‚ªj‚¦‚η‚Ά	y”ζ‚κ‚½z	‚Β‚©‚κ‚½	¤’mi”φ’£EO‰Νj
‚Ά‚©‚ρ	‚Ά‚©‚ρ	y‚Ύ‚ί‚Ύz	‚Ύ‚ί‚Ύ	¤’mi”φ’£EO‰Νj
‚β‚η‚Θ‚Ά‚©‚ρ	‚β‚η‚Θ‚Ά‚©‚ρ	y‚β‚η‚Θ‚―‚κ‚Ξ‚Θ‚η‚Θ‚Άz	‚β‚η‚Θ‚―‚κ‚Ξ‚Θ‚η‚Θ‚Ά	¤’mi”φ’£EO‰Νj
‚Η‚¦‚η‚Ά	‚Η‚¦‚η‚Ά`	y‘ε•Ο`E‚Ζ‚Δ‚ΰ`E‚·‚²‚­`z	‚½‚Ά‚Φ‚ρE‚Ζ‚Δ‚ΰE‚·‚²‚­	¤’mi”φ’£j
‚Ω‚ρ‚Ύ‚Ε	‚Ω‚ρ‚Ύ‚ΕA`	y‚Ύ‚©‚ηA`z	‚Ύ‚©‚η	¤’mi”φ’£j
‚½‚ν‚―	‚½‚ν‚―	y‚Ξ‚©z	‚Ξ‚©	¤’mi”φ’£EO‰Νj
‚ ‚¨‚ΐ	‚ ‚¨‚ΐ	yΒ‚ ‚΄z	‚ ‚¨‚ ‚΄	¤’mi–ΌΓ‰®j
‚ ‚©‚ι	‚ ‚©‚ι	y‚±‚Ϊ‚κ‚ιz	‚±‚Ϊ‚κ‚ι	¤’mi–ΌΓ‰®j
‚ ‚Α‚½‚³‚ρ	‚ ‚Α‚½‚³‚ρ	y”M“c_‹{z	‚ ‚Β‚½‚¶‚ρ‚®‚¤	¤’mi–ΌΓ‰®j
‚ ‚Α‚Ώ‚α‚±‚Α‚Ώ‚α	‚ ‚Α‚Ώ‚α‚±‚Α‚Ώ‚α	y”½‘ΞE‚ ‚Χ‚±‚Χz	‚Ν‚ρ‚½‚ΆE‚ ‚Χ‚±‚Χ	¤’mi–ΌΓ‰®j
‚ ‚ά‚½‚η‚±‚Ά	‚ ‚ά‚½‚η‚±‚Ά	yΓ‚·‚¬‚ιz	‚ ‚ά‚·‚¬‚ι	¤’mi–ΌΓ‰®j
‚ ‚η‚·‚©	‚ ‚η‚·‚©	y`‚Θ‚Άz	‚Θ‚Ά	¤’mi–ΌΓ‰®j
‚ ‚ρ‚«	‚ ‚ρ‚«	yΐSz	‚ ‚ρ‚µ‚ρ	¤’mi–ΌΓ‰®j
‚ ‚ρ‚½	‚ ‚ρ‚½	y‚ ‚Θ‚½z	‚ ‚Θ‚½	¤’mi–ΌΓ‰®j
‚ ‚ρ‚Ξ‚ζ‚¤	‚ ‚ρ‚Ξ‚ζ‚¤	y‹ο‡—Η‚­E‚¤‚ά‚­z	‚®‚ ‚Ά‚ζ‚­E‚¤‚ά‚­	¤’mi–ΌΓ‰®j
‚Ά‚Ά	‚Ά‚Ά	y‚µ‚β‚·‚Άz	‚µ‚β‚·‚Ά	¤’mi–ΌΓ‰®j
‚Ά‚©‚ρ	‚Ά‚©‚ρ	y‚Ύ‚ίz	‚Ύ‚ί	¤’mi–ΌΓ‰®j
‚Ά‚΄‚η‚©‚·	‚Ά‚΄‚η‚©‚·	y“®‚©‚·z	‚¤‚²‚©‚·	¤’mi–ΌΓ‰®j
‚Ά‚Α‚Β‚©	‚Ά‚Α‚Β‚©	y‚Ζ‚Α‚­‚Ιz	‚Ζ‚Α‚­‚Ι	¤’mi–ΌΓ‰®j
‚Ά‚ρ‚Ώ‚α‚ρ	‚Ά‚ρ‚Ώ‚α‚ρ	y‚¶‚α‚ρ‚―‚ρz	‚¶‚α‚ρ‚―‚ρ	¤’mi–ΌΓ‰®j
‚¦‚¦‚Δ	‚¦‚¦‚Δ	y‚Ά‚Ά‚Ε‚·z	‚Ά‚Ά‚Ε‚·	¤’mi–ΌΓ‰®j
‚¦‚©	‚¦‚©	y‚Ά‚Ά‚©‚Άz	‚Ά‚Ά‚©‚Ά	¤’mi–ΌΓ‰®j
‚¦‚η‚Ά	‚¦‚η‚Ά	y”ζ‚κ‚ιE‚µ‚ρ‚Η‚Άz	‚Β‚©‚κ‚ιE‚µ‚ρ‚Η‚Ά	¤’mi–ΌΓ‰®j
‚¨‚¤‚¶‚ε‚¤‚±‚­	‚¨‚¤‚¶‚ε‚¤‚±‚­	yΆ‚ιE‹κJ‚·‚ιz	‚±‚ά‚ιE‚­‚λ‚¤‚·‚ι	¤’mi–ΌΓ‰®j
‚¨‚¤‚Ώ‚α‚­	‚¨‚¤‚Ώ‚α‚­	y‚Θ‚ά‚―‚ιz	‚Θ‚ά‚―‚ι	¤’mi–ΌΓ‰®j
‚¨‚»‚ª‚Ά	‚¨‚»‚ª‚Ά	y‹°‚λ‚µ‚Άz	‚¨‚»‚λ‚µ‚Ά	¤’mi–ΌΓ‰®j
‚¨‚Α‚³‚ά	‚¨‚Α‚³‚ά	y‚¨–V‚³‚ρz	‚¨‚Ϊ‚¤‚³‚ρ	¤’mi–ΌΓ‰®j
‚¨‚Ϊ‚±‚Ά	‚¨‚Ϊ‚±‚Ά	yq‹‚Α‚Ϋ‚ΆE—c‚Άz	‚±‚Η‚ΰ‚Α‚Ϋ‚ΆE‚¨‚³‚Θ‚Ά	¤’mi–ΌΓ‰®j
‚¨‚Ϊ‚ν‚ι	‚¨‚Ϊ‚ν‚ι	yK“Ύ‚·‚ιz	‚µ‚γ‚¤‚Ζ‚­‚·‚ι	¤’mi–ΌΓ‰®j
‚©‚¤	‚©‚¤	yi®‚πj‚©‚―‚ιz	‚©‚―‚ι	¤’mi–ΌΓ‰®j
‚©‚µ‚α‚ρ	‚©‚µ‚α‚ρ	y‚Ύ‚λ‚¤‚©z	‚Ύ‚λ‚¤‚©	¤’mi–ΌΓ‰®j
‚©‚·	‚©‚·	y¤‚®z	‚Ζ‚®	¤’mi–ΌΓ‰®j
‚©‚ά‚¤	‚©‚ά‚¤	y–Κ“|‚έ‚ιE‚Ά‚¶‚ί‚ιz	‚ί‚ρ‚Η‚¤‚έ‚ιE‚Ά‚¶‚ί‚ι	¤’mi–ΌΓ‰®j
‚©‚β	‚©‚β	y‚Ε‚·‚©z	‚Ε‚·‚©	¤’mi–ΌΓ‰®j
‚ª‚β	‚ª‚β	y‹Α‚«‚π¦‚·z	‚¨‚Η‚λ‚«‚π‚µ‚ί‚·	¤’mi–ΌΓ‰®j
‚©‚η‚©‚·	‚©‚η‚©‚·	y‚µ‚Ω‚¤‚Ύ‚ΆE‚µ‚ά‚­‚ιz	‚µ‚Ω‚¤‚Ύ‚ΆE‚µ‚ά‚­‚ι	¤’mi–ΌΓ‰®j
‚©‚ν‚·	‚©‚ν‚·	y•¨‚ª“®‚©‚Θ‚Ά‚ζ‚¤‚Ι„Τ‚Ι‹²‚ήz	‚ΰ‚Μ‚ª‚¤‚²‚©‚Θ‚Ά‚ζ‚¤‚Ι‚·‚«‚ά‚Ι‚Ν‚³‚ή	¤’mi–ΌΓ‰®j
‚©‚ρ‚©‚ρ	‚©‚ρ‚©‚ρ	y‹σ‚«Κz	‚ ‚«‚©‚ρ	¤’mi–ΌΓ‰®j
‚©‚ρ‚±‚¤‚·‚ι	‚©‚ρ‚±‚¤‚·‚ι	yl‚¦‚ιEH•v‚·‚ιz	‚©‚ρ‚ª‚¦‚ιE‚­‚Σ‚¤‚·‚ι	¤’mi–ΌΓ‰®j
‚«‚Ά‚Θ‚Ά	‚«‚Ά‚Θ‚Ά	y‰©F‚Άz	‚«‚Ά‚λ‚Ά	¤’mi–ΌΓ‰®j
‚«‚Ώ‚«‚Ώ	‚«‚Ώ‚«‚Ώ	y‹‡‹όz	‚«‚γ‚¤‚­‚Β	¤’mi–ΌΓ‰®j
‚­‚­‚ι	‚­‚­‚ι	y”›‚ιz	‚µ‚Ξ‚ι	¤’mi–ΌΓ‰®j
‚­‚·‚Λ‚ι	‚­‚·‚Λ‚ι	y“‚ήz	‚Κ‚·‚ή	¤’mi–ΌΓ‰®j
i‚©‚Ιj‚­‚ν‚κ‚ι	i‰α‚Ιj‚­‚ν‚κ‚ι	yi‰α‚Ιjh‚³‚κ‚ιz	‚©‚Ι‚³‚³‚κ‚ι	¤’mi–ΌΓ‰®j
ƒPƒbƒ^	ƒPƒbƒ^	y©“]Τz	‚¶‚Δ‚ρ‚µ‚α	¤’mi–ΌΓ‰®j
‚°‚Θ	‚°‚Θ	y‚»‚¤‚Ύz	‚»‚¤‚Ύ	¤’mi–ΌΓ‰®j
‚―‚Θ‚ι‚Ά	‚―‚Θ‚ι‚Ά	y‚¤‚η‚β‚ά‚µ‚Άz	‚¤‚η‚β‚ά‚µ‚Ά	¤’mi–ΌΓ‰®j
‚±‚­	‚±‚­	yΎ‚¤E‚·‚ιz	‚Ά‚¤E‚·‚ι	¤’mi–ΌΓ‰®j
‚±‚»‚Ξ‚Ά	‚±‚»‚Ξ‚Ά	y‚­‚·‚®‚Α‚½‚Άz	‚­‚·‚®‚Α‚½‚Ά	¤’mi–ΌΓ‰®j
‚±‚Α‚·‚Ά	‚±‚Α‚·‚Ά	y‚Έ‚ι‚Άz	‚Έ‚ι‚Ά	¤’mi–ΌΓ‰®j
‚²‚Τ‚κ‚Ά‚µ‚ά‚·	‚²‚Τ‚κ‚Ά‚µ‚ά‚·	yΈ—η‚µ‚ά‚·z	‚µ‚Β‚κ‚Ά‚µ‚ά‚·	¤’mi–ΌΓ‰®j
‚±‚ν‚Ά	‚±‚ν‚Ά	yΕ‚Άz	‚©‚½‚Ά	¤’mi–ΌΓ‰®j
‚±‚ν‚―‚ι	‚±‚ν‚―‚ι	y‰σ‚κ‚ιz	‚±‚ν‚κ‚ι	¤’mi–ΌΓ‰®j
‚±‚ν‚·	‚±‚ν‚·	y•φ‚·z	‚­‚Έ‚·	¤’mi–ΌΓ‰®j
‚³‚Τ‚Ά	‚³‚Τ‚Ά	y¦‚Άz	‚³‚ή‚Ά	¤’mi–ΌΓ‰®j
‚³‚ή‚Ϊ‚λ	‚³‚ή‚Ϊ‚λ	y’Ή”§z	‚Ζ‚θ‚Ν‚Ύ	¤’mi–ΌΓ‰®j
‚΄‚η‚Ά‚½	‚΄‚η”Β	y‚·‚Μ‚±z	‚·‚Μ‚±	¤’mi–ΌΓ‰®j
‚µ‚½‚ι	‚µ‚½‚ι	y‚µ‚Δ‚ ‚ιE‚µ‚Δ‚ ‚°‚ιz	‚µ‚Δ‚ ‚ιE‚µ‚Δ‚ ‚°‚ι	¤’mi–ΌΓ‰®j
‚µ‚Δ‚Ώ‚ε‚¤	‚µ‚Δ‚Ώ‚ε‚¤	y`‚µ‚Δ‚­‚Ύ‚³‚Άz	‚µ‚Δ‚­‚Ύ‚³‚Ά	¤’mi–ΌΓ‰®j
‚µ‚Δ‚ά‚¤	‚µ‚Δ‚ά‚¤	y‚µ‚Δ‚ΰ‚η‚¤E‚µ‚Δ‚µ‚ά‚¤z	‚µ‚Δ‚ΰ‚η‚¤E‚µ‚Δ‚µ‚ά‚¤	¤’mi–ΌΓ‰®j
‚µ‚Ζ‚ι	‚µ‚Ζ‚ι	y‚µ‚Δ‚Ά‚ιz	‚µ‚Δ‚Ά‚ι	¤’mi–ΌΓ‰®j
‚µ‚β‚ ‚·	‚µ‚β‚ ‚·	y‚Θ‚³‚ιz	‚Θ‚³‚ι	¤’mi–ΌΓ‰®j
‚µ‚α‚±‚¤	ΤZ	y©“®ΤwZz	‚¶‚Η‚¤‚µ‚α‚ª‚Α‚±‚¤	¤’mi–ΌΓ‰®j
‚Ή‚ρ	‚Ή‚ρ	y`‚µ‚Θ‚Άz	‚µ‚Θ‚Ά	¤’mi–ΌΓ‰®j
‚Ύ‚ ‚Ύ‚ ‚Τ‚θ	‚Ύ‚ ‚Ύ‚ U‚θ	y‚Π‚Η‚Ά‰J~‚θz	‚Π‚Η‚Ά‚ ‚ί‚Σ‚θ	¤’mi–ΌΓ‰®j
‚½‚Ά‚ª‚Ά	‚½‚Ά‚ª‚Ά	y‚Ά‚Ά‚©‚°‚ρE’φXz	‚Ά‚Ά‚©‚°‚ρE‚Ω‚Η‚Ω‚Η	¤’mi–ΌΓ‰®j
‚Ύ‚Ύ‚­‚³	‚Ύ‚Ύ‚­‚³	yG‚ΙE–³‘Κ‚Ιz	‚΄‚Β‚ΙE‚ή‚Ύ‚Ι	¤’mi–ΌΓ‰®j
‚Ύ‚Ώ‚©‚ρ	‚Ύ‚Ώ‚©‚ρ	y‚Ύ‚ίE–π‚Ι—§‚½‚Θ‚Άz	‚Ύ‚ίE‚β‚­‚Ι‚½‚½‚Θ‚Ά	¤’mi–ΌΓ‰®j
‚Ύ‚Ε	‚Ύ‚Ε	y‚Ύ‚©‚ηE‚Θ‚Μ‚Εz	‚Ύ‚©‚ηE‚Θ‚Μ‚Ε	¤’mi–ΌΓ‰®j
‚Ύ‚Θ‚Ά	‚Ύ‚Θ‚Ά	y‚Ε‚Ν‚Θ‚Άz	‚Ε‚Ν‚Θ‚Ά	¤’mi–ΌΓ‰®j
‚½‚ν‚―	‚½‚ν‚―	y‚Ξ‚©E‚ ‚Ωz	‚Ξ‚©E‚ ‚Ω	¤’mi–ΌΓ‰®j
‚½‚ν‚―‚η‚µ‚Ά	‚½‚ν‚―‚η‚µ‚Ά	y‚Ξ‚©‚Ξ‚©‚µ‚ΆE–³Σ–΅‚Θz	‚Ξ‚©‚Ξ‚©‚µ‚ΆE‚ή‚Ά‚έ‚Θ	¤’mi–ΌΓ‰®j
‚½‚ρ‚Ρ	‚½‚ρ‚Ρ	y`‚Μ“x‚Ιz	`‚Μ‚½‚Ρ‚Ι	¤’mi–ΌΓ‰®j
‚Ώ‚Ά‚Ζ	‚Ώ‚Ά‚Ζ	y‚Ώ‚ε‚Α‚Ζz	‚Ώ‚ε‚Α‚Ζ	¤’mi–ΌΓ‰®j
‚Ώ‚α‚Α‚Ζ	‚Ώ‚α‚Α‚Ζ	y‚·‚®‚ΙE‹}‚Ά‚Εz	‚·‚®‚ΙE‚Ά‚»‚Ά‚Ε	¤’mi–ΌΓ‰®j
‚Ώ‚ε‚¤‚·	‚Ώ‚ε‚¤‚·	y‰Ί‚³‚ιz	‚­‚Ύ‚³‚ι	¤’mi–ΌΓ‰®j
‚Ώ‚ε‚¤‚·‚Ά‚Ζ‚ι	‚Ώ‚ε‚¤‚·‚Ά‚Ζ‚ι	yΠ’£‚ιE’²q‚Ιζ‚Α‚Δ‚Ά‚ιz	‚Ά‚Ξ‚ιE‚Ώ‚ε‚¤‚µ‚Ι‚Μ‚Α‚Δ‚Ά‚ι	¤’mi–ΌΓ‰®j
‚Ώ‚ε‚¤‚η‚©‚·	‚Ώ‚ε‚¤‚η‚©‚·	y‚²‚ά‚©‚·z	‚²‚ά‚©‚·	¤’mi–ΌΓ‰®j
‚Ώ‚ρ‚Ώ‚ρ	‚Ώ‚ρ‚Ώ‚ρ	y”M‚Άz	‚ ‚Β‚Ά	¤’mi–ΌΓ‰®j
‚Β‚©‚Ά‚³‚µ	‚Β‚©‚Ά‚³‚µ	yc‚θz	‚Μ‚±‚θ	¤’mi–ΌΓ‰®j
‚Β‚­‚Λ‚ι	‚Β‚­‚Λ‚ι	y–³‘Άμ‚ΙΟ‚έγ‚°‚η‚κ‚½σ‘Τz	‚ή‚Ό‚¤‚³‚Ι‚Β‚έ‚ ‚°‚η‚κ‚½‚¶‚ε‚¤‚½‚Ά	¤’mi–ΌΓ‰®j
‚Β‚Α‚Ζ	‚Β‚Α‚Ζ	y‚·‚®‚ΙE‚·‚ρ‚Θ‚θ‚ΖEΘ’P‚Ιz	‚·‚®‚ΙE‚·‚ρ‚Θ‚θ‚ΖE‚©‚ρ‚½‚ρ‚Ι	¤’mi–ΌΓ‰®j
‚Β‚ι	‚Β‚ι	y‰^‚Τz	‚Ν‚±‚Τ	¤’mi–ΌΓ‰®j
‚Β‚κ	A‚κ	y’‡ΤEg“ΰz	‚Θ‚©‚άE‚έ‚¤‚Ώ	¤’mi–ΌΓ‰®j
‚Ε‚η	‚Ε‚η	y‚ΰ‚Μ‚·‚²‚Άz	‚ΰ‚Μ‚·‚²‚Ά	¤’mi–ΌΓ‰®j
‚Ζ‚«‚ρ‚Ζ‚«‚ρ	‚Ζ‚«‚ρ‚Ζ‚«‚ρ	yλ‚Α‚Δ‚Ά‚ιz	‚Ζ‚ª‚Α‚Δ‚Ά‚ι	¤’mi–ΌΓ‰®j
‚Η‚Χ	‚Η‚Χ	yΕγEƒrƒz	‚³‚Ά‚²E‚Ρ‚θ	¤’mi–ΌΓ‰®j
‚Ζ‚λ‚Ά	‚Ζ‚λ‚Ά	y‚Ξ‚©E“έ‚ΆE‚Ϊ[‚Α‚Ζ‚µ‚Δ‚Ά‚ιz	‚Ξ‚©E‚Ι‚Τ‚ΆE‚Ϊ[‚Α‚Ζ‚µ‚Δ‚Ά‚ι	¤’mi–ΌΓ‰®j
‚Ζ‚λ‚­‚³‚Ά	‚Ζ‚λ‚­‚³‚Ά	y‚Ξ‚©‚Ξ‚©‚µ‚ΆE‚ ‚Ω‚η‚µ‚Άz	‚Ξ‚©‚Ξ‚©‚µ‚ΆE‚ ‚Ω‚η‚µ‚Ά	¤’mi–ΌΓ‰®j
‚Θ‚Τ‚ι	‚Θ‚Τ‚ι	yG‚ιz	‚³‚ν‚ι	¤’mi–ΌΓ‰®j
‚Θ‚ΰ	‚Θ‚ΰ	y‚Ε‚·‚Λz	‚Ε‚·‚Λ	¤’mi–ΌΓ‰®j
‚Θ‚ρ‚Ύ‚µ‚η‚ρ	‚Θ‚ρ‚Ύ‚µ‚η‚ρ	y‚Θ‚ρ‚Ύ‚©‚ζ‚­‚ν‚©‚η‚Θ‚Ά‚―‚Ηz	‚Θ‚ρ‚Ύ‚©‚ζ‚­‚ν‚©‚η‚Θ‚Ά‚―‚Η	¤’mi–ΌΓ‰®j
‚Ι‚·‚Ά	‚Ι‚·‚Ά	yΙ‚ΆEγ‚ΆE“έ‚Άz	‚δ‚ι‚ΆE‚ζ‚ν‚ΆE‚Ι‚Τ‚Ά	¤’mi–ΌΓ‰®j
‚Κ‚­‚Ζ‚Ά	‚Κ‚­‚Ζ‚Ά	y‰·‚©‚Άz	‚ ‚½‚½‚©‚Ά	¤’mi–ΌΓ‰®j
‚Λ‚Τ‚ι	‚Λ‚Τ‚ι	y‚Θ‚ί‚ιz	‚Θ‚ί‚ι	¤’mi–ΌΓ‰®j
‚Μ‚¤‚Θ‚ι	‚Μ‚¤‚Θ‚ι	y‚Θ‚­‚Θ‚ιE•΄Έ‚·‚ιz	‚Θ‚­‚Θ‚ιE‚Σ‚ρ‚µ‚Β‚·‚ι	¤’mi–ΌΓ‰®j
‚Ο[‚Ο[	‚Ο[‚Ο[	yJ‚―‚Α•ϊ‚µz	‚ ‚―‚Α‚Ο‚Θ‚µ	¤’mi–ΌΓ‰®j
‚Ν‚³‚©‚ι	‚Ν‚³‚©‚ι	y‹²‚ά‚ιz	‚Ν‚³‚ά‚ι	¤’mi–ΌΓ‰®j
‚Ξ‚Α‚©	‚Ξ‚Α‚©	y‚Ξ‚©‚θz	‚Ξ‚©‚θ	¤’mi–ΌΓ‰®j
‚Ν‚Ξ	‚Ν‚Ξ	y‚―ÒE’‡Τ‚Ν‚Έ‚κz	‚Μ‚―‚ΰ‚ΜE‚Θ‚©‚ά‚Ν‚Έ‚κ	¤’mi–ΌΓ‰®j
‚Ν‚ζ	‚Ν‚ζ	y‘‚­z	‚Ν‚β‚­	¤’mi–ΌΓ‰®j
‚Ρ[‚µ	B†	yB0ƒTƒCƒY‚Μ†z	ƒr[ƒ[ƒƒTƒCƒY‚Μ‚©‚έ	¤’mi–ΌΓ‰®j
‚Ò‚Ά	‚Ò‚Ά	y‚Ώ‚ε‚«z	‚Ώ‚ε‚«	¤’mi–ΌΓ‰®j
‚Π‚µ‚α‚―‚ι	‚Π‚µ‚α‚―‚ι	y’Χ‚κ‚ιz	‚Β‚Τ‚κ‚ι	¤’mi–ΌΓ‰®j
‚Ρ‚½‚Ρ‚½	‚Ρ‚½‚Ρ‚½	y‚Ρ‚Α‚µ‚ε‚θ”G‚κ‚ιz	‚Ρ‚Α‚µ‚ε‚θ‚Κ‚κ‚ι	¤’mi–ΌΓ‰®j
‚Π‚Α‚Β‚­	‚Π‚Α‚Β‚­	y’£‚θ•t‚­z	‚Ν‚θ‚Β‚­	¤’mi–ΌΓ‰®j
‚Σ‚Ώ‚Α‚±	‚Σ‚Ώ‚Α‚±	y‚Ν‚µ‚Α‚±z	‚Ν‚µ‚Α‚±	¤’mi–ΌΓ‰®j
‚Ϊ‚¤	‚Ϊ‚¤	y’Η‚¤E’Η‚Ά‚©‚―‚ιz	‚¨‚¤E‚¨‚Ά‚©‚―‚ι	¤’mi–ΌΓ‰®j
‚Ω‚¤‚©	‚Ω‚¤‚©	y‹x‚έΤz	‚β‚·‚έ‚¶‚©‚ρ	¤’mi–ΌΓ‰®j
‚Ω‚¤‚©	‚Ω‚¤‚©	y‚»‚¤‚©z	‚»‚¤‚©	¤’mi–ΌΓ‰®j
‚Ω‚¤‚Ύ‚ª‚Λ	‚Ω‚¤‚Ύ‚ª‚Λ	y‚»‚¤‚Ύ‚ζz	‚»‚¤‚Ύ‚ζ	¤’mi–ΌΓ‰®j
‚Ω‚©‚ι	‚Ω‚©‚ι	yΜ‚Δ‚ιz	‚·‚Δ‚ι	¤’mi–ΌΓ‰®j
‚Ϊ‚Α‚³‚Ά	‚Ϊ‚Α‚³‚Ά	yΓ‚Ϊ‚―‚½E‚Ϊ‚λ‚Ϊ‚λz	‚Σ‚ι‚Ϊ‚―‚½E‚Ϊ‚λ‚Ϊ‚λ	¤’mi–ΌΓ‰®j
‚Ϊ‚λ	‚Ϊ‚λ	yΌ]z	‚µ‚Α‚µ‚ρ	¤’mi–ΌΓ‰®j
‚Ω‚ρ‚Ύ‚Ε	‚Ω‚ρ‚Ύ‚Ε	y‚Ύ‚©‚ηz	‚Ύ‚©‚η	¤’mi–ΌΓ‰®j
‚ά‚ 	‚ά‚ 	y‚ΰ‚¤z	‚ΰ‚¤	¤’mi–ΌΓ‰®j
‚ά‚Ά	‚ά‚Ά	y`‚µ‚ζ‚¤z	`‚µ‚ζ‚¤	¤’mi–ΌΓ‰®j
‚ά‚Α‚Β‚‚©‚β	‚ά‚Α‚Β‚‚©‚β	yΌβ‰®z	‚ά‚Β‚΄‚©‚β	¤’mi–ΌΓ‰®j
‚ά‚Α‚Ζ	‚ά‚Α‚Ζ	y‚ΰ‚Α‚Ζz	‚ΰ‚Α‚Ζ	¤’mi–ΌΓ‰®j
‚ά‚Α‚Ψ‚ρ	‚ά‚Α‚Ψ‚ρ	y‚ΰ‚¤κ“xz	‚ΰ‚¤‚Ά‚Ώ‚Η	¤’mi–ΌΓ‰®j
‚ά‚ν‚µ	‚ά‚ν‚µ	y€”υEx“xz	‚¶‚γ‚ρ‚ΡE‚µ‚½‚­	¤’mi–ΌΓ‰®j
‚ί‚Ά‚¦‚«	–Ό‰w	y–ΌΓ‰®‰wz	‚Θ‚²‚β‚¦‚«	¤’mi–ΌΓ‰®j
‚ί‚Ά‚Ύ‚Ά	–Ό‘ε	y–ΌΓ‰®‘εwz	‚Θ‚²‚β‚Ύ‚Ά‚ª‚­	¤’mi–ΌΓ‰®j
‚ί‚Ώ‚α‚ρ‚±	‚ί‚Ώ‚α‚ρ‚±	y‚ί‚Ώ‚α‚­‚Ώ‚αz	‚ί‚Ώ‚α‚­‚Ώ‚α	¤’mi–ΌΓ‰®j
‚ί‚Α‚»	‚ί‚Α‚»	y–Ϊ•ª—Κz	‚ί‚Τ‚ρ‚θ‚ε‚¤	¤’mi–ΌΓ‰®j
‚ί‚ρ‚Ϊ	‚ί‚ρ‚Ϊ	y‚ΰ‚Μ‚ΰ‚η‚Άz	‚ΰ‚Μ‚ΰ‚η‚Ά	¤’mi–ΌΓ‰®j
‚ΰ‚¤‚Ν‚Ά	‚ΰ‚¤‚Ν‚Ά	y‚ΰ‚¤E‚·‚Ε‚Ιz	‚ΰ‚¤E‚·‚Ε‚Ι	¤’mi–ΌΓ‰®j
‚ΰ‚¤‚β‚Α‚±	‚ΰ‚¤‚β‚Α‚±	y‹¤“―—Lz	‚«‚ε‚¤‚Η‚¤‚µ‚ε‚δ‚¤	¤’mi–ΌΓ‰®j
‚ΰ‚λ	‚ΰ‚λ	y‘S•”E‚ά‚ι‚²‚Ζz	‚Ί‚ρ‚ΤE‚ά‚ι‚²‚Ζ	¤’mi–ΌΓ‰®j
‚ΰ‚ρ	‚ΰ‚ρ	y•¨z	‚ΰ‚Μ	¤’mi–ΌΓ‰®j
‚β‚®‚Ά	‚β‚®‚Ά	y‹­“x‚ªγ‚Άz	‚«‚ε‚¤‚Η‚ª‚ζ‚ν‚Ά	¤’mi–ΌΓ‰®j
‚β‚―‚Έ‚ι	‚β‚―‚Έ‚ι	y‰Ξ‚·‚ιz	‚β‚―‚Η‚·‚ι	¤’mi–ΌΓ‰®j
‚β‚Α‚Ζ‚©‚ί	‚β‚Α‚Ζ‚©‚ί	y‹v‚µ‚Τ‚θz	‚Π‚³‚µ‚Τ‚θ	¤’mi–ΌΓ‰®j
‚ζ‚¤‚―	‚ζ‚¤‚―	y‚½‚­‚³‚ρz	‚½‚­‚³‚ρ	¤’mi–ΌΓ‰®j
‚ζ‚Α‚½	‚ζ‚Α‚½	y`‚µ‚½z	`‚µ‚½	¤’mi–ΌΓ‰®j
‚ζ‚Ξ‚κ‚ι	‚ζ‚Ξ‚κ‚ι	y‚²’y‘–‚Ι‚Θ‚ιz	‚²‚Ώ‚»‚¤‚Ι‚Θ‚ι	¤’mi–ΌΓ‰®j
‚θ‚α‚ ‚·	‚θ‚α‚ ‚·	yi`‚µ‚Δj‚Ά‚η‚Α‚µ‚α‚ιz	i`‚µ‚Δj‚Ά‚η‚Α‚µ‚α‚ι	¤’mi–ΌΓ‰®j
‚ν‚β	‚ν‚β	y‘δ–³‚µz	‚Ύ‚Ά‚Θ‚µ	¤’mi–ΌΓ‰®j
‚ ‚©‚ρ	‚ ‚©‚ρ	y‚Ύ‚ί‚ΎEψ‰Κ‚ª‚Θ‚ΆE‚ή‚Ύz	‚Ύ‚ί‚ΎE‚±‚¤‚©‚ª‚Θ‚ΆE‚ή‚Ύ	‹“s
‚ ‚©‚ρ	‚ ‚©‚ρ	y‚µ‚Δ‚Ν‚Ά‚―‚Θ‚Άz	‚µ‚Δ‚Ν‚Ά‚―‚Θ‚Ά	‹“s
‚ ‚ª‚ι	‚ ‚ª‚ι	y–k‚Φs‚­z	‚«‚½‚Φ‚Ά‚­	‹“s
‚ ‚¶‚Θ‚Ά	‚ ‚¶‚Θ‚Ά	yH‚Χ•¨‚ª‚ά‚Έ‚ΆE‚¨‚Ά‚µ‚­‚Θ‚Άz	‚½‚Χ‚ΰ‚Μ‚ª‚ά‚Έ‚ΆE‚¨‚Ά‚µ‚­‚Θ‚Ά	‹“s
‚ ‚Δ	‚ ‚Δ	y„z	‚ν‚½‚µ	‹“s
‚ ‚ά‚¦‚½	‚ ‚ά‚¦‚½	yΓ‚¦‚ρ–Vz	‚ ‚ά‚¦‚ρ‚Ϊ‚¤	‹“s
‚Ά‚©	‚Ά‚©	y‘ϊz	‚½‚±	‹“s
‚Ά‚«‚µE‚Ά‚«‚µ‚Θ	‚Ά‚«‚µE‚Ά‚«‚µ‚Θ	ys‚«‚ª‚―z	‚Ά‚«‚ª‚―	‹“s
‚Ά‚Ώ‚Ρ‚ι	‚Ά‚Ώ‚Ρ‚ι	y’²q‚Ιζ‚ιE’²q‚Ιζ‚Α‚Δ‚Σ‚΄‚―‚ιz	‚Ώ‚ε‚¤‚µ‚Ι‚Μ‚ιE‚Ώ‚ε‚¤‚µ‚Ι‚Μ‚Α‚Δ‚Σ‚΄‚―‚ι	‹“s
‚Ά‚η‚¤	‚Ά‚η‚¤	y•¨‚ΙG‚ιE‚Ά‚¶‚ιz	‚ΰ‚Μ‚Ι‚³‚ν‚ιE‚Ά‚¶‚ι	‹“s
‚Ά‚η‚Ώ	‚Ά‚η‚Ώ	y‚Ή‚©‚Ή‚©‚µ‚Δ—‚Ώ’…‚«‚Μ‚Θ‚ΆlE‚Ή‚Α‚©‚Ώ‚Θlz	‚Ή‚©‚Ή‚©‚µ‚Δ‚¨‚Ώ‚Β‚«‚Μ‚Θ‚Ά‚Π‚ΖE‚Ή‚Α‚©‚Ώ‚Θ‚Π‚Ζ	‹“s
‚Ά‚η‚β‚«	‚Ά‚η‚β‚«	y¶Δ‚―z	‚Θ‚ά‚β‚―	‹“s
`‚¦	`‚¦	y`‚ζEy‚­”O‚π‰‚·z	`‚ζE‚©‚ι‚­‚Λ‚ρ‚π‚¨‚·	‹“s
‚¦‚Έ‚­	‚¦‚Έ‚­	y“f‚«‹C‚π‚ΰ‚ζ‚¨‚·Eq“f‚·‚ιE“f‚­z	‚Ν‚«‚―‚π‚ΰ‚ζ‚¨‚·E‚¨‚¤‚Ζ‚·‚ιE‚Ν‚­	‹“s
‚¦‚η‚Ά	‚¦‚η‚Ά	y‚Έ‚Ά‚Τ‚ρE‘ε‘wz	‚Έ‚Ά‚Τ‚ρE‚½‚Ά‚»‚¤	‹“s
‚¦‚ρ‚Ξ‚ρ‚Ζ	‚¦‚ρ‚Ξ‚ρ‚Ζ	y‚ ‚Ά‚Ι‚­Eά‚θ«‚µ‚­z	‚ ‚Ά‚Ι‚­E‚¨‚θ‚ ‚µ‚­	‹“s
‚¨‚ ‚°‚³‚ρ	‚¨‚ ‚°‚³‚ρ	y–ϋ—g‚°z	‚ ‚Τ‚η‚ ‚°	‹“s
‚¨‚Ά‚Ά‚ι	‚¨‚Ά‚Ά‚ι	y‚¨‚Α‚µ‚α‚ιz	‚¨‚Α‚µ‚α‚ι	‹“s
‚¨‚­‚Η‚³‚ρ	‚¨‚­‚Η‚³‚ρ	y‚©‚ά‚Ηz	‚©‚ά‚Η	‹“s
‚¨‚³‚ª‚θ	‚¨‚³‚ª‚θ	y‰J~‚θz	‚ ‚ί‚Σ‚θ	‹“s
‚¨‚³‚ª‚θ	‚¨‚³‚ª‚θ	y_•§‚Φ‚Μ‹‚¦•¨‚π‰Ί‚°‚½‚ΰ‚Μz	‚µ‚ρ‚Τ‚Β‚Φ‚Μ‚»‚Θ‚¦‚ΰ‚Μ‚π‚³‚°‚½‚ΰ‚Μ	‹“s
`‚¨‚µE`‚ζ‚µ	`‚¨‚µE`‚ζ‚µ	y`‚Θ‚³‚Άz	`‚Θ‚³‚Ά	‹“s
‚¨‚·	‚¨‚·	y‚²‚΄‚Ά‚ά‚·z	‚²‚΄‚Ά‚ά‚·	‹“s
‚¨‚Δ‚µ‚ε[	‚¨‚Δ‚µ‚ε[	y¬MEθ‰–Mz	‚±‚΄‚ηE‚Δ‚µ‚¨‚΄‚η	‹“s
‚¨‚Δ‚ά‚Ά‚θ	‚¨‚Δ‚ά‚Ά‚θ	yθΤ‚Μ‚©‚©‚ι‚±‚Ζz	‚Δ‚ά‚Μ‚©‚©‚ι‚±‚Ζ	‹“s
‚¨‚Ξ‚ρ‚΄‚Ά	‚¨‚Ξ‚ρ‚΄‚Ά	y‚Σ‚Ύ‚ρ‚Μ“ϊ‚Μ‚¨‘yΨz	‚Σ‚Ύ‚ρ‚Μ‚Π‚Μ‚¨‚»‚¤‚΄‚Ά	‹“s
‚¨`‚β‚·	‚¨`‚β‚·	y`‚Θ‚³‚Ά‚ά‚·z	`‚Θ‚³‚Ά‚ά‚·	‹“s
‚©‚΄	‚©‚΄	yE‚Ι‚¨‚Άz	‚©‚¨‚θE‚Ι‚¨‚Ά	‹“s
‚©‚Ώ‚ρE‚¨‚©‚Ώ‚ρ	‚©‚Ώ‚ρE‚¨‚©‚Ώ‚ρ	y–έz	‚ΰ‚Ώ	‹“s
‚©‚Θ‚ρ	‚©‚Θ‚ρ	y‚Ά‚β‚ΎEΆ‚ιz	‚Ά‚β‚ΎE‚±‚ά‚ι	‹“s
‚©‚ρ‚±‚­‚³‚Ά	‚©‚ρ‚±‚­‚³‚Ά	y‚«‚Θ‚­‚³‚ΆE‚±‚°‚­‚³‚Άz	‚«‚Θ‚­‚³‚ΆE‚±‚°‚­‚³‚Ά	‹“s
‚«‚³‚ρ‚¶	‚«‚³‚ρ‚¶	y‹Cyz	‚«‚η‚­	‹“s
‚«‚Θ‚µ‚Ϊ	‚«‚Θ‚µ‚Ϊ	y‚β‚ι‹C‚Μ‚Θ‚Άlz	‚β‚ι‚«‚Μ‚Θ‚Ά‚Π‚Ζ	‹“s
‚«‚Ξ‚ι	‚«‚Ξ‚ι	y‚ª‚ρ‚Ξ‚ιz	‚ª‚ρ‚Ξ‚ι	‹“s
‚«‚ε[‚Ρ	‚«‚ε[‚Ρ	y‚Ά‚ά‚Η‚«E‹ί EΕ‹ίz	‚Ά‚ά‚Η‚«E‚Ώ‚©‚²‚λE‚³‚Ά‚«‚ρ	‹“s
‚―‚Θ‚ι‚Ά	‚―‚Θ‚ι‚Ά	y‚¤‚η‚β‚ά‚µ‚Άz	‚¤‚η‚β‚ά‚µ‚Ά	‹“s
‚±‚°‚Β‚«	‚±‚°‚Β‚«	y‘c•ƒΘ—’·‚­‚»‚Μ“y’n‚ΙZ‚ρ‚Ε‚Ά‚ι‚±‚Ζz	‚»‚Σ‚Ά‚η‚Ά‚Θ‚ª‚­‚»‚Μ‚Ζ‚Ώ‚Ι‚·‚ρ‚Ε‚Ά‚ι‚±‚Ζ	‹“s
‚±‚½‚Ώ	‚±‚½‚Ώ	y‘Όl‚Μqz	‚½‚Ι‚ρ‚Μ‚±	‹“s
‚±‚Θ‚Ά‚Ύ‚¤‚Ώ	‚±‚Θ‚Ά‚Ύ‚¤‚Ώ	y‚±‚Μ‚ ‚Ά‚ΎEζ‚Ύ‚Α‚Δz	‚±‚Μ‚ ‚Ά‚ΎE‚Ή‚ρ‚Ύ‚Α‚Δ	‹“s
‚±[‚Ζ‚Θ	‚±[‚Ζ‚Θ	y’n–΅‚Εγ•i‚Θz	‚¶‚έ‚Ε‚¶‚ε‚¤‚Π‚ρ‚Θ	‹“s
‚³‚©‚Άi‚Ιj	‚³‚©‚Άi‚Ιj	y`‚©‚ηz	`‚©‚η	‹“s
`‚µ	`‚µ	y`‚©‚ηE`‚Μ‚Εz	`‚©‚ηE`‚Μ‚Ε	‹“s
`‚µ‚©	`‚µ‚©	y`‚ζ‚θz	`‚ζ‚θ	‹“s
‚µ‚ά‚Β‚·‚ι	‚µ‚ά‚Β‚·‚ι	yί–ρ‚·‚ιE–ρ‚·‚ιz	‚Ή‚Β‚β‚­‚·‚ιE‚―‚ρ‚β‚­‚·‚ι	‹“s
‚µ‚ρ‚«‚­‚³‚Ά	‚µ‚ρ‚«‚­‚³‚Ά	y‚ΰ‚Η‚©‚µ‚ΆE‚¶‚κ‚Α‚½‚Άz	‚ΰ‚Η‚©‚µ‚ΆE‚¶‚κ‚Α‚½‚Ά	‹“s
‚µ‚ρ‚Η‚Ά	‚µ‚ρ‚Η‚Ά	y‚­‚½‚Ρ‚κ‚Δ‚Ά‚ιz	‚­‚½‚Ρ‚κ‚Δ‚Ά‚ι	‹“s
‚µ‚ρ‚Η‚Ά	‚µ‚ρ‚Η‚Ά	y‚ªά‚κ‚ιE‘ε•Ο‚Ε‚ ‚ιz	‚Ω‚Λ‚ª‚¨‚κ‚ιE‚½‚Ά‚Φ‚ρ‚Ε‚ ‚ι	‹“s
‚·‚ΰ‚¶	‚·‚ΰ‚¶	y‚·‚µ‚π’”J‚ΙΎ‚¤κz	‚·‚µ‚π‚Δ‚Ά‚Λ‚Ά‚Ι‚Ά‚¤‚²	‹“s
‚½‚­	‚½‚­	yΟ‚ιz	‚Ι‚ι	‹“s
‚Β‚λ‚­‚·‚ι	‚Β‚λ‚­‚·‚ι	y’²a‚ª‚Ζ‚κ‚ιz	‚Ώ‚ε‚¤‚ν‚ª‚Ζ‚κ‚ι	‹“s
‚Δ‚ρ‚²	‚Δ‚ρ‚²	y«‚Σ‚΄‚―E‚Ά‚½‚Έ‚ηz	‚ν‚ι‚Σ‚΄‚―E‚Ά‚½‚Έ‚η	‹“s
`‚Ζ[‚έ	`‚Ζ[‚έ	y`‚µ‚Δ‚²‚η‚ρE`‚µ‚Δ‚²‚η‚ρ‚Θ‚³‚Άz	`‚µ‚Δ‚²‚η‚ρE`‚µ‚Δ‚²‚η‚ρ‚Θ‚³‚Ά	‹“s
‚Θ‚¨‚·	‚Θ‚¨‚·	y‚µ‚ά‚¤E•Π‚Γ‚―‚ιz	‚µ‚ά‚¤E‚©‚½‚Γ‚―‚ι	‹“s
‚Θ‚ή‚Θ‚ή	‚Θ‚ή‚Θ‚ή	y‚ά‚Έ‚ά‚ΈE‚ά‚ ‚ά‚ z	‚ά‚Έ‚ά‚ΈE‚ά‚ ‚ά‚ 	‹“s
‚Ι‚¨‚®	‚Ι‚¨‚®	y“υ‚Ά‚πk‚®z	‚Ι‚¨‚Ά‚π‚©‚®	‹“s
‚Μ‚­	‚Μ‚­	y‚Η‚­E‚ζ‚―‚ιz	‚Η‚­E‚ζ‚―‚ι	‹“s
`‚Ν‚ι	`‚Ν‚ι	y•β•“®E‘ΈhE’”J‚ΜΣz	‚Ω‚¶‚ε‚Η‚¤‚µE‚»‚ρ‚―‚ΆE‚Δ‚Ά‚Λ‚Ά‚Μ‚Ά	‹“s
‚Ν‚ρ‚Θ‚θ	‚Ν‚ρ‚Θ‚θ	y–Ύ‚ι‚­‚Δγ•i‚Θz	‚ ‚©‚ι‚­‚Δ‚¶‚ε‚¤‚Π‚ρ‚Θ	‹“s
‚Φ‚ρ‚Λ‚µ	‚Φ‚ρ‚Λ‚µ	y‚·‚Λ‚ι‚±‚ΖE‚Λ‚ή‚½‚Ά‚±‚Ζz	‚·‚Λ‚ι‚±‚ΖE‚Λ‚ή‚½‚Ά‚±‚Ζ	‹“s
‚Ω‚©‚·	‚Ω‚©‚·	yΜ‚Δ‚ιz	‚·‚Δ‚ι	‹“s
‚Ω‚½‚¦‚ι	‚Ω‚½‚¦‚ι	y‚Σ‚΄‚―‚Δ‘›‚®E–\‚κ‚ιz	‚Σ‚΄‚―‚Δ‚³‚ν‚®E‚ ‚Ξ‚κ‚ι	‹“s
‚Ω‚Α‚±‚θ‚·‚ι	‚Ω‚Α‚±‚θ‚·‚ι	y‚Ω‚Α‚Ζ‚·‚ιz	‚Ω‚Α‚Ζ‚·‚ι	‹“s
‚Ω‚ρ‚ά	‚Ω‚ρ‚ά	y–{“–E^ΐz	‚Ω‚ρ‚Ζ‚¤E‚µ‚ρ‚¶‚Β	‹“s
‚ά‚Α‚½‚θ	‚ά‚Α‚½‚θ	y‚β‚ν‚η‚©‚­‚¨‚Ύ‚β‚©z	‚β‚ν‚η‚©‚­‚¨‚Ύ‚β‚©	‹“s
‚ά‚Η‚·	‚ά‚Η‚·	y•Ω‚·‚ιz	‚Χ‚ρ‚µ‚ε‚¤‚·‚ι	‹“s
‚ή‚µ‚β‚µ‚Θ‚Ά	‚ή‚µ‚β‚µ‚Θ‚Ά	yHΤ‚Μy‚ΆH‚Χ•¨z	‚µ‚ε‚Α‚©‚ρ‚Μ‚©‚ι‚Ά‚½‚Χ‚ΰ‚Μ	‹“s
‚ΰ‚έ‚Θ‚Ά	‚ΰ‚έ‚Θ‚Ά	y–΅‚Θ‚ΆE‚¨‚Ά‚µ‚­‚Θ‚Άz	‚ ‚¶‚Θ‚ΆE‚¨‚Ά‚µ‚­‚Θ‚Ά	‹“s
‚ΰ‚η‚Ά‚Έ‚Δ	‚ΰ‚η‚Ά‚Έ‚Δ	y‘΅‚θ•¨‚π‚ΰ‚η‚Α‚Δ‚¨•Τ‚µ‚π‚µ‚Θ‚Ά‚±‚Ζz	‚¨‚­‚θ‚ΰ‚Μ‚π‚ΰ‚η‚Α‚Δ‚¨‚©‚¦‚µ‚π‚µ‚Θ‚Ά‚±‚Ζ	‹“s
‚β‚Ι‚±‚Ά	‚β‚Ι‚±‚Ά	y‰σ‚κ‚β‚·‚ΆE‚Πγ‚Άz	‚±‚ν‚κ‚β‚·‚ΆE‚Π‚ζ‚ν‚Ά	‹“s
‚ζ‚ί‚Ά‚θ	‚ζ‚ί‚Ά‚θ	y–α‚Ά•¨‚π‚½‚η‚Ά‰ρ‚µ‚Ι‚·‚ι‚±‚Ζz	‚ΰ‚η‚Ά‚ΰ‚Μ‚π‚½‚η‚Ά‚ά‚ν‚µ‚Ι‚·‚ι‚±‚Ζ	‹“s
‚ν‚η‚―‚ι	‚ν‚η‚―‚ι	y‚Β‚ΆΞ‚Α‚Δ‚µ‚ά‚¤z	‚Β‚Ά‚ν‚η‚Α‚Δ‚µ‚ά‚¤	‹“s
‚¬‚ε[‚³‚ρ	‚¬‚ε[‚³‚ρ	y‚½‚­‚³‚ρz	‚½‚­‚³‚ρ	‹“s
‚®‚Β‚ν‚ι‚Ά	‚®‚Β‚ν‚ι‚Ά	y“s‡‚ª«‚Άz	‚Β‚²‚¤‚ª‚ν‚ι‚Ά	‹“s
‚Ύ‚ρ‚Θ‚Ά	‚Ύ‚ρ‚Θ‚Ά	y‚³‚µ‚Β‚©‚¦‚Θ‚Άz	‚³‚µ‚Β‚©‚¦‚Θ‚Ά	‹“s
`‚Η‚·	`‚Η‚·	y`‚Ε‚·z	`‚Ε‚·	‹“s
‚Τ‚Α‚Ώ‚α‚―‚½‚Ν‚Θ‚µ	‚Τ‚Α‚Ώ‚α‚―‚½‚Ν‚Θ‚µ	y‘Ε‚Ώ–Ύ‚―‚½bE‚Ω‚ρ‚Ζ‚Μ‚Ζ‚±‚λz	‚¤‚Ώ‚ ‚―‚½‚Ν‚Θ‚µE‚Ω‚ρ‚Ζ‚Μ‚Ζ‚±‚λ	‹“s
‚Χ‚Χ‚½‚±	‚Χ‚Χ‚½‚±	y‚Ρ‚θEΕ‰ΊΚz	‚Ρ‚θE‚³‚Ά‚©‚Ά	‹“s
‚ ‚©‚ρ	‚ ‚©‚ρ	y‚Ύ‚ί‚ΎE–π‚Ι—§‚½‚Θ‚Άz	‚Ύ‚ί‚ΎE‚β‚­‚Ι‚½‚½‚Θ‚Ά	‹“s
‚ ‚±	‚ ‚±	y‚ ‚»‚±z	‚ ‚»‚±	‹“s
‚ ‚Α‚½‚±	‚ ‚Α‚½‚±	y’g‚©‚­z	‚ ‚½‚½‚©‚­	‹“s
‚ ‚Θ‚Ά‚µ‚Δ	‚ ‚Θ‚Ά‚µ‚Δ	y‚ ‚Μ‚ζ‚¤‚Ι‚µ‚Δz	‚ ‚Μ‚ζ‚¤‚Ι‚µ‚Δ	‹“s
‚ ‚ί‚³‚ρ	‚ ‚ί‚³‚ρ	yΉi—«κjz	‚ ‚ίi‚¶‚ε‚Ή‚Ά‚²j	‹“s
‚ ‚η‚­‚½‚Ά	‚ ‚η‚­‚½‚Ά	yr‚Α‚Ϋ‚ΆEθrz	‚ ‚η‚Α‚Ϋ‚ΆE‚Δ‚ ‚η	‹“s
‚ ‚β‚©‚ά‚Α‚³‚ρ‚Η‚µ‚½	‚ ‚β‚©‚ά‚Α‚³‚ρ‚Η‚µ‚½	y‚¨‘›‚ª‚Ή‚µ‚ά‚µ‚½z	‚¨‚³‚ν‚ª‚Ή‚µ‚ά‚µ‚½	‹“s
‚ ‚ρ‚¶‚ε[	‚ ‚ρ‚¶‚ε[	yγθ‚Ιz	‚¶‚ε‚¤‚Έ‚Ι	‹“s
‚Ά‚«‚ι	‚Ά‚«‚ι	y’²q‚Ι‚Μ‚ιz	‚Ώ‚ε‚¤‚µ‚Ι‚Μ‚ι	‹“s
‚Ά‚―‚Έ	‚Ά‚―‚Έ	yΣ’n«z	‚Ά‚¶‚ν‚ι	‹“s
‚Ά‚Ώ‚°‚ρ‚³‚ρ	‚Ά‚Ώ‚°‚ρ‚³‚ρ	y‚»‚Μ“X‚Ι‚Ζ‚Α‚Δ‰‚ί‚Δ‚Μ‹qz	‚»‚Μ‚έ‚Ή‚Ι‚Ζ‚Α‚Δ‚Ν‚¶‚ί‚Δ‚Μ‚«‚α‚­	‹“s
‚Ά[‚Π‚ρ	‚Ά[‚Π‚ρ	y‚Ά‚Θ‚Άz	‚Ά‚Θ‚Ά	‹“s
‚Ά‚η‚¤	‚Ά‚η‚¤	yG‚ιE‚ΰ‚Δ‚ ‚»‚Τz	‚³‚ν‚ιE‚ΰ‚Δ‚ ‚»‚Τ	‹“s
‚Ά‚η‚Ώ	‚Ά‚η‚Ώ	y—‚Ώ’…‚«‚Μ‚Θ‚Άz	‚¨‚Ώ‚Β‚«‚Μ‚Θ‚Ά	‹“s
‚¤‚Β‚η‚Ν‚ι	‚¤‚Β‚η‚Ν‚ι	y—‡‚Α‚Δ‚¨‚η‚κ‚ιz	‚Ι‚ ‚Α‚Δ‚¨‚η‚κ‚ι	‹“s
‚¤‚Β‚ι	‚¤‚Β‚ι	y—‡‚¤E’²a‚·‚ιz	‚Ι‚ ‚¤E‚Ώ‚ε‚¤‚ν‚·‚ι	‹“s
‚¦[‚Ι‚ε[‚Ϊ[	‚¦[‚Ι‚ε[‚Ϊ[	y‚Ά‚Ά—E”όlz	‚Ά‚Ά‚¨‚ρ‚ΘE‚Ρ‚¶‚ρ	‹“s
‚¦‚°‚Β‚Θ‚Ά	‚¦‚°‚Β‚Θ‚Ά	y‚Π‚Η‚Άz	‚Π‚Η‚Ά	‹“s
‚¦‚Έ‚­‚λ‚µ‚Ά	‚¦‚Έ‚­‚λ‚µ‚Ά	y‚­‚Η‚­‚Η‚µ‚Άz	‚­‚Η‚­‚Η‚µ‚Ά	‹“s
‚¦‚ρ‚Ξ‚ρ‚Ζ	‚¦‚ρ‚Ξ‚ρ‚Ζ	y‚ ‚Ά‚Ι‚­z	‚ ‚Ά‚Ι‚­	‹“s
‚¨‚Ά‚½	‚¨‚Ά‚½	y‚©‚ά‚Ϊ‚±z	‚©‚ά‚Ϊ‚±	‹“s
‚¨‚Ά‚Ε‚β‚·	‚¨‚Ά‚Ε‚β‚·	y‚Ά‚η‚Α‚µ‚α‚Άz	‚Ά‚η‚Α‚µ‚α‚Ά	‹“s
‚¨‚Ά‚Η	‚¨‚Ά‚Η	y‚¨‚µ‚θz	‚¨‚µ‚θ	‹“s
‚¨‚Ά‚Θ‚Ά	‚¨‚Ά‚Θ‚Ά	y‚¨‚Ά‚Ε‚Θ‚³‚Άz	‚¨‚Ά‚Ε‚Θ‚³‚Ά	‹“s
‚¨‚Ά‚Θ‚θ	‚¨‚Ά‚Θ‚θ	y‚Ά‚η‚Α‚µ‚α‚Ά‚ζz	‚Ά‚η‚Α‚µ‚α‚Ά‚ζ	‹“s
‚¨‚¨‚«‚Ι	‚¨‚¨‚«‚Ι	y‚ ‚θ‚ª‚Ζ‚¤z	‚ ‚θ‚ª‚Ζ‚¤	‹“s
‚¨‚©‚Ώ‚ε	‚¨‚©‚Ώ‚ε	y‰α’ z	‚©‚β	‹“s
‚¨‚©‚Ϊ	‚¨‚©‚Ϊ	y‚©‚Ϊ‚Ώ‚αz	‚©‚Ϊ‚Ώ‚α	‹“s
‚¨‚«‚Ξ‚θ‚β‚·	‚¨‚«‚Ξ‚θ‚β‚·	y‚ª‚ρ‚Ξ‚Α‚Δ‚­‚Ύ‚³‚Άz	‚ª‚ρ‚Ξ‚Α‚Δ‚­‚Ύ‚³‚Ά	‹“s
‚¨‚­‚κ‚β‚·	‚¨‚­‚κ‚β‚·	y‚­‚Ύ‚³‚Άz	‚­‚Ύ‚³‚Ά	‹“s
‚¨‚­‚½‚Τ‚κ‚³‚ρ‚Η‚µ‚½	‚¨‚­‚½‚Τ‚κ‚³‚ρ‚Η‚µ‚½	y‚¨‚Β‚©‚κ‚³‚ά‚Ε‚µ‚½z	‚¨‚Β‚©‚κ‚³‚ά‚Ε‚µ‚½	‹“s
‚¨‚­‚Ώ‚Χ‚Α‚Ò‚ρ	‚¨‚­‚Ώ‚Χ‚Α‚Ò‚ρ	y•\–Κ“I‚Ι‚Ν—D‰λ‚Ύ‚ª— ‚ª‚ ‚ιz	‚Π‚ε‚¤‚ί‚ρ‚Δ‚«‚Ι‚Ν‚δ‚¤‚ª‚Ύ‚ª‚¤‚η‚ª‚ ‚ι	‹“s
‚¨‚±‚Ζ[‚³‚ρ‚Η‚·	‚¨‚±‚Ζ[‚³‚ρ‚Η‚·	y”N––‚Μ¥Az	‚Λ‚ρ‚ά‚Β‚Μ‚ ‚Ά‚³‚Β	‹“s
‚¨‚µ‚½‚¶	‚¨‚µ‚½‚¶	yέ–ϋz	‚µ‚ε‚¤‚δ	‹“s
‚¨‚µ‚Έ‚©‚Ι	‚¨‚µ‚Έ‚©‚Ι	y‚²‚δ‚Α‚­‚θz	‚²‚δ‚Α‚­‚θ	‹“s
‚¨‚Ή‚½‚°‚ι	‚¨‚Ή‚½‚°‚ι	y‹³‚¦‚Δ‚ ‚°‚ιz	‚¨‚µ‚¦‚Δ‚ ‚°‚ι	‹“s
‚¨‚Ή‚Θ	‚¨‚Ή‚Θ	y”w’†z	‚Ή‚Θ‚©	‹“s
‚¨‚Ή‚ρ‚·‚Ι‚Θ‚ι	‚¨‚Ή‚ρ‚·‚Ι‚Θ‚ι	y‰’k‚ª‚Ω‚Ϊ‚ά‚Ζ‚ά‚ι‚±‚Ζz	‚¦‚ρ‚Ύ‚ρ‚ª‚Ω‚Ϊ‚ά‚Ζ‚ά‚ι‚±‚Ζ	‹“s
‚¨‚Α‚³‚ρ	‚¨‚Α‚³‚ρ	y‚¨–V‚³‚ρz	‚¨‚Ϊ‚¤‚³‚ρ	‹“s
‚¨‚Α‚Ώ‚ρ	‚¨‚Α‚Ώ‚ρ	yΐ‚ιz	‚·‚ν‚ι	‹“s
‚¨‚Ν‚ζ‚¤‚¨‚©‚¦‚θ	‚¨‚Ν‚ζ‚¤‚¨‚©‚¦‚θ	y‘‚­‹A‚Α‚Δ‚«‚Δ‚Λz	‚Ν‚β‚­‚©‚¦‚Α‚Δ‚«‚Δ‚Λ	‹“s
‚¨‚Ξ‚ρ‚΄‚Ά	‚¨‚Ξ‚ρ‚΄‚Ά	y‚¨‘yΨz	‚¨‚»‚¤‚΄‚Ά	‹“s
‚¨‚Τ‚¤	‚¨‚Τ‚¤	y‚¨’ƒz	‚¨‚Ώ‚α	‹“s
‚¨‚Χ‚ρ‚Ώ‚α‚η	‚¨‚Χ‚ρ‚Ώ‚α‚η	y‚¨Ά«z	‚¨‚Ή‚¶	‹“s
‚¨‚ά‚ρ	‚¨‚ά‚ρ	yι\“ªz	‚ά‚ρ‚¶‚γ‚¤	‹“s
‚¨‚β‚©‚ά‚Α‚³‚ρ‚Η‚µ‚½	‚¨‚β‚©‚ά‚Α‚³‚ρ‚Η‚µ‚½	y‚¨Χ–‚‚µ‚ά‚µ‚½E‚¨‘›‚ª‚Ή‚µ‚Δ‚·‚έ‚ά‚Ή‚ρ‚Ε‚µ‚½z	‚¨‚¶‚α‚ά‚µ‚ά‚µ‚½E‚¨‚³‚ν‚ª‚Ή‚µ‚Δ‚·‚έ‚ά‚Ή‚ρ‚Ε‚µ‚½	‹“s
‚¨‚β‚·‚έ‚β‚·	‚¨‚β‚·‚έ‚β‚·	y‚¨‚β‚·‚έ‚Θ‚³‚Άz	‚¨‚β‚·‚έ‚Θ‚³‚Ά	‹“s
‚¨‚ζ‚Ξ‚κ‚Ύ‚Ώ‚Ε‚·‚Ά‚ά‚Ή‚ρ	‚¨‚ζ‚Ξ‚κ‚Ύ‚Ώ‚Ε‚·‚Ά‚ά‚Ή‚ρ	y‚²”Ρ‚Ύ‚―H‚Χ‚Δ‚·‚®‚Ι‹A‚Α‚Δ‚µ‚ά‚¤‚ΜΎ—tz	‚²‚Ν‚ρ‚Ύ‚―‚½‚Χ‚Δ‚·‚®‚Ι‚©‚¦‚Α‚Δ‚µ‚ά‚¤‚Ζ‚«‚Μ‚±‚Ζ‚Ξ	‹“s
‚©‚	`‚©‚	y`‚µ‚Δ‚½‚ρ‚Ύ‚ζ‚ΛE`‚Θ‚ρ‚Ύ‚ζ‚Λz	`‚µ‚Δ‚½‚ρ‚Ύ‚ζ‚ΛE`‚Θ‚ρ‚Ύ‚ζ‚Λ	‹“s
‚©‚Θ‚ρ‚ν‚	‚©‚Θ‚ρ‚ν‚	yΆ‚θ‚ά‚·z	‚±‚ά‚θ‚ά‚·	‹“s
‚©‚Ι‚±‚±	‚©‚Ι‚±‚±	y‚ν‚Έ‚©‚Ξ‚©‚θz	‚ν‚Έ‚©‚Ξ‚©‚θ	‹“s
‚©‚ά‚Φ‚ρ	‚©‚ά‚Φ‚ρ	y\‚ν‚Θ‚ΆE‚½‚Ά‚µ‚½‚±‚Ζ‚Θ‚Άz	‚©‚ά‚ν‚Θ‚ΆE‚½‚Ά‚µ‚½‚±‚Ζ‚Θ‚Ά	‹“s
‚©‚β‚­‚²‚Ν‚ρ	‚©‚β‚­‚²‚Ν‚ρ	yά–Ϊ‚²”Ρz	‚²‚ΰ‚­‚²‚Ν‚ρ	‹“s
‚©‚ρ‚Ι‚ρ‚¦	‚©‚ρ‚Ι‚ρ‚¦	y‚²‚ί‚ρE‹–‚µ‚Δ‚Ω‚µ‚Άz	‚²‚ί‚ρE‚δ‚ι‚µ‚Δ‚Ω‚µ‚Ά	‹“s
‚«‚Έ‚Ά	‚«‚Έ‚Ά	y‚ν‚ª‚ά‚άz	‚ν‚ª‚ά‚ά	‹“s
‚«‚Έ‚Β‚Θ‚Ά	‚«‚Έ‚Β‚Θ‚Ά	y‚·‚ά‚Θ‚ΆE\‚µ–σ‚Θ‚Άz	‚·‚ά‚Θ‚ΆE‚ΰ‚¤‚µ‚ν‚―‚Θ‚Ά	‹“s
‚«‚Ξ‚ι	‚«‚Ξ‚ι	yζ’£‚ιz	‚ª‚ρ‚Ξ‚ι	‹“s
‚«[‚Π‚ρ	‚«[‚Π‚ρ	y‚±‚Θ‚Άz	‚±‚Θ‚Ά	‹“s
‚«‚β‚ν‚ι‚Ά	‚«‚β‚ν‚ι‚Ά	y‹C‚Ώ‚ª«‚Άz	‚«‚ΰ‚Ώ‚ª‚ν‚ι‚Ά	‹“s
‚«‚ρ‚Μ	‚«‚ρ‚Μ	yπ“ϊz	‚«‚Μ‚¤	‹“s
‚―‚¥	‚―‚¥	y–Ρz	‚―	‹“s
‚―‚Α‚½‚Ά‚Θ	‚―‚Α‚½‚Ά‚Θ	y•Ο‚ΘE‚¨‚©‚µ‚Θz	‚Φ‚ρ‚ΘE‚¨‚©‚µ‚Θ	‹“s
‚±[‚Δ	‚±[‚Δ	y”ƒ‚Α‚Δz	‚©‚Α‚Δ	‹“s
‚±[‚Ζ‚Θ	‚±[‚Ζ‚Θ	y’n–΅‚Εγ•iz	‚¶‚έ‚Ε‚¶‚ε‚¤‚Π‚ρ	‹“s
‚²‚«‚ρ‚Ζ‚Ν‚ρ‚Ι	‚²‚«‚ρ‚Ζ‚Ν‚ρ‚Ι	y‚²’”J‚Ιz	‚²‚Δ‚Ά‚Λ‚Ά‚Ι	‹“s
‚±‚Ώ‚ε‚Ξ‚Ά	‚±‚Ώ‚ε‚Ξ‚Ά	y‚­‚·‚®‚Α‚½‚Άz	‚­‚·‚®‚Α‚½‚Ά	‹“s
‚±‚Θ‚Ά‚Ύ‚¤‚Ώ	‚±‚Θ‚Ά‚Ύ‚¤‚Ώ	y‚±‚ΜΤEζ—§‚Α‚Δz	‚±‚Μ‚ ‚Ά‚ΎE‚Ή‚ρ‚Ύ‚Α‚Δ	‹“s
‚²‚ί‚ρ‚β‚·	‚²‚ί‚ρ‚β‚·	y‚²‚ί‚ρ‚­‚Ύ‚³‚Άz	‚²‚ί‚ρ‚­‚Ύ‚³‚Ά	‹“s
‚²‚ρ‚Ϊ	‚²‚ρ‚Ϊ	y‚²‚Ϊ‚¤z	‚²‚Ϊ‚¤	‹“s
‚―	`‚―	y`‚µ‚ζ‚¤‚©z	`‚µ‚ζ‚¤‚©	‹“s
‚³‚©‚Άi‚Ιj	`‚³‚©‚Άi‚Ιj	y‚Ύ‚©‚ηz	‚Ύ‚©‚η	‹“s
‚³‚ª‚ι	‚³‚ª‚ι	y“μ‚Ιs‚­z	‚έ‚Θ‚έ‚Ι‚Ά‚­	‹“s
‚³‚Τ‚Ά‚Ϊ	‚³‚Τ‚Ά‚Ϊ	y’Ή”§‚ª—§‚Βz	‚Ζ‚θ‚Ν‚Ύ‚ª‚½‚Β	‹“s
‚³‚η	‚³‚η	yV•iz	‚µ‚ρ‚Ò‚ρ	‹“s
‚΄‚ρ‚Θ‚Ά	‚΄‚ρ‚Θ‚Ά	y‚Ύ‚η‚µ‚Θ‚ΆE‚­‚Ύ‚η‚Θ‚Άz	‚Ύ‚η‚µ‚Θ‚ΆE‚­‚Ύ‚η‚Θ‚Ά	‹“s
‚µ‚©‚Β‚Ά	‚µ‚©‚Β‚Ά	y^–Κ–ΪE‚µ‚Α‚©‚θ‚µ‚Δ‚Ά‚ιz	‚ά‚¶‚ίE‚µ‚Α‚©‚θ‚µ‚Δ‚Ά‚ι	‹“s
‚µ‚Ξ‚­	‚µ‚Ξ‚­	y‚½‚½‚­z	‚½‚½‚­	‹“s
‚µ‚Ν‚ι	`‚µ‚Ν‚ι	y`‚³‚κ‚ιz	`‚³‚κ‚ι	‹“s
‚µ‚Τ‚Ώ‚ρ	‚µ‚Τ‚Ώ‚ρ	y‚¨‹ΰ‚πg‚ν‚Θ‚Άlz	‚¨‚©‚Λ‚π‚Β‚©‚ν‚Θ‚Ά‚Π‚Ζ	‹“s
‚¶‚γ‚ρ‚³‚Ά‚Θ	‚¶‚γ‚ρ‚³‚Ά‚Θ	y‚Ά‚Ά‚©‚°‚ρ‚ΘE]‡‚Θz	‚Ά‚Ά‚©‚°‚ρ‚ΘE‚¶‚γ‚¤‚¶‚γ‚ρ‚Θ	‹“s
‚µ‚ε[‚ΰ‚Θ‚Ά	‚µ‚ε[‚ΰ‚Θ‚Ά	y‚Β‚ά‚η‚Θ‚ΆE‚­‚Ύ‚η‚Θ‚Άz	‚Β‚ά‚η‚Θ‚ΆE‚­‚Ύ‚η‚Θ‚Ά	‹“s
‚µ‚ρ‚«‚­‚³‚Ά	‚µ‚ρ‚«‚­‚³‚Ά	y‚¶‚κ‚Α‚½‚ΆE‚ΰ‚Η‚©‚µ‚Άz	‚¶‚κ‚Α‚½‚ΆE‚ΰ‚Η‚©‚µ‚Ά	‹“s
‚µ‚ρ‚Η‚Ά	‚µ‚ρ‚Η‚Ά	y”ζ‚κ‚ιE‚Β‚η‚Άz	‚Β‚©‚κ‚ιE‚Β‚η‚Ά	‹“s
‚·‚©‚½‚ρ	‚·‚©‚½‚ρ	y©“–O‚κE“IO‚κz	‚―‚ρ‚Ζ‚¤‚Ν‚Έ‚κE‚ά‚Ζ‚Ν‚Έ‚κ	‹“s
‚·‚±‚Ά	‚·‚±‚Ά	y‚Έ‚ι‚Άz	‚Έ‚ι‚Ά	‹“s
‚Έ‚µ	}qi‚Έ‚µj	y’Κ‚θ”²‚―‚η‚κ‚ι“Ήz	‚Ζ‚¨‚θ‚Κ‚―‚η‚κ‚ι‚έ‚Ώ	‹“s
‚Ή‚Β‚λ‚µ‚Ά	‚Ή‚Β‚λ‚µ‚Ά	y‚«‚Ί‚ν‚µ‚Άz	‚«‚Ί‚ν‚µ‚Ά	‹“s
‚Ή‚ν‚µ‚Θ‚Ά	‚Ή‚ν‚µ‚Θ‚Ά	y–Z‚µ‚Άz	‚Ά‚»‚ª‚µ‚Ά	‹“s
‚Ή‚ρ‚®‚θ	‚Ή‚ρ‚®‚θ	y‰½‰ρ‚ΰz	‚Θ‚ρ‚©‚Ά‚ΰ	‹“s
‚»‚β‚©‚Δ	‚»‚β‚©‚Δ	y‚Ύ‚©‚η‚Ζ‚Ά‚Α‚Δz	‚Ύ‚©‚η‚Ζ‚Ά‚Α‚Δ	‹“s
‚Ύ‚Ά‚¶‚¨‚Φ‚ρ	‚Ύ‚Ά‚¶‚¨‚Φ‚ρ	y·‚µx‚¦‚Θ‚Άz	‚³‚µ‚Β‚©‚¦‚Θ‚Ά	‹“s
‚Ύ‚ν‚·‚―	‚Ύ‚ν‚·‚―	y‘Σ‚―Òz	‚Θ‚ά‚―‚ΰ‚Μ	‹“s
‚½‚ρ‚Ζ	‚½‚ρ‚Ζ	y‘ςRz	‚½‚­‚³‚ρ	‹“s
‚Ώ‚α‚Ά‚ά‚·	‚Ώ‚α‚Ά‚ά‚·	yα‚Ά‚ά‚·z	‚Ώ‚ª‚Ά‚ά‚·	‹“s
‚Ώ‚α‚ρ‚Ζ	‚Ώ‚α‚ρ‚Ζ	ym‚©‚Ιz	‚½‚µ‚©‚Ι	‹“s
‚Ώ‚ε‚Ώ‚ε‚±‚Ξ‚ι	‚Ώ‚ε‚Ώ‚ε‚±‚Ξ‚ι	y‚¤‚Έ‚­‚ά‚ιE‚©‚ª‚ήz	‚¤‚Έ‚­‚ά‚ιE‚©‚ª‚ή	‹“s
‚Ώ‚ε‚λ‚±‚Ά	‚Ώ‚ε‚λ‚±‚Ά	yΘ’Pz	‚©‚ρ‚½‚ρ	‹“s
‚Δ‚κ‚±	‚Δ‚κ‚±	y‚³‚©‚³‚άEέ‚Άα‚Άz	‚³‚©‚³‚άE‚½‚ª‚Ά‚Ώ‚ª‚Ά	‹“s
‚Η‚±‚Ά‚«‚Η‚·	‚Η‚±‚Ά‚«‚Η‚·	y‚Η‚±‚©‚Φo‚©‚―‚ιl‚Φ‚Μ¥Az	‚Η‚±‚©‚Φ‚Ε‚©‚―‚ι‚Π‚Ζ‚Φ‚Μ‚ ‚Ά‚³‚Β	‹“s
‚Η‚Θ‚Ά	‚Η‚Θ‚Ά	y‚Η‚ρ‚ΘE‚Η‚Μ‚ζ‚¤‚Ιz	‚Η‚ρ‚ΘE‚Η‚Μ‚ζ‚¤‚Ι	‹“s
‚Η‚Θ‚½‚³‚ρ‚ΰ‚¨‚³‚«‚Η‚·	‚Η‚Θ‚½‚³‚ρ‚ΰ‚¨‚³‚«‚Η‚·	y‚¨ζ‚ΙΈ—η‚µ‚ά‚·z	‚¨‚³‚«‚Ι‚µ‚Β‚κ‚Ά‚µ‚ά‚·	‹“s
‚Ζ[‚έ	‚Ζ[‚έ	y`‚µ‚Δ‚²‚η‚ρz	`‚µ‚Δ‚²‚η‚ρ	‹“s
‚Η‚β‚³	‚Η‚β‚³	y‚Η‚¤‚Ε‚·‚©Hz	‚Η‚¤‚Ε‚·‚©H	‹“s
‚Η‚ρ‚Β‚«	‚Η‚ρ‚Β‚«	y“Λ‚«“–‚½‚θz	‚Β‚«‚ ‚½‚θ	‹“s
‚Θ‚¨‚·	‚Θ‚¨‚·	y‚µ‚ά‚¤E•Π•t‚―‚ιz	‚µ‚ά‚¤E‚©‚½‚Γ‚―‚ι	‹“s
‚Θ‚©‚Θ‚©	‚Θ‚©‚Θ‚©	y‚Ά‚¦‚Ά‚¦z	‚Ά‚¦‚Ά‚¦	‹“s
‚Θ‚ρ‚¬‚β‚Θ‚	‚Θ‚ρ‚¬‚β‚Θ‚	yΆ‚Α‚½‚Λz	‚±‚ά‚Α‚½‚Λ	‹“s
‚Ι‚Α‚Ώ‚ε	‚Ι‚Α‚Ώ‚ε	y“ϊ—jz	‚Ι‚Ώ‚ζ‚¤	‹“s
‚Ι‚Κ‚«	‚Ι‚Κ‚«	y‚δ‚Ε—‘z	‚δ‚Ε‚½‚ά‚²	‹“s
‚Ν‚Ξ‚©‚θ‚³‚ρ	‚Ν‚Ξ‚©‚θ‚³‚ρ	y‚²‹κJ—lz	‚²‚­‚λ‚¤‚³‚ά	‹“s
‚Ν‚ι	`‚Ν‚ι	y`‚Θ‚³‚ιz	`‚Θ‚³‚ι	‹“s
‚Ν‚ρ	‚Ν‚ρ	y`‚³‚ρz	`‚³‚ρ	‹“s
‚Ν‚ρ‚Θ‚θ	‚Ν‚ρ‚Θ‚θ	yγ•i‚Θ–Ύ‚ι‚³E‰Ψ‚β‚©‚Θ—lqz	‚¶‚ε‚¤‚Π‚ρ‚Θ‚ ‚©‚ι‚³E‚Ν‚Θ‚β‚©‚Θ‚ζ‚¤‚·	‹“s
‚Π‚ά‚Ή	‚Π‚ά‚Ή	y“ϊ”‚Μ‚Φ‚½H‚Χ•¨z	‚Ι‚Α‚·‚¤‚Μ‚Φ‚½‚½‚Χ‚ΰ‚Μ	‹“s
‚Π‚ε	`‚Π‚ε	y`‚µ‚ε‚¤z	`‚µ‚ε‚¤	‹“s
‚Π‚ρ	`‚Π‚ρ	y`‚Θ‚Άz	`‚Θ‚Ά	‹“s
‚Τ‚Α‚Ώ‚α‚―‚½	‚Τ‚Α‚Ώ‚α‚―‚½	y³’Ό‚ΘE–{“–‚Μz	‚µ‚ε‚¤‚¶‚«‚ΘE‚Ω‚ρ‚Ζ‚¤‚Μ	‹“s
‚Ψ‚Ώ‚α‚±‚Ά	‚Ψ‚Ώ‚α‚±‚Ά	y•½‚½‚Άz	‚Π‚η‚½‚Ά	‹“s
‚Χ‚Χ	‚Χ‚Χ	y•z	‚Σ‚­	‹“s
‚Ω‚Θ	‚Ω‚Θ	y‚»‚µ‚½‚ηz	‚»‚µ‚½‚η	‹“s
‚Ω‚½‚¦‚ι	‚Ω‚½‚¦‚ι	y‚½‚ν‚ή‚κ‚ιE‚¶‚α‚κ‡‚¤z	‚½‚ν‚ή‚κ‚ιE‚¶‚α‚κ‚ ‚¤	‹“s
‚Ω‚Α‚±‚θ‚·‚ι	‚Ω‚Α‚±‚θ‚·‚ι	y‚Ω‚Α‚Ζ‚·‚ιEΐ“g΄z	‚Ω‚Α‚Ζ‚·‚ιE‚ ‚ρ‚Η‚©‚ρ	‹“s
‚ά‚Ά‚ά‚Ά	‚ά‚Ά‚ά‚Ά	y‚¤‚λ‚¤‚λ‚·‚ιz	‚¤‚λ‚¤‚λ‚·‚ι	‹“s
‚ά‚Α‚½‚θ	‚ά‚Α‚½‚θ	y‚Ζ‚λ‚ρ‚Ζ‚µ‚½ϋ“–‚½‚θz	‚Ζ‚λ‚ρ‚Ζ‚µ‚½‚­‚Ώ‚ ‚½‚θ	‹“s
‚ά‚ρ‚ά	‚ά‚ρ‚ά	y‚²”Ρz	‚²‚Ν‚ρ	‹“s
‚ά‚ρ‚ν‚ι‚­	‚ά‚ρ‚ν‚ι‚­	y‰^«‚­z	‚¤‚ρ‚ν‚ι‚­	‹“s
©‚Ζ‚­‚κ‚β‚·	©‚Ζ‚­‚κ‚β‚·	y‚²——‚­‚Ύ‚³‚Άz	‚²‚η‚ρ‚­‚Ύ‚³‚Ά	‹“s
‚έ‚Ζ[‚έ	‚έ‚Ζ[‚έ	y©‚Δ‚­‚Ύ‚³‚Άz	‚έ‚Δ‚­‚Ύ‚³‚Ά	‹“s
‚ή‚µ‚α‚Θ‚Ά	‚ή‚µ‚α‚Θ‚Ά	y‹σ• ‚π‚µ‚Μ‚®z	‚­‚¤‚Σ‚­‚π‚µ‚Μ‚®	‹“s
‚ΰ‚¨‚Δ‚ι	‚ΰ‚¨‚Δ‚ι	y‚ΰ‚η‚Α‚Δ‚Ά‚ιz	‚ΰ‚η‚Α‚Δ‚Ά‚ι	‹“s
‚ΰ‚½	‚ΰ‚½	y`‚µ‚Δ‚µ‚ά‚Α‚½z	`‚µ‚Δ‚µ‚ά‚Α‚½	‹“s
‚ΰ‚Α‚³‚Ά	‚ΰ‚Α‚³‚Ά	y–μ•ι‚Α‚½‚ΆEC”²‚―‚Θ‚Άz	‚β‚Ϊ‚Α‚½‚ΆE‚ ‚©‚Κ‚―‚Θ‚Ά	‹“s
‚ΰ‚έ‚Θ‚Ά	‚ΰ‚έ‚Θ‚Ά	y–΅‚Θ‚ΆE”ό–΅‚µ‚­‚Θ‚Άz	‚ ‚¶‚Θ‚ΆE‚¨‚Ά‚µ‚­‚Θ‚Ά	‹“s
‚ΰ‚ΰ‚―‚ι	‚ΰ‚ΰ‚―‚ι	y–Ρ‰H—§‚Βz	‚―‚Ξ‚Ύ‚Β	‹“s
‚β‚Ι‚±‚Ά	‚β‚Ι‚±‚Ά	y‰σ‚κ‚β‚·‚Άz	‚±‚ν‚κ‚β‚·‚Ά	‹“s
‚β‚β‚±‚µ‚Ά	‚β‚β‚±‚µ‚Ά	y‚±‚έ‚Ά‚Α‚½E•΅G‚Θz	‚±‚έ‚Ά‚Α‚½E‚Σ‚­‚΄‚Β‚Θ	‹“s
‚ζ‚§‚Ά‚ν‚ρ‚ν	‚ζ‚§‚Ά‚ν‚ρ‚ν	y‰½‚πΎ‚Α‚Δ‚Ά‚ι‚ΜIz	‚Θ‚Ι‚π‚Ά‚Α‚Δ‚Ά‚ι‚Μ	‹“s
‚ζ‚µ	`‚ζ‚µ	y`‚µ‚½‚η‚Η‚¤Hz	`‚µ‚½‚η‚Η‚¤	‹“s
‚ζ‚λ‚µ‚¨‚ ‚ª‚θ‚β‚·	‚ζ‚λ‚µ‚¨‚ ‚ª‚θ‚β‚·	y‚Η‚¤‚Ό‚¨Ά‚µγ‚ª‚θ‚­‚Ύ‚³‚ΆE‚¨‘e––‚Ε‚µ‚½z	‚Η‚¤‚Ό‚¨‚ί‚µ‚ ‚ª‚θ‚­‚Ύ‚³‚ΆE‚¨‚»‚ά‚Β‚Ε‚µ‚½	‹“s
‚ν‚β	‚ν‚β	y‘δ–³‚µE–³’ƒ‚Θ‚±‚Ζz	‚Ύ‚Ά‚Θ‚µE‚ή‚Ώ‚α‚Θ‚±‚Ζ	‹“s
‚ρE‚Φ‚ρ	`‚ρE`‚Φ‚ρ	y`‚µ‚Θ‚Άz	`‚µ‚Θ‚Ά	‹“s
‚ ‚Ά‚»	‚ ‚Ά‚»	y¤‘zz	‚ ‚Ά‚»	‘εγ
‚ ‚©‚ρ‚½‚κ	‚ ‚©‚ρ‚½‚κ	yγ’E‘Κ–Ϊ‚Θ“zz	‚ζ‚ν‚ή‚µE‚Ύ‚ί‚Θ‚β‚Β	‘εγ
‚ ‚Ω‚­‚³‚Ά	‚ ‚Ω‚­‚³‚Ά	y”n­”n­‚µ‚Άz	‚Ξ‚©‚Ξ‚©‚µ‚Ά	‘εγ
‚ ‚η‚µ‚ε	‚ ‚η‚µ‚ε	y‚ ‚ι‚¶‚α‚Θ‚Ά‚©z	‚ ‚ι‚¶‚α‚Θ‚Ά‚©	‘εγ
‚ ‚ρ‚¶‚ε[	‚ ‚ρ‚¶‚ε[	y‚¤‚ά‚­Eγθ‚Ιz	‚¤‚ά‚­E‚¶‚ε‚¤‚Έ‚Ι	‘εγ
‚Ά‚©[‚µ‚ί‚Φ‚ρ	‚Ά‚©[‚µ‚ί‚Φ‚ρ	ys‚«‚Ν‚µ‚ά‚Ή‚ρz	‚Ά‚«‚Ν‚µ‚ά‚Ή‚ρ	‘εγ
‚Ά‚―‚Έ	‚Ά‚―‚Έ	yΣ’n«z	‚Ά‚¶‚ν‚ι	‘εγ
‚Ά‚Ώ‚Ρ‚ι	‚Ά‚Ώ‚Ρ‚ι	y‚Σ‚΄‚―‚ιz	‚Σ‚΄‚―‚ι	‘εγ
‚Ά‚Δ‚±‚ά‚·	‚Ά‚Δ‚±‚ά‚·	y‚β‚Α‚Β‚―‚ιz	‚β‚Α‚Β‚―‚ι	‘εγ
‚Ά‚Δ‚ι	‚Ά‚Δ‚ι	y‚Ά‚ιz	‚Ά‚ι	‘εγ
‚Ά‚Μ‚­	‚Ά‚Μ‚­	y“®‚­z	‚¤‚²‚­	‘εγ
‚Ά‚η‚Ώ	‚Ά‚η‚Ώ	y—‚Ώ’…‚«‚Μ‚Θ‚Ά‚±‚Ζz	‚¨‚Ώ‚Β‚«‚Μ‚Θ‚Ά‚±‚Ζ	‘εγ
‚Ά‚ρ‚¶‚α‚ρ‚Ω‚Ά	‚Ά‚ρ‚¶‚α‚ρ‚Ω‚Ά	y‚¶‚α‚ρ‚―‚ρ‚π‚·‚ι‚Μ‚©‚―Ίz	‚¶‚α‚ρ‚―‚ρ‚π‚·‚ι‚Ζ‚«‚Μ‚©‚―‚²‚¦	‘εγ
‚¤‚Α‚Ζ‚±	‚¤‚Α‚Ζ‚±	y„‚Μ‚Ζ‚±‚λE„‚Μ‰Ζz	‚ν‚½‚µ‚Μ‚Ζ‚±‚λE‚ν‚½‚µ‚Μ‚Ά‚¦	‘εγ
‚¦‚°‚Β‚Θ‚Ά	‚¦‚°‚Β‚Θ‚Ά	y‚Π‚Η‚ΆE«‚Άz	‚Π‚Η‚ΆE‚ν‚ι‚Ά	‘εγ
‚¨‚Ά‚¦	‚¨‚Ά‚¦	y‚»‚¤‚ΎE‚»‚Μ‚Ζ‚¨‚θz	‚»‚¤‚ΎE‚»‚Μ‚Ζ‚¨‚θ	‘εγ
‚¨‚©‚ρ	‚¨‚©‚ρ	y‚¨•κ‚³‚ρz	‚¨‚©‚ ‚³‚ρ	‘εγ
‚¨‚ª‚ι	‚¨‚ª‚ι	y‹©‚ΤEΔ‚Τz	‚³‚―‚ΤE‚ζ‚Τ	‘εγ
‚¨‚ά‚·	‚¨‚ά‚·	y‚ ‚θ‚ά‚·z	‚ ‚θ‚ά‚·	‘εγ
‚¨‚ΰ‚λ‚Ά	‚¨‚ΰ‚λ‚Ά	y–Κ”’‚Άz	‚¨‚ΰ‚µ‚λ‚Ά	‘εγ
‚¨‚ΰ‚ρ‚Θ‚Ά	‚¨‚ΰ‚ρ‚Θ‚Ά	y‚¨‚ΰ‚µ‚λ‚­‚Θ‚Άz	‚¨‚ΰ‚µ‚λ‚­‚Θ‚Ά	‘εγ
‚¨[‚«‚Ι	‚¨[‚«‚Ι	y‚ ‚θ‚ª‚Ζ‚¤z	‚ ‚θ‚ª‚Ζ‚¤	‘εγ
‚©‚ί‚Φ‚ρ	‚©‚ί‚Φ‚ρ	y‚©‚ά‚ν‚Θ‚Άz	‚©‚ά‚ν‚Θ‚Ά	‘εγ
‚©‚ρ‚Δ‚«	‚©‚ρ‚Δ‚«	yµ—Φz	‚µ‚Ώ‚θ‚ρ	‘εγ
‚©‚ρ‚Ι‚ρ	‚©‚ρ‚Ι‚ρ	y‚²‚ί‚ρz	‚²‚ί‚ρ	‘εγ
‚―‚Α‚½‚Ά‚Θ	‚―‚Α‚½‚Ά‚Θ	yο–­‚ΘE•Ο‚Θz	‚«‚έ‚ε‚¤‚ΘE‚Φ‚ρ‚Θ	‘εγ
‚―‚Θ‚θ[	‚―‚Θ‚θ[	y‚¤‚η‚β‚ά‚µ‚Άz	‚¤‚η‚β‚ά‚µ‚Ά	‘εγ
‚±‚·‚Ά	‚±‚·‚Ά	y‚Έ‚ι‚ΆEΰΒΰΟ‚Θz	‚Έ‚ι‚ΆE‚±‚¤‚©‚Β‚Θ	‘εγ
‚±‚»‚Ξ‚·	‚±‚»‚Ξ‚·	y‚­‚·‚®‚ιz	‚­‚·‚®‚ι	‘εγ
`‚³‚©‚Ά	`‚³‚©‚Ά	y`‚©‚ηE`‚Μ‚Εz	`‚©‚ηE`‚Μ‚Ε	‘εγ
‚³‚ζ‚©	‚³‚ζ‚©	y‚»‚¤‚©z	‚»‚¤‚©	‘εγ
‚µ‚ε[‚ΰ‚Θ‚Ά	‚µ‚ε[‚ΰ‚Θ‚Ά	y‚­‚Ύ‚η‚Θ‚Άz	‚­‚Ύ‚η‚Θ‚Ά	‘εγ
‚Ή‚ν‚µ‚Θ‚Ά	‚Ή‚ν‚µ‚Θ‚Ά	y–Z‚µ‚Άz	‚Ά‚»‚ª‚µ‚Ά	‘εγ
‚Ώ‚α‚¤	‚Ώ‚α‚¤	yα‚¤z	‚Ώ‚ª‚¤	‘εγ
`‚Ώ‚α[‚ι	`‚Ώ‚α[‚ι	y`‚Δ‚Ά‚ιz	`‚Δ‚Ά‚ι	‘εγ
‚Δ‚κ‚±	‚Δ‚κ‚±	yέ‚Άα‚Άz	‚½‚ª‚Ά‚Ώ‚ª‚Ά	‘εγ
‚Θ‚¨‚·	‚Θ‚¨‚·	y•Π•t‚―‚ιEd•‘‚¤z	‚©‚½‚Γ‚―‚ιE‚µ‚ά‚¤	‘εγ
`‚Θ‚Ν‚κ	`‚Θ‚Ν‚κ	y`‚Θ‚³‚Άz	`‚Θ‚³‚Ά	‘εγ
‚Θ‚ρ‚¬‚β	‚Θ‚ρ‚¬‚β	yΆ“ο‚ΎE“ο‹V‚Ύz	‚±‚ρ‚Θ‚ρ‚ΎE‚Θ‚ρ‚¬‚Ύ	‘εγ
‚Θ‚ρ‚µ‚©	‚Θ‚ρ‚µ‚©	y‰½‚µ‚λz	‚Θ‚Ι‚µ‚λ	‘εγ
‚Θ‚ρ‚Ϊ	‚Θ‚ρ‚Ϊ	y‚Ά‚­‚ηE‚Η‚κ‚­‚η‚Άz	‚Ά‚­‚ηE‚Η‚κ‚­‚η‚Ά	‘εγ
‚Ι‚­‚»‚Ά	‚Ι‚­‚»‚Ά	y‘‚η‚µ‚Άz	‚Ι‚­‚η‚µ‚Ά	‘εγ
‚Ι‚Α‚Ώ‚ε	‚Ι‚Α‚Ώ‚ε	y“ϊ—jz	‚Ι‚Ώ‚ζ‚¤	‘εγ
‚Ι‚Κ‚«	‚Ι‚Κ‚«	y‚δ‚Ε—‘z	‚δ‚Ε‚½‚ά‚²	‘εγ
`‚Λ‚ρ	`‚Λ‚ρ	y`‚Μ‚Ύz	`‚Μ‚Ύ	‘εγ
`‚Ν‚ι	`‚Ν‚ι	y`‚Θ‚³‚ιz	`‚Θ‚³‚ι	‘εγ
‚Φ‚Δ‚©‚η	‚Φ‚Δ‚©‚η	y‚»‚κ‚©‚ηz	‚»‚κ‚©‚η	‘εγ
‚ά‚Ά‚Α‚Ψ‚ρ	‚ά‚Ά‚Α‚Ψ‚ρ	y‚ΰ‚¤κ“xz	‚ΰ‚¤‚Ά‚Ώ‚Η	‘εγ
‚ί‚Α‚Ώ‚α	‚ί‚Α‚Ώ‚α	y‚½‚Ά‚Φ‚ρE”ρν‚Ιz	‚½‚Ά‚Φ‚ρE‚Π‚¶‚ε‚¤‚Ι	‘εγ
‚ί‚Ξ‚Ώ‚±	‚ί‚Ξ‚Ώ‚±	y‚ΰ‚Μ‚ΰ‚η‚Άz	‚ΰ‚Μ‚ΰ‚η‚Ά	‘εγ
‚ΰ‚ή‚Θ‚Ά	‚ΰ‚ή‚Θ‚Ά	y‚ά‚Έ‚Άz	‚ά‚Έ‚Ά	‘εγ
`‚β‚·	`‚β‚·	y`‚Ε‚·z	`‚Ε‚·	‘εγ
‚β‚Β‚·	‚β‚Β‚·	y‚¨‚ί‚©‚µ‚·‚ιE‰»Ο‚·‚ιz	‚¨‚ί‚©‚µ‚·‚ιE‚―‚µ‚ε‚¤‚·‚ι	‘εγ
‚β‚β‚±	‚β‚β‚±	yΤ‚ρ–Vz	‚ ‚©‚ρ‚Ϊ‚¤	‘εγ
`‚β‚ρ‚©	`‚β‚ρ‚©	y`‚¶‚α‚Θ‚Ά‚©z	`‚¶‚α‚Θ‚Ά‚©	‘εγ
‚ζ‚Α‚Δ‚Ι	‚ζ‚Α‚Δ‚Ι	y‚©‚ηE‚Μ‚Εz	‚©‚ηE‚Μ‚Ε	‘εγ
‚ν‚β	‚ν‚β	y–³’ƒ‹κ’ƒz	‚ή‚Ώ‚α‚­‚Ώ‚α	‘εγ
‚ν‚η‚©‚·	‚ν‚η‚©‚·	yΞ‚ν‚·z	‚ν‚η‚ν‚·	‘εγ
`‚ª‚Θ	`‚ª‚Θ	y`‚Ε‚Ν‚Θ‚Ά‚©E`‚¶‚α‚Θ‚Άz	`‚Ε‚Ν‚Θ‚Ά‚©E`‚¶‚α‚Θ‚Ά	‘εγ
‚ª‚ί‚Β‚Ά	‚ª‚ί‚Β‚Ά	y‚―‚Ώ‚Θz	‚―‚Ώ‚Θ	‘εγ
‚¬‚ε[‚³‚ρ	‚¬‚ε[‚³‚ρ	y‚½‚­‚³‚ρz	‚½‚­‚³‚ρ	‘εγ
‚°‚Α‚Ζ	‚°‚Α‚Ζ	y‚Ρ‚θz	‚Ρ‚θ	‘εγ
‚²‚Α‚©‚Τ‚θ	‚²‚Α‚©‚Τ‚θ	y‚²‚«‚Τ‚θz	‚²‚«‚Τ‚θ	‘εγ
‚²‚ν‚Φ‚ρ	‚²‚ν‚Φ‚ρ	y‚²‚΄‚Ά‚ά‚Ή‚ρz	‚²‚΄‚Ά‚ά‚Ή‚ρ	‘εγ
‚²‚ρ‚½‚­‚κ	‚²‚ρ‚½‚­‚κ	yr”’E‚Ά‚½‚Έ‚η‚Αqz	‚ν‚ρ‚Ο‚­E‚Ά‚½‚Έ‚η‚Α‚±	‘εγ
‚¶‚γ‚ρ‚³‚Ά‚Θ	‚¶‚γ‚ρ‚³‚Ά‚Θ	y‚Ά‚Ά‰ΑΈ‚Θz	‚Ά‚Ά‚©‚°‚ρ‚Θ	‘εγ
‚¶‚ε‚η	‚¶‚ε‚η	y‚ ‚®‚ηz	‚ ‚®‚η	‘εγ
‚Έ‚Ϊ‚η	‚Έ‚Ϊ‚η	y–³ΈE‚¶‚Ύ‚η‚­E“‚°‚β‚θz	‚Τ‚µ‚ε‚¤E‚¶‚Ύ‚η‚­E‚Θ‚°‚β‚θ	‘εγ
‚Ύ‚ρ‚Θ‚Ά	‚Ύ‚ρ‚Θ‚Ά	y\‚ν‚Θ‚ΆE·‚µx‚¦‚Θ‚Άz	‚©‚ά‚ν‚Θ‚ΆE‚³‚µ‚Β‚©‚¦‚Θ‚Ά	‘εγ
‚Ε‚Ϊ‚Ώ‚ρ	‚Ε‚Ϊ‚Ώ‚ρ	y‚¨‚Ε‚±z	‚¨‚Ε‚±	‘εγ
‚Η‚Θ‚Ά	‚Η‚Θ‚Ά	y‚Η‚¤E‚Η‚Μ‚ζ‚¤‚Ιz	‚Η‚¤E‚Η‚Μ‚ζ‚¤‚Ι	‘εγ
‚Η‚ρ‚Θ‚η‚ρ	‚Η‚ρ‚Θ‚η‚ρ	y‚Η‚¤‚Ι‚ΰ‚Θ‚η‚Θ‚Άz	‚Η‚¤‚Ι‚ΰ‚Θ‚η‚Θ‚Ά	‘εγ
‚Ϊ‚Ώ‚Ϊ‚Ώ	‚Ϊ‚Ώ‚Ϊ‚Ώ	y­‚µ‚Έ‚Βz	‚·‚±‚µ‚Έ‚Β	‘εγ
‚©‚ρ‚©‚ρ	‚©‚ρ‚©‚ρ	y‹σ‚«Κz	‚ ‚«‚©‚ρ	–kC“Ή
‚©‚ρ‚©‚η	‚©‚ρ‚©‚η	y‹σ‚«Κz	‚ ‚«‚©‚ρ	“Θ–Ψ§
‚©‚ρ‚©‚η	‚©‚ρ‚©‚η	y‹σ‚«Κz	‚ ‚«‚©‚ρ	Q”n§
‚©‚ρ‚©‚η	‚©‚ρ‚©‚η	y‹σ‚«Κz	‚ ‚«‚©‚ρ	Vƒ§
‚©‚ρ‚©‚ρ	‚©‚ρ‚©‚ρ	y‹σ‚«Κz	‚ ‚«‚©‚ρ	‹“s•{
‚©‚ρ‚©‚ρ	‚©‚ρ‚©‚ρ	y‹σ‚«Κz	‚ ‚«‚©‚ρ	‘εγ•{
‚®‚‚ρ‚ª‚η	‚®‚‚ρ‚ª‚η	y‹σ‚«Κz	‚ ‚«‚©‚ρ	F–{§
‚©‚ρ‚©‚η[	‚©‚ρ‚©‚η[	y‹σ‚«Κz	‚ ‚«‚©‚ρ	‰«“κ§
‚ ‚²	‚ ‚²	y{z	‚ ‚²	–kC“Ή
‚¨‚Η‚°	‚¨‚Η‚°	y{z	‚ ‚²	ΒX§
‚ ‚¬‚½	‚ ‚¬‚½	y{z	‚ ‚²	βθ§
‚¨‚Η‚°	‚¨‚Η‚°	y{z	‚ ‚²	‹{ι§
‚¨‚Η‚°	‚¨‚Η‚°	y{z	‚ ‚²	H“c§
‚¨‚Η‚ª‚¦	‚¨‚Η‚ª‚¦	y{z	‚ ‚²	R`§
‚¨‚Η‚°	‚¨‚Η‚°	y{z	‚ ‚²	•“‡§
‚ ‚²	‚ ‚²	y{z	‚ ‚²	οι§
‚ ‚®	‚ ‚®	y{z	‚ ‚²	“Θ–Ψ§
‚ ‚®	‚ ‚®	y{z	‚ ‚²	Q”n§
‚ ‚®	‚ ‚®	y{z	‚ ‚²	ι‹Κ§
‚ ‚²	‚ ‚²	y{z	‚ ‚²	η—t§
‚ ‚²	‚ ‚²	y{z	‚ ‚²	“‹“s
‚ ‚²	‚ ‚²	y{z	‚ ‚²	_“ήμ§
‚ ‚²	‚ ‚²	y{z	‚ ‚²	Vƒ§
‚ ‚²	‚ ‚²	y{z	‚ ‚²	•xR§
‚ ‚²	‚ ‚²	y{z	‚ ‚²	Ξμ§
‚ ‚²‚½	‚ ‚²‚½	y{z	‚ ‚²	•δ§
‚ ‚²	‚ ‚²	y{z	‚ ‚²	R—§
‚ ‚²	‚ ‚²	y{z	‚ ‚²	’·–μ§
‚ ‚²	‚ ‚²	y{z	‚ ‚²	ς•§
‚ ‚²	‚ ‚²	y{z	‚ ‚²	Γ‰ª§
‚ ‚²	‚ ‚²	y{z	‚ ‚²	¤’m§
‚ ‚²	‚ ‚²	y{z	‚ ‚²	Od§
‚ ‚²	‚ ‚²	y{z	‚ ‚²	 ‰κ§
‚¨‚Ζ‚ª‚Ά	‚¨‚Ζ‚ª‚Ά	y{z	‚ ‚²	‘εγ•{
‚ ‚²	‚ ‚²	y{z	‚ ‚²	•ΊΙ§
‚ ‚²‚½	‚ ‚²‚½	y{z	‚ ‚²	“ή—Η§iL—Λ’¬j
‚ ‚²	‚ ‚²	y{z	‚ ‚²	a‰ΜR§
‚ ‚²	‚ ‚²	y{z	‚ ‚²	’Ήζ§
‚¨‚Ζ‚ρ‚°	‚¨‚Ζ‚ρ‚°	y{z	‚ ‚²	“‡ª§
‚ ‚²‚½	‚ ‚²‚½	y{z	‚ ‚²	‰ªR§
‚ ‚¬	‚ ‚¬	y{z	‚ ‚²	L“‡§
‚ ‚²	‚ ‚²	y{z	‚ ‚²	Rϋ§
‚ ‚¬‚Ζ	‚ ‚¬‚Ζ	y{z	‚ ‚²	“Ώ“‡§
‚ ‚°‚Ζ	‚ ‚°‚Ζ	y{z	‚ ‚²	μ§
‚ ‚¬‚Ζ	‚ ‚¬‚Ζ	y{z	‚ ‚²	¤•Q§
‚ ‚¬	‚ ‚¬	y{z	‚ ‚²	‚’m§
‚ ‚²‚½‚ρ	‚ ‚²‚½‚ρ	y{z	‚ ‚²	•‰ª§
‚ ‚²‚½‚ρ	‚ ‚²‚½‚ρ	y{z	‚ ‚²	²‰κ§
‚ ‚¬	‚ ‚¬	y{z	‚ ‚²	’·θ§
‚ ‚²	‚ ‚²	y{z	‚ ‚²	F–{§
‚ ‚²	‚ ‚²	y{z	‚ ‚²	‘ε•ª§
‚ ‚²	‚ ‚²	y{z	‚ ‚²	‹{θ§
‚ ‚²	‚ ‚²	y{z	‚ ‚²	­™“‡§
‚¤‚Ζ‚£‚°[	‚¤‚Ζ‚£‚°[	y{z	‚ ‚²	‰«“κ§
‚ ‚Ζ‚³‚θ‚±‚Α‚±‚ρ‚¶‚ε‚¤	‚ ‚Ζ‚³‚θ‚±‚Α‚±‚ρ‚¶‚ε‚¤	y‹a’n–z	‚ ‚θ‚¶‚²‚­	–kC“Ή
‚ ‚Η‚¶‚α‚η‚ή‚·	‚ ‚Η‚¶‚α‚η‚ή‚·	y‹a’n–z	‚ ‚θ‚¶‚²‚­	ΒX§
‚¤‚µ‚ ‚Θ	‚¤‚µ‚ ‚Θ	y‹a’n–z	‚ ‚θ‚¶‚²‚­	βθ§
‚Χ‚²‚Χ‚²‚ή‚µ	‚Χ‚²‚Χ‚²‚ή‚µ	y‹a’n–z	‚ ‚θ‚¶‚²‚­	‹{ι§
‚¤‚µ‚λ‚Χ‚²	‚¤‚µ‚λ‚Χ‚²	y‹a’n–z	‚ ‚θ‚¶‚²‚­	H“c§
‚³‚η‚±‚Χ	‚³‚η‚±‚Χ	y‹a’n–z	‚ ‚θ‚¶‚²‚­	R`§
‚Χ‚±‚Χ‚±	‚Χ‚±‚Χ‚±	y‹a’n–z	‚ ‚θ‚¶‚²‚­	•“‡§
‚ ‚Η‚¶‚α‚θ‚ή‚µ	‚ ‚Η‚¶‚α‚θ‚ή‚µ	y‹a’n–z	‚ ‚θ‚¶‚²‚­	οι§
‚Ζ‚Α‚±‚Ξ‚Α‚±	‚Ζ‚Α‚±‚Ξ‚Α‚±	y‹a’n–z	‚ ‚θ‚¶‚²‚­	“Θ–Ψ§
‚Δ‚Α‚±‚Ν‚Α‚±	‚Δ‚Α‚±‚Ν‚Α‚±	y‹a’n–z	‚ ‚θ‚¶‚²‚­	Q”n§
‚ ‚Ζ‚΄‚θ‚¨‚µ‚Α‚±	‚ ‚Ζ‚΄‚θ‚¨‚µ‚Α‚±	y‹a’n–z	‚ ‚θ‚¶‚²‚­	ι‹Κ§
‚½‚ί‚Α‚±‚¶‚ε‚¤‚λ	‚½‚ί‚Α‚±‚¶‚ε‚¤‚λ	y‹a’n–z	‚ ‚θ‚¶‚²‚­	η—t§
‚ ‚θ‚¶‚²‚­	‚ ‚θ‚¶‚²‚­	y‹a’n–z	‚ ‚θ‚¶‚²‚­	“‹“s
‚ ‚Ζ‚µ‚Α‚Β‚‚θ	‚ ‚Ζ‚µ‚Α‚Β‚‚θ	y‹a’n–z	‚ ‚θ‚¶‚²‚­	_“ήμ§
‚Ν‚Α‚±	‚Ν‚Α‚±	y‹a’n–z	‚ ‚θ‚¶‚²‚­	Vƒ§
‚ ‚θ‚¶‚²‚­	‚ ‚θ‚¶‚²‚­	y‹a’n–z	‚ ‚θ‚¶‚²‚­	•xR§
‚Ζ‚Α‚Ζ‚η‚ή‚µ	‚Ζ‚Α‚Ζ‚η‚ή‚µ	y‹a’n–z	‚ ‚θ‚¶‚²‚­	Ξμ§
‚»[‚Ζ‚ί	‚»[‚Ζ‚ί	y‹a’n–z	‚ ‚θ‚¶‚²‚­	•δ§
‚ ‚Ζ‚µ‚α‚θ‚Χ‚Χ‚Α‚±	‚ ‚Ζ‚µ‚α‚θ‚Χ‚Χ‚Α‚±	y‹a’n–z	‚ ‚θ‚¶‚²‚­	R—§
‚Ν‚Α‚±	‚Ν‚Α‚±	y‹a’n–z	‚ ‚θ‚¶‚²‚­	’·–μ§
‚±‚¶‚±‚¶	‚±‚¶‚±‚¶	y‹a’n–z	‚ ‚θ‚¶‚²‚­	ς•§
‚Ά‚Ϊ‚¶‚θ	‚Ά‚Ϊ‚¶‚θ	y‹a’n–z	‚ ‚θ‚¶‚²‚­	Γ‰ª§
‚±‚¶‚±‚¶	‚±‚¶‚±‚¶	y‹a’n–z	‚ ‚θ‚¶‚²‚­	¤’m§
‚ ‚θ‚¶‚²‚­	‚ ‚θ‚¶‚²‚­	y‹a’n–z	‚ ‚θ‚¶‚²‚­	Od§
‚ ‚θ‚¶‚²‚­	‚ ‚θ‚¶‚²‚­	y‹a’n–z	‚ ‚θ‚¶‚²‚­	 ‰κ§
‚ ‚θ‚¶‚²‚­	‚ ‚θ‚¶‚²‚­	y‹a’n–z	‚ ‚θ‚¶‚²‚­	‘εγ•{
‚ΰ‚ΰ‚ρ‚¶‚α	‚ΰ‚ΰ‚ρ‚¶‚α	y‹a’n–z	‚ ‚θ‚¶‚²‚­	•ΊΙ§
‚¦‚Λ‚­‚Ϊ	‚¦‚Λ‚­‚Ϊ	y‹a’n–z	‚ ‚θ‚¶‚²‚­	“ή—Η§
‚¨‚¶‚ε‚°	‚¨‚¶‚ε‚°	y‹a’n–z	‚ ‚θ‚¶‚²‚­	a‰ΜR§
‚ΰ‚ΰ‚ρ‚¶‚ε	‚ΰ‚ΰ‚ρ‚¶‚ε	y‹a’n–z	‚ ‚θ‚¶‚²‚­	’Ήζ§
‚±‚ρ‚²	‚±‚ρ‚²	y‹a’n–z	‚ ‚θ‚¶‚²‚­	“‡ª§
‚±‚ά‚±‚ά	‚±‚ά‚±‚ά	y‹a’n–z	‚ ‚θ‚¶‚²‚­	‰ªR§
‚²‚Α‚Ζ‚θ‚³‚ρ	‚²‚Α‚Ζ‚θ‚³‚ρ	y‹a’n–z	‚ ‚θ‚¶‚²‚­	L“‡§
‚ ‚θ‚¶‚²‚­	‚ ‚θ‚¶‚²‚­	y‹a’n–z	‚ ‚θ‚¶‚²‚­	Rϋ§
‚Χ‚±‚Χ‚±	‚Χ‚±‚Χ‚±	y‹a’n–z	‚ ‚θ‚¶‚²‚­	“Ώ“‡§
‚ ‚θ‚¶‚²‚­	‚ ‚θ‚¶‚²‚­	y‹a’n–z	‚ ‚θ‚¶‚²‚­	μ§
‚®‚¶‚γ‚ΰ‚θ	‚®‚¶‚γ‚ΰ‚θ	y‹a’n–z	‚ ‚θ‚¶‚²‚­	¤•Q§
‚ ‚θ‚¶‚²‚­	‚ ‚θ‚¶‚²‚­	y‹a’n–z	‚ ‚θ‚¶‚²‚­	‚’m§
‚ ‚θ‚¶‚²‚­	‚ ‚θ‚¶‚²‚­	y‹a’n–z	‚ ‚θ‚¶‚²‚­	•‰ª§
‚¨‚±‚Ϊ	‚¨‚±‚Ϊ	y‹a’n–z	‚ ‚θ‚¶‚²‚­	²‰κ§
‚ ‚θ‚¶‚²‚­	‚ ‚θ‚¶‚²‚­	y‹a’n–z	‚ ‚θ‚¶‚²‚­	’·θ§
‚¶‚²‚ή‚µ	‚¶‚²‚ή‚µ	y‹a’n–z	‚ ‚θ‚¶‚²‚­	F–{§
‚Ώ‚ΰ‚Ώ‚ΰ	‚Ώ‚ΰ‚Ώ‚ΰ	y‹a’n–z	‚ ‚θ‚¶‚²‚­	‘ε•ª§
‚¶‚ή‚µ	‚¶‚ή‚µ	y‹a’n–z	‚ ‚θ‚¶‚²‚­	‹{θ§
‚ΰ‚Α‚±‚ΰ‚Α‚±	‚ΰ‚Α‚±‚ΰ‚Α‚±	y‹a’n–z	‚ ‚θ‚¶‚²‚­	­™“‡§
‚ ‚θ‚¶‚²‚­	‚ ‚θ‚¶‚²‚­	y‹a’n–z	‚ ‚θ‚¶‚²‚­	‰«“κ§
‚Ξ‚Α‚½	‚Ξ‚Α‚½	yξqz	‚Ά‚Θ‚²	–kC“Ή
‚Ζ‚η‚ρ‚Ϊ	‚Ζ‚η‚ρ‚Ϊ	yξqz	‚Ά‚Θ‚²	ΒX§
‚Ν‚Α‚Ζ‚¬	‚Ν‚Α‚Ζ‚¬	yξqz	‚Ά‚Θ‚²	βθ§
‚Ν‚Α‚½‚¬	‚Ν‚Α‚½‚¬	yξqz	‚Ά‚Θ‚²	‹{ι§
‚Ν‚Α‚½‚¬	‚Ν‚Α‚½‚¬	yξqz	‚Ά‚Θ‚²	H“c§
‚Θ‚²	‚Θ‚²	yξqz	‚Ά‚Θ‚²	R`§
‚Θ‚²	‚Θ‚²	yξqz	‚Ά‚Θ‚²	•“‡§
‚Ν‚Λ‚Α‚±	‚Ν‚Λ‚Α‚±	yξqz	‚Ά‚Θ‚²	οι§
‚Ν‚Λ‚Α‚±	‚Ν‚Λ‚Α‚±	yξqz	‚Ά‚Θ‚²	“Θ–Ψ§
‚Θ‚Ά‚²	‚Θ‚Ά‚²	yξqz	‚Ά‚Θ‚²	Q”n§
‚Ά‚Θ‚²	‚Ά‚Θ‚²	yξqz	‚Ά‚Θ‚²	ι‹Κ§
‚Ά‚Θ‚²	‚Ά‚Θ‚²	yξqz	‚Ά‚Θ‚²	η—t§
‚Ά‚Θ‚²	‚Ά‚Θ‚²	yξqz	‚Ά‚Θ‚²	“‹“s
‚Ά‚Θ‚²	‚Ά‚Θ‚²	yξqz	‚Ά‚Θ‚²	_“ήμ§
‚Ά‚Θ‚²	‚Ά‚Θ‚²	yξqz	‚Ά‚Θ‚²	Vƒ§
‚Ά‚Θ‚²	‚Ά‚Θ‚²	yξqz	‚Ά‚Θ‚²	•xR§
‚Ά‚Θ‚²	‚Ά‚Θ‚²	yξqz	‚Ά‚Θ‚²	Ξμ§
‚Ά‚Θ‚²	‚Ά‚Θ‚²	yξqz	‚Ά‚Θ‚²	•δ§
‚Ά‚Θ‚²	‚Ά‚Θ‚²	yξqz	‚Ά‚Θ‚²	R—§
‚Ξ‚Α‚½	‚Ξ‚Α‚½	yξqz	‚Ά‚Θ‚²	’·–μ§
‚Ζ‚ρ‚Ο‚·	‚Ζ‚ρ‚Ο‚·	yξqz	‚Ά‚Θ‚²	ς•§
‚Ά‚Θ‚ρ‚Η	‚Ά‚Θ‚ρ‚Η	yξqz	‚Ά‚Θ‚²	Γ‰ª§
‚Ά‚Θ‚²	‚Ά‚Θ‚²	yξqz	‚Ά‚Θ‚²	¤’m§
‚Ά‚Θ‚²	‚Ά‚Θ‚²	yξqz	‚Ά‚Θ‚²	Od§
‚Ά‚Θ‚²	‚Ά‚Θ‚²	yξqz	‚Ά‚Θ‚²	 ‰κ§
‚Ά‚Θ‚²	‚Ά‚Θ‚²	yξqz	‚Ά‚Θ‚²	‘εγ•{
‚Ώ‚ε‚ρ‚¬‚·	‚Ώ‚ε‚ρ‚¬‚·	yξqz	‚Ά‚Θ‚²	•ΊΙ§
‚±‚»‚Μ‚¬	‚±‚»‚Μ‚¬	yξqz	‚Ά‚Θ‚²	“ή—Η§
‚Ά‚Θ‚²	‚Ά‚Θ‚²	yξqz	‚Ά‚Θ‚²	a‰ΜR§
‚¬‚·	‚¬‚·	yξqz	‚Ά‚Θ‚²	’Ήζ§
‚«‚Ά‚Έ	‚«‚Ά‚Έ	yξqz	‚Ά‚Θ‚²	“‡ª§
‚Ά‚Θ‚²	‚Ά‚Θ‚²	yξqz	‚Ά‚Θ‚²	‰ªR§
‚Ά‚Θ‚²	‚Ά‚Θ‚²	yξqz	‚Ά‚Θ‚²	L“‡§
‚Ά‚Θ‚²	‚Ά‚Θ‚²	yξqz	‚Ά‚Θ‚²	Rϋ§
‚Ά‚Θ‚²	‚Ά‚Θ‚²	yξqz	‚Ά‚Θ‚²	“Ώ“‡§
‚Ά‚Θ‚²	‚Ά‚Θ‚²	yξqz	‚Ά‚Θ‚²	μ§
‚Ά‚Θ‚²	‚Ά‚Θ‚²	yξqz	‚Ά‚Θ‚²	¤•Q§
‚Ά‚Θ‚²	‚Ά‚Θ‚²	yξqz	‚Ά‚Θ‚²	‚’m§
‚Ά‚Θ‚²	‚Ά‚Θ‚²	yξqz	‚Ά‚Θ‚²	•‰ª§
‚¶‚Α‚Ζ	‚¶‚Α‚Ζ	yξqz	‚Ά‚Θ‚²	²‰κ§
‚Ά‚Θ‚²	‚Ά‚Θ‚²	yξqz	‚Ά‚Θ‚²	’·θ§
‚¬‚ί	‚¬‚ί	yξqz	‚Ά‚Θ‚²	F–{§
‚Ά‚Θ‚²	‚Ά‚Θ‚²	yξqz	‚Ά‚Θ‚²	‘ε•ª§
‚¬‚ί	‚¬‚ί	yξqz	‚Ά‚Θ‚²	‹{θ§
‚¬‚ί	‚¬‚ί	yξqz	‚Ά‚Θ‚²	­™“‡§
‚ρ‚Θ‚®‚η‚Ί[	‚ρ‚Θ‚®‚η‚Ί[	yξqz	‚Ά‚Θ‚²	‰«“κ§
‚¨‚β‚«	‚¨‚β‚«	y΅μΔ‚«z	‚Ά‚ά‚ª‚ν‚β‚«	–kC“Ή
‚¨‚β‚«	‚¨‚β‚«	y΅μΔ‚«z	‚Ά‚ά‚ª‚ν‚β‚«	ΒX§
‚¨‚β‚«	‚¨‚β‚«	y΅μΔ‚«z	‚Ά‚ά‚ª‚ν‚β‚«	βθ§
‚¨‚¨‚Ξ‚ρ‚β‚«	‚¨‚¨‚Ξ‚ρ‚β‚«	y΅μΔ‚«z	‚Ά‚ά‚ª‚ν‚β‚«	‹{ι§
‚¨‚¨‚Ξ‚ρ‚β‚«	‚¨‚¨‚Ξ‚ρ‚β‚«	y΅μΔ‚«z	‚Ά‚ά‚ª‚ν‚β‚«	H“c§
‚¨‚¨‚Ξ‚ρ‚β‚«	‚¨‚¨‚Ξ‚ρ‚β‚«	y΅μΔ‚«z	‚Ά‚ά‚ª‚ν‚β‚«	R`§
‚«‚ρ‚Β‚Ξ	‚«‚ρ‚Β‚Ξ	y΅μΔ‚«z	‚Ά‚ά‚ª‚ν‚β‚«	•“‡§
‚¨‚¨‚Ξ‚ρ‚β‚«	‚¨‚¨‚Ξ‚ρ‚β‚«	y΅μΔ‚«z	‚Ά‚ά‚ª‚ν‚β‚«	οι§
‚Ά‚ά‚ª‚ν‚β‚«	‚Ά‚ά‚ª‚ν‚β‚«	y΅μΔ‚«z	‚Ά‚ά‚ª‚ν‚β‚«	“Θ–Ψ§
‚Ά‚ά‚ª‚ν‚β‚«	‚Ά‚ά‚ª‚ν‚β‚«	y΅μΔ‚«z	‚Ά‚ά‚ª‚ν‚β‚«	Q”n§
‚Ά‚ά‚ª‚ν‚β‚«	‚Ά‚ά‚ª‚ν‚β‚«	y΅μΔ‚«z	‚Ά‚ά‚ª‚ν‚β‚«	ι‹Κ§
‚Ά‚ά‚ª‚ν‚β‚«	‚Ά‚ά‚ª‚ν‚β‚«	y΅μΔ‚«z	‚Ά‚ά‚ª‚ν‚β‚«	η—t§
‚Ά‚ά‚ª‚ν‚β‚«	‚Ά‚ά‚ª‚ν‚β‚«	y΅μΔ‚«z	‚Ά‚ά‚ª‚ν‚β‚«	“‹“s
‚Ά‚ά‚ª‚ν‚β‚«	‚Ά‚ά‚ª‚ν‚β‚«	y΅μΔ‚«z	‚Ά‚ά‚ª‚ν‚β‚«	_“ήμ§
‚¨‚¨‚Ξ‚ρ‚β‚«	‚¨‚¨‚Ξ‚ρ‚β‚«	y΅μΔ‚«z	‚Ά‚ά‚ª‚ν‚β‚«	Vƒ§
‚¨‚¨‚Ξ‚ρ‚β‚«	‚¨‚¨‚Ξ‚ρ‚β‚«	y΅μΔ‚«z	‚Ά‚ά‚ª‚ν‚β‚«	•xR§
‚¨‚¨‚Ξ‚ρ‚β‚«	‚¨‚¨‚Ξ‚ρ‚β‚«	y΅μΔ‚«z	‚Ά‚ά‚ª‚ν‚β‚«	Ξμ§
‚Ά‚ά‚ª‚ν‚β‚«	‚Ά‚ά‚ª‚ν‚β‚«	y΅μΔ‚«z	‚Ά‚ά‚ª‚ν‚β‚«	•δ§
‚¶‚ά‚ρ‚β‚«	‚¶‚ά‚ρ‚β‚«	y΅μΔ‚«z	‚Ά‚ά‚ª‚ν‚β‚«	R—§
‚Ά‚ά‚ª‚ν‚β‚«	‚Ά‚ά‚ª‚ν‚β‚«	y΅μΔ‚«z	‚Ά‚ά‚ª‚ν‚β‚«	’·–μ§
‚¨‚¨‚Ξ‚ρ‚β‚«	‚¨‚¨‚Ξ‚ρ‚β‚«	y΅μΔ‚«z	‚Ά‚ά‚ª‚ν‚β‚«	ς•§
‚¨‚¨‚Ξ‚ρ‚β‚«	‚¨‚¨‚Ξ‚ρ‚β‚«	y΅μΔ‚«z	‚Ά‚ά‚ª‚ν‚β‚«	Γ‰ª§
‚¨‚¨‚Ξ‚ρ‚β‚«	‚¨‚¨‚Ξ‚ρ‚β‚«	y΅μΔ‚«z	‚Ά‚ά‚ª‚ν‚β‚«	¤’m§
‚©‚Ά‚Δ‚ρ‚β‚«	‚©‚Ά‚Δ‚ρ‚β‚«	y΅μΔ‚«z	‚Ά‚ά‚ª‚ν‚β‚«	Od§
‚½‚Ά‚±‚β‚«	‚½‚Ά‚±‚β‚«	y΅μΔ‚«z	‚Ά‚ά‚ª‚ν‚β‚«	 ‰κ§
‚©‚Ά‚Δ‚ρ‚β‚«	‚©‚Ά‚Δ‚ρ‚β‚«	y΅μΔ‚«z	‚Ά‚ά‚ª‚ν‚β‚«	‘εγ•{
‚²‚΄‚»‚¤‚λ‚¤	‚²‚΄‚»‚¤‚λ‚¤	y΅μΔ‚«z	‚Ά‚ά‚ª‚ν‚β‚«	•ΊΙ§
‚©‚Ά‚Δ‚ρ‚β‚«	‚©‚Ά‚Δ‚ρ‚β‚«	y΅μΔ‚«z	‚Ά‚ά‚ª‚ν‚β‚«	“ή—Η§
‚©‚Ά‚Δ‚ρ‚β‚«	‚©‚Ά‚Δ‚ρ‚β‚«	y΅μΔ‚«z	‚Ά‚ά‚ª‚ν‚β‚«	a‰ΜR§
‚¨‚¨‚Ξ‚ρ‚β‚«	‚¨‚¨‚Ξ‚ρ‚β‚«	y΅μΔ‚«z	‚Ά‚ά‚ª‚ν‚β‚«	’Ήζ§
‚¨‚¨‚Ξ‚ρ‚β‚«	‚¨‚¨‚Ξ‚ρ‚β‚«	y΅μΔ‚«z	‚Ά‚ά‚ª‚ν‚β‚«	“‡ª§
‚Σ‚¤‚ά‚ρ	‚Σ‚¤‚ά‚ρ	y΅μΔ‚«z	‚Ά‚ά‚ª‚ν‚β‚«	‰ªR§
‚Ι‚¶‚γ‚¤‚β‚«	‚Ι‚¶‚γ‚¤‚β‚«	y΅μΔ‚«z	‚Ά‚ά‚ª‚ν‚β‚«	L“‡§
‚¨‚¨‚Ξ‚ρ‚β‚«	‚¨‚¨‚Ξ‚ρ‚β‚«	y΅μΔ‚«z	‚Ά‚ά‚ª‚ν‚β‚«	Rϋ§
‚¨‚¨‚Ξ‚ρ‚β‚«	‚¨‚¨‚Ξ‚ρ‚β‚«	y΅μΔ‚«z	‚Ά‚ά‚ª‚ν‚β‚«	“Ώ“‡§
‚¨‚¨‚Ξ‚ρ‚β‚«	‚¨‚¨‚Ξ‚ρ‚β‚«	y΅μΔ‚«z	‚Ά‚ά‚ª‚ν‚β‚«	μ§
‚½‚Ά‚±‚ά‚ρ	‚½‚Ά‚±‚ά‚ρ	y΅μΔ‚«z	‚Ά‚ά‚ª‚ν‚β‚«	¤•Q§
‚½‚Ά‚±‚ά‚ρ	‚½‚Ά‚±‚ά‚ρ	y΅μΔ‚«z	‚Ά‚ά‚ª‚ν‚β‚«	‚’m§
‚©‚Ά‚Δ‚ρ‚β‚«	‚©‚Ά‚Δ‚ρ‚β‚«	y΅μΔ‚«z	‚Ά‚ά‚ª‚ν‚β‚«	•‰ª§
‚©‚Ά‚Δ‚ρ‚β‚«	‚©‚Ά‚Δ‚ρ‚β‚«	y΅μΔ‚«z	‚Ά‚ά‚ª‚ν‚β‚«	²‰κ§
‚©‚Ά‚Δ‚ρ‚β‚«	‚©‚Ά‚Δ‚ρ‚β‚«	y΅μΔ‚«z	‚Ά‚ά‚ª‚ν‚β‚«	’·θ§
‚Ω‚¤‚η‚­‚ά‚ρ‚¶‚γ‚¤	‚Ω‚¤‚η‚­‚ά‚ρ‚¶‚γ‚¤	y΅μΔ‚«z	‚Ά‚ά‚ª‚ν‚β‚«	F–{§
‚©‚Ά‚Δ‚ρ‚β‚«	‚©‚Ά‚Δ‚ρ‚β‚«	y΅μΔ‚«z	‚Ά‚ά‚ª‚ν‚β‚«	‘ε•ª§
‚©‚Ά‚Δ‚ρ‚β‚«	‚©‚Ά‚Δ‚ρ‚β‚«	y΅μΔ‚«z	‚Ά‚ά‚ª‚ν‚β‚«	‹{θ§
‚©‚Ά‚Δ‚ρ‚β‚«	‚©‚Ά‚Δ‚ρ‚β‚«	y΅μΔ‚«z	‚Ά‚ά‚ª‚ν‚β‚«	­™“‡§
‚¨‚¨‚Ξ‚ρ‚β‚«	‚¨‚¨‚Ξ‚ρ‚β‚«	y΅μΔ‚«z	‚Ά‚ά‚ª‚ν‚β‚«	‰«“κ§
‚Χ‚±	‚Χ‚±	y‹z	‚¤‚µ	–kC“Ή
‚Χ‚±	‚Χ‚±	y‹z	‚¤‚µ	ΒX§
‚Χ‚±	‚Χ‚±	y‹z	‚¤‚µ	βθ§
‚ί‚Α‚©	‚ί‚Α‚©	y–Δ‹z	‚ί‚¤‚µ	βθ§
‚Χ‚±	‚Χ‚±	y‹z	‚¤‚µ	‹{ι§
‚Χ‚±	‚Χ‚±	y‹z	‚¤‚µ	H“c§
‚¨‚µ	‚¨‚µ	y‹z	‚¤‚µ	R`§
‚Χ‚±	‚Χ‚±	y‹z	‚¤‚µ	•“‡§
‚¤‚µ‚ί	‚¤‚µ‚ί	y‹z	‚¤‚µ	οι§
‚¤‚µ‚ί	‚¤‚µ‚ί	y‹z	‚¤‚µ	“Θ–Ψ§
‚¤‚µ	‚¤‚µ	y‹z	‚¤‚µ	Q”n§
‚¤‚µ	‚¤‚µ	y‹z	‚¤‚µ	ι‹Κ§
‚¤‚µ‚ί	‚¤‚µ‚ί	y‹z	‚¤‚µ	η—t§
‚¤‚µ	‚¤‚µ	y‹z	‚¤‚µ	“‹“s
‚¤‚µ	‚¤‚µ	y‹z	‚¤‚µ	_“ήμ§
‚¨‚µ	‚¨‚µ	y‹z	‚¤‚µ	Vƒ§
‚¤‚µ	‚¤‚µ	y‹z	‚¤‚µ	•xR§
‚Ξ‚Α‚±	‚Ξ‚Α‚±	y‹z	‚¤‚µ	Ξμ§
‚¤‚µ	‚¤‚µ	y‹z	‚¤‚µ	•δ§
‚¤‚µ‚ρ‚Χ‚¥	‚¤‚µ‚ρ‚Χ‚¥	y‹z	‚¤‚µ	R—§
‚Χ‚¦‚Ϊ‚¤	‚Χ‚¦‚Ϊ‚¤	y‹z	‚¤‚µ	’·–μ§
‚¤‚Θ	‚¤‚Θ	y‹z	‚¤‚µ	ς•§
‚¤‚µ‚ρ‚Χ‚¥	‚¤‚µ‚ρ‚Χ‚¥	y‹z	‚¤‚µ	Γ‰ª§
‚¤‚µ‚ρ‚Ϊ‚¤	‚¤‚µ‚ρ‚Ϊ‚¤	y‹z	‚¤‚µ	¤’m§
‚¤‚µ	‚¤‚µ	y‹z	‚¤‚µ	Od§
‚¤‚µ‚ί	‚¤‚µ‚ί	y‹z	‚¤‚µ	 ‰κ§
‚¨‚ρ‚½	‚¨‚ρ‚½	y‰²‹z	‚¨‚·‚¤‚µ	‘εγ•{
‚¤‚Θ‚ί	‚¤‚Θ‚ί	y–Δ‹z	‚ί‚¤‚µ	‘εγ•{
‚±‚Ζ‚Ά	‚±‚Ζ‚Ά	y‰²‹z	‚¨‚·‚¤‚µ	•ΊΙ§
‚ί‚ρ‚¤‚µ	‚ί‚ρ‚¤‚µ	y–Δ‹z	‚ί‚¤‚µ	•ΊΙ§
‚¨‚ρ‚½	‚¨‚ρ‚½	y‰²‹z	‚¨‚·‚¤‚µ	“ή—Η§
‚¤‚Θ‚ί	‚¤‚Θ‚ί	y–Δ‹z	‚ί‚¤‚µ	“ή—Η§
‚¨‚ρ‚½	‚¨‚ρ‚½	y‰²‹z	‚¨‚·‚¤‚µ	a‰ΜR§
‚¤‚Θ‚ί	‚¤‚Θ‚ί	y–Δ‹z	‚ί‚¤‚µ	a‰ΜR§
‚±‚Α‚Δ	‚±‚Α‚Δ	y‰²‹z	‚¨‚·‚¤‚µ	’Ήζ§
‚¨‚Θ‚ί	‚¨‚Θ‚ί	y–Δ‹z	‚ί‚¤‚µ	’Ήζ§
‚¨‚µ	‚¨‚µ	y‹z	‚¤‚µ	“‡ª§
‚¨‚Θ‚ί	‚¨‚Θ‚ί	y–Δ‹z	‚ί‚¤‚µ	“‡ª§
‚±‚Ζ‚Ά	‚±‚Ζ‚Ά	y‰²‹z	‚¨‚·‚¤‚µ	‰ªR§
‚¨‚Θ‚έ	‚¨‚Θ‚έ	y–Δ‹z	‚ί‚¤‚µ	‰ªR§
‚±‚Α‚Δ‚¤‚µ	‚±‚Α‚Δ‚¤‚µ	y‹•¨‚π‚·‚ι‘O‚Μ‹z	‚«‚ε‚Ή‚Ά‚π‚·‚ι‚ά‚¦‚Μ‚¤‚µ	L“‡§
‚Ξ‚µ	‚Ξ‚µ	y–Δ‹z	‚ί‚¤‚µ	L“‡§
‚Χ‚Α‚Ώ	‚Χ‚Α‚Ώ	yq‹z	‚±‚¤‚µ	L“‡§
‚±‚Α‚Ζ‚Ά	‚±‚Α‚Ζ‚Ά	y‰²‹z	‚¨‚·‚¤‚µ	Rϋ§
‚±‚Α‚Ζ‚Ά	‚±‚Α‚Ζ‚Ά	y‰²‹z	‚¨‚·‚¤‚µ	“Ώ“‡§
‚¤‚µ	‚¤‚µ	y‹z	‚¤‚µ	μ§
‚Χ‚Χ	‚Χ‚Χ	yq‹z	‚±‚¤‚µ	μ§
‚Χ‚±	‚Χ‚±	y‹z	‚¤‚µ	¤•Q§
‚±‚Α‚Ζ‚Ά	‚±‚Α‚Ζ‚Ά	y‰²‹z	‚¨‚·‚¤‚µ	¤•Q§
‚±‚Α‚Ζ‚Ά	‚±‚Α‚Ζ‚Ά	y‰²‹z	‚¨‚·‚¤‚µ	‚’m§
‚¤‚µ	‚¤‚µ	y‹z	‚¤‚µ	•‰ª§
‚¤‚µ‚Μ‚±	‚¤‚µ‚Μ‚±	y‹‚Μqz	‚¤‚µ‚Μ‚±	²‰κ§
‚±‚Α‚Δ‚¤‚µ	‚±‚Α‚Δ‚¤‚µ	y‰²‹z	‚¨‚·‚¤‚µ	²‰κ§
‚±‚Α‚Δ‚¤‚µ	‚±‚Α‚Δ‚¤‚µ	y‰²‹z	‚¨‚·‚¤‚µ	’·θ§
‚¤‚Μ	‚¤‚Μ	y–Δ‹z	‚ί‚¤‚µ	’·θ§
‚±‚Α‚Δ‚¤‚µ	‚±‚Α‚Δ‚¤‚µ	y‰²‹z	‚¨‚·‚¤‚µ	F–{§
‚¤‚Θ‚ί	‚¤‚Θ‚ί	y–Δ‹z	‚ί‚¤‚µ	‘ε•ª§
‚Ϊ‚Ά‚Ϊ‚Ά	‚Ϊ‚Ά‚Ϊ‚Ά	yq‹z	‚±‚¤‚µ	‘ε•ª§
‚Χ‚Τ	‚Χ‚Τ	y‹z	‚¤‚µ	‹{θ§
‚Χ‚Τ	‚Χ‚Τ	y‹z	‚¤‚µ	­™“‡§
‚¤‚µ‚ΰ[‚ΰ[	‚¤‚µ‚ΰ[‚ΰ[	y‹z	‚¤‚µ	‰«“κ§
‚έ[‚¤‚µ	‚έ[‚¤‚µ	y–Δ‹z	‚ί‚¤‚µ	‰«“κ§
‚¤‚ν‚®‚Β	‚¤‚ν‚®‚Β	yγ—‚«z	‚¤‚ν‚Ξ‚«	–kC“Ή
‚Έ‚Α‚­	‚Έ‚Α‚­	yγ—‚«z	‚¤‚ν‚Ξ‚«	ΒX§
‚Έ‚Α‚­	‚Έ‚Α‚­	yγ—‚«z	‚¤‚ν‚Ξ‚«	βθ§
‚¤‚ν‚®‚Β	‚¤‚ν‚®‚Β	yγ—‚«z	‚¤‚ν‚Ξ‚«	‹{ι§
‚Έ‚Α‚­	‚Έ‚Α‚­	yγ—‚«z	‚¤‚ν‚Ξ‚«	H“c§
‚¤‚ν‚Ξ‚«	‚¤‚ν‚Ξ‚«	yγ—‚«z	‚¤‚ν‚Ξ‚«	R`§
‚¤‚ν‚Ξ‚«	‚¤‚ν‚Ξ‚«	yγ—‚«z	‚¤‚ν‚Ξ‚«	•“‡§
‚¤‚ν‚Ξ‚«	‚¤‚ν‚Ξ‚«	yγ—‚«z	‚¤‚ν‚Ξ‚«	οι§
‚¤‚ν‚Ξ‚«	‚¤‚ν‚Ξ‚«	yγ—‚«z	‚¤‚ν‚Ξ‚«	“Θ–Ψ§
‚¤‚ν‚Ξ‚«	‚¤‚ν‚Ξ‚«	yγ—‚«z	‚¤‚ν‚Ξ‚«	Q”n§
‚¤‚ν‚Ξ‚«	‚¤‚ν‚Ξ‚«	yγ—‚«z	‚¤‚ν‚Ξ‚«	ι‹Κ§
‚¤‚ν‚Ξ‚«	‚¤‚ν‚Ξ‚«	yγ—‚«z	‚¤‚ν‚Ξ‚«	η—t§
‚¤‚ν‚Ξ‚«	‚¤‚ν‚Ξ‚«	yγ—‚«z	‚¤‚ν‚Ξ‚«	“‹“s
‚¤‚ν‚Ξ‚«	‚¤‚ν‚Ξ‚«	yγ—‚«z	‚¤‚ν‚Ξ‚«	_“ήμ§
‚¤‚Ώ‚Ξ‚«	‚¤‚Ώ‚Ξ‚«	yγ—‚«z	‚¤‚ν‚Ξ‚«	Vƒ§
‚¤‚Ώ‚Ξ‚«	‚¤‚Ώ‚Ξ‚«	yγ—‚«z	‚¤‚ν‚Ξ‚«	•xR§
‚¤‚Ώ‚Ξ‚«	‚¤‚Ώ‚Ξ‚«	yγ—‚«z	‚¤‚ν‚Ξ‚«	Ξμ§
‚¤‚Ώ‚Έ‚Α‚­	‚¤‚Ώ‚Έ‚Α‚­	yγ—‚«z	‚¤‚ν‚Ξ‚«	•δ§
‚¤‚ν‚Ξ‚«	‚¤‚ν‚Ξ‚«	yγ—‚«z	‚¤‚ν‚Ξ‚«	R—§
‚¤‚ν‚Ξ‚«	‚¤‚ν‚Ξ‚«	yγ—‚«z	‚¤‚ν‚Ξ‚«	’·–μ§
‚¤‚ν‚Ξ‚«	‚¤‚ν‚Ξ‚«	yγ—‚«z	‚¤‚ν‚Ξ‚«	ς•§
‚¤‚ν‚Ξ‚«	‚¤‚ν‚Ξ‚«	yγ—‚«z	‚¤‚ν‚Ξ‚«	Γ‰ª§
‚¤‚ν‚Ξ‚«	‚¤‚ν‚Ξ‚«	yγ—‚«z	‚¤‚ν‚Ξ‚«	¤’m§
‚¤‚ν‚®‚Β	‚¤‚ν‚®‚Β	yγ—‚«z	‚¤‚ν‚Ξ‚«	Od§
‚¤‚ν‚®‚Β	‚¤‚ν‚®‚Β	yγ—‚«z	‚¤‚ν‚Ξ‚«	 ‰κ§
‚¤‚ν‚®‚Β	‚¤‚ν‚®‚Β	yγ—‚«z	‚¤‚ν‚Ξ‚«	‘εγ•{
‚¤‚ν‚Ξ‚«	‚¤‚ν‚Ξ‚«	yγ—‚«z	‚¤‚ν‚Ξ‚«	•ΊΙ§
‚¤‚ν‚®‚Β	‚¤‚ν‚®‚Β	yγ—‚«z	‚¤‚ν‚Ξ‚«	“ή—Η§
‚Ξ‚κ[‚µ‚γ[‚Έ	‚Ξ‚κ[‚µ‚γ[‚Έ	yγ—‚«z	‚¤‚ν‚Ξ‚«	a‰ΜR§
‚¤‚ν‚Ξ‚«	‚¤‚ν‚Ξ‚«	yγ—‚«z	‚¤‚ν‚Ξ‚«	’Ήζ§
‚¤‚ν‚Ξ‚«	‚¤‚ν‚Ξ‚«	yγ—‚«z	‚¤‚ν‚Ξ‚«	“‡ª§
‚¤‚ν‚Ξ‚«	‚¤‚ν‚Ξ‚«	yγ—‚«z	‚¤‚ν‚Ξ‚«	‰ªR§
‚¤‚ν‚Ξ‚«	‚¤‚ν‚Ξ‚«	yγ—‚«z	‚¤‚ν‚Ξ‚«	L“‡§
‚¤‚ν‚Ξ‚«	‚¤‚ν‚Ξ‚«	yγ—‚«z	‚¤‚ν‚Ξ‚«	Rϋ§
‚¤‚ν‚Ξ‚«	‚¤‚ν‚Ξ‚«	yγ—‚«z	‚¤‚ν‚Ξ‚«	“Ώ“‡§
‚¤‚ν‚®‚Β	‚¤‚ν‚®‚Β	yγ—‚«z	‚¤‚ν‚Ξ‚«	μ§
‚¤‚ν‚®‚Β	‚¤‚ν‚®‚Β	yγ—‚«z	‚¤‚ν‚Ξ‚«	¤•Q§
‚¤‚ν‚®‚Β	‚¤‚ν‚®‚Β	yγ—‚«z	‚¤‚ν‚Ξ‚«	‚’m§
‚¤‚ν‚®‚Β	‚¤‚ν‚®‚Β	yγ—‚«z	‚¤‚ν‚Ξ‚«	•‰ª§
‚¤‚ν‚®‚Β	‚¤‚ν‚®‚Β	yγ—‚«z	‚¤‚ν‚Ξ‚«	²‰κ§
‚¤‚ν‚Ξ‚«	‚¤‚ν‚Ξ‚«	yγ—‚«z	‚¤‚ν‚Ξ‚«	’·θ§
‚¤‚ν‚®‚Β	‚¤‚ν‚®‚Β	yγ—‚«z	‚¤‚ν‚Ξ‚«	F–{§
‚¤‚ν‚®‚Β	‚¤‚ν‚®‚Β	yγ—‚«z	‚¤‚ν‚Ξ‚«	‘ε•ª§
‚¤‚ν‚Ξ‚«	‚¤‚ν‚Ξ‚«	yγ—‚«z	‚¤‚ν‚Ξ‚«	‹{θ§
‚¤‚ν‚Ξ‚«	‚¤‚ν‚Ξ‚«	yγ—‚«z	‚¤‚ν‚Ξ‚«	­™“‡§
‚¤‚ν‚Ξ‚«	‚¤‚ν‚Ξ‚«	yγ—‚«z	‚¤‚ν‚Ξ‚«	‰«“κ§
‚¨‚¨‚έ‚»‚©	‚¨‚¨‚έ‚»‚©	y‘εA“ϊz	‚¨‚¨‚έ‚»‚©	–kC“Ή
‚¨‚¨‚έ‚»‚©	‚¨‚¨‚έ‚»‚©	y‘εA“ϊz	‚¨‚¨‚έ‚»‚©	ΒX§
‚¨‚¨‚έ‚»‚©	‚¨‚¨‚έ‚»‚©	y‘εA“ϊz	‚¨‚¨‚έ‚»‚©	βθ§
‚¨‚Η‚·‚Ζ‚θ	‚¨‚Η‚·‚Ζ‚θ	y‘εA“ϊz	‚¨‚¨‚έ‚»‚©	‹{ι§
‚¨‚¨‚έ‚»‚©	‚¨‚¨‚έ‚»‚©	y‘εA“ϊz	‚¨‚¨‚έ‚»‚©	H“c§
‚¨‚¨‚έ‚»‚©	‚¨‚¨‚έ‚»‚©	y‘εA“ϊz	‚¨‚¨‚έ‚»‚©	R`§
‚Ζ‚µ‚β	‚Ζ‚µ‚β	y‘εA“ϊz	‚¨‚¨‚έ‚»‚©	•“‡§
‚¨‚¨‚έ‚»‚©	‚¨‚¨‚έ‚»‚©	y‘εA“ϊz	‚¨‚¨‚έ‚»‚©	οι§
‚¨‚¨‚έ‚»‚©	‚¨‚¨‚έ‚»‚©	y‘εA“ϊz	‚¨‚¨‚έ‚»‚©	“Θ–Ψ§
‚¨‚¨‚έ‚»‚©	‚¨‚¨‚έ‚»‚©	y‘εA“ϊz	‚¨‚¨‚έ‚»‚©	Q”n§
‚¨‚¨‚έ‚»‚©	‚¨‚¨‚έ‚»‚©	y‘εA“ϊz	‚¨‚¨‚έ‚»‚©	ι‹Κ§
‚¨‚¨‚έ‚»‚©	‚¨‚¨‚έ‚»‚©	y‘εA“ϊz	‚¨‚¨‚έ‚»‚©	η—t§
‚¨‚¨‚έ‚»‚©	‚¨‚¨‚έ‚»‚©	y‘εA“ϊz	‚¨‚¨‚έ‚»‚©	“‹“s
‚¨‚¨‚έ‚»‚©	‚¨‚¨‚έ‚»‚©	y‘εA“ϊz	‚¨‚¨‚έ‚»‚©	_“ήμ§
‚Ζ‚µ‚β	‚Ζ‚µ‚β	y‘εA“ϊz	‚¨‚¨‚έ‚»‚©	Vƒ§
‚¨‚¨‚έ‚»‚©	‚¨‚¨‚έ‚»‚©	y‘εA“ϊz	‚¨‚¨‚έ‚»‚©	•xR§
‚¨‚¨‚έ‚»‚©	‚¨‚¨‚έ‚»‚©	y‘εA“ϊz	‚¨‚¨‚έ‚»‚©	Ξμ§
‚¨‚¨‚έ‚»‚©	‚¨‚¨‚έ‚»‚©	y‘εA“ϊz	‚¨‚¨‚έ‚»‚©	•δ§
‚¨‚¨‚έ‚»‚©	‚¨‚¨‚έ‚»‚©	y‘εA“ϊz	‚¨‚¨‚έ‚»‚©	R—§
‚¨‚Ζ‚µ‚Ζ‚θ	‚¨‚Ζ‚µ‚Ζ‚θ	y‘εA“ϊz	‚¨‚¨‚έ‚»‚©	’·–μ§
‚¨‚¨‚έ‚»‚©	‚¨‚¨‚έ‚»‚©	y‘εA“ϊz	‚¨‚¨‚έ‚»‚©	ς•§
‚¨‚¨‚Β‚ΰ	‚¨‚¨‚Β‚ΰ	y‘εA“ϊz	‚¨‚¨‚έ‚»‚©	Γ‰ª§
‚¨‚¨‚Β‚ΰ‚²	‚¨‚¨‚Β‚ΰ‚²	y‘εA“ϊz	‚¨‚¨‚έ‚»‚©	¤’m§
‚¨‚¨‚Β‚ΰ‚²	‚¨‚¨‚Β‚ΰ‚²	y‘εA“ϊz	‚¨‚¨‚έ‚»‚©	Od§
‚¨‚¨‚έ‚»‚©	‚¨‚¨‚έ‚»‚©	y‘εA“ϊz	‚¨‚¨‚έ‚»‚©	 ‰κ§
‚¨‚¨‚έ‚»‚©	‚¨‚¨‚έ‚»‚©	y‘εA“ϊz	‚¨‚¨‚έ‚»‚©	‘εγ•{
‚¨‚¨‚έ‚»‚©	‚¨‚¨‚έ‚»‚©	y‘εA“ϊz	‚¨‚¨‚έ‚»‚©	•ΊΙ§
‚¨‚¨‚έ‚»‚©	‚¨‚¨‚έ‚»‚©	y‘εA“ϊz	‚¨‚¨‚έ‚»‚©	“ή—Η§
‚¨‚¨‚έ‚»‚©	‚¨‚¨‚έ‚»‚©	y‘εA“ϊz	‚¨‚¨‚έ‚»‚©	a‰ΜR§
‚¨‚¨‚Β‚ΰ‚²‚θ	‚¨‚¨‚Β‚ΰ‚²‚θ	y‘εA“ϊz	‚¨‚¨‚έ‚»‚©	’Ήζ§
‚¨‚¨‚Β‚ΰ‚®‚θ	‚¨‚¨‚Β‚ΰ‚®‚θ	y‘εA“ϊz	‚¨‚¨‚έ‚»‚©	“‡ª§
‚¨‚¨‚έ‚»‚©	‚¨‚¨‚έ‚»‚©	y‘εA“ϊz	‚¨‚¨‚έ‚»‚©	‰ªR§
‚¨‚¨‚έ‚»‚©	‚¨‚¨‚έ‚»‚©	y‘εA“ϊz	‚¨‚¨‚έ‚»‚©	L“‡§
‚¨‚¨‚έ‚»‚©	‚¨‚¨‚έ‚»‚©	y‘εA“ϊz	‚¨‚¨‚έ‚»‚©	Rϋ§
‚¨‚Β‚²‚ΰ	‚¨‚Β‚²‚ΰ	y‘εA“ϊz	‚¨‚¨‚έ‚»‚©	“Ώ“‡§
‚¨‚¨‚Β‚ΰ‚²	‚¨‚¨‚Β‚ΰ‚²	y‘εA“ϊz	‚¨‚¨‚έ‚»‚©	μ§
‚¨‚Β‚ΰ‚²	‚¨‚Β‚ΰ‚²	y‘εA“ϊz	‚¨‚¨‚έ‚»‚©	¤•Q§
‚¨‚¨‚Β‚ΰ‚²	‚¨‚¨‚Β‚ΰ‚²	y‘εA“ϊz	‚¨‚¨‚έ‚»‚©	‚’m§
‚¨‚¨‚έ‚»‚©	‚¨‚¨‚έ‚»‚©	y‘εA“ϊz	‚¨‚¨‚έ‚»‚©	•‰ª§
‚¨‚¨‚έ‚»‚©	‚¨‚¨‚έ‚»‚©	y‘εA“ϊz	‚¨‚¨‚έ‚»‚©	²‰κ§
‚¨‚¨‚έ‚»‚©	‚¨‚¨‚έ‚»‚©	y‘εA“ϊz	‚¨‚¨‚έ‚»‚©	’·θ§
‚¨‚¨‚έ‚»‚©	‚¨‚¨‚έ‚»‚©	y‘εA“ϊz	‚¨‚¨‚έ‚»‚©	F–{§
‚¨‚¨‚έ‚»‚©	‚¨‚¨‚έ‚»‚©	y‘εA“ϊz	‚¨‚¨‚έ‚»‚©	‘ε•ª§
‚¨‚¨‚έ‚»‚©	‚¨‚¨‚έ‚»‚©	y‘εA“ϊz	‚¨‚¨‚έ‚»‚©	‹{θ§
‚Ζ‚µ‚Μ‚Ξ‚ρ	‚Ζ‚µ‚Μ‚Ξ‚ρ	y‘εA“ϊz	‚¨‚¨‚έ‚»‚©	­™“‡§
‚Ζ‚£‚µ‚Μ‚δ‚ι[	‚Ζ‚£‚µ‚Μ‚δ‚ι[	y‘εA“ϊz	‚¨‚¨‚έ‚»‚©	‰«“κ§
‚―‚Α‚Β	‚―‚Α‚Β	y‚¨Kz	‚¨‚µ‚θ	–kC“Ή
‚―‚Α‚Β	‚―‚Α‚Β	y‚¨Kz	‚¨‚µ‚θ	ΒX§
‚―‚Α‚Β	‚―‚Α‚Β	y‚¨Kz	‚¨‚µ‚θ	βθ§
‚―‚Α‚Β	‚―‚Α‚Β	y‚¨Kz	‚¨‚µ‚θ	‹{ι§
‚―‚Β	‚―‚Β	y‚¨Kz	‚¨‚µ‚θ	H“c§
‚―‚Α‚Β	‚―‚Α‚Β	y‚¨Kz	‚¨‚µ‚θ	R`§
‚―‚Β	‚―‚Β	y‚¨Kz	‚¨‚µ‚θ	•“‡§
‚―‚Β	‚―‚Β	y‚¨Kz	‚¨‚µ‚θ	οι§
‚―‚Β‚Α‚Ψ‚½	‚―‚Β‚Α‚Ψ‚½	y‚¨Kz	‚¨‚µ‚θ	“Θ–Ψ§
‚―‚Β‚Α‚Ψ‚½	‚―‚Β‚Α‚Ψ‚½	y‚¨Kz	‚¨‚µ‚θ	Q”n§
‚―‚Β	‚―‚Β	y‚¨Kz	‚¨‚µ‚θ	ι‹Κ§
‚µ‚θ	‚µ‚θ	y‚¨Kz	‚¨‚µ‚θ	η—t§
‚µ‚θ	‚µ‚θ	y‚¨Kz	‚¨‚µ‚θ	“‹“s
‚Ε‚ρ‚Ϊ	‚Ε‚ρ‚Ϊ	y‚¨Kz	‚¨‚µ‚θ	_“ήμ§
‚µ‚Α‚Ψ‚½	‚µ‚Α‚Ψ‚½	y‚¨Kz	‚¨‚µ‚θ	Vƒ§
‚°‚·‚Χ‚½	‚°‚·‚Χ‚½	y‚¨Kz	‚¨‚µ‚θ	•xR§
‚¨‚ρ‚Η‚Ρ	‚¨‚ρ‚Η‚Ρ	y‚¨Kz	‚¨‚µ‚θ	Ξμ§
‚―‚Β‚Χ‚Α‚½	‚―‚Β‚Χ‚Α‚½	y‚¨Kz	‚¨‚µ‚θ	•δ§
‚―‚Β	‚―‚Β	y‚¨Kz	‚¨‚µ‚θ	R—§
‚¨‚―‚Β	‚¨‚―‚Β	y‚¨Kz	‚¨‚µ‚θ	’·–μ§
‚µ‚θ‚±‚Τ‚½	‚µ‚θ‚±‚Τ‚½	y‚¨Kz	‚¨‚µ‚θ	ς•§
‚―‚Β	‚―‚Β	y‚¨Kz	‚¨‚µ‚θ	Γ‰ª§
‚¨‚―‚Β	‚¨‚―‚Β	y‚¨Kz	‚¨‚µ‚θ	¤’m§
‚¨‚Ά‚Η	‚¨‚Ά‚Η	y‚¨Kz	‚¨‚µ‚θ	Od§
‚¨‚Ά‚Η	‚¨‚Ά‚Η	y‚¨Kz	‚¨‚µ‚θ	 ‰κ§
‚¨‚Ά‚Η	‚¨‚Ά‚Η	y‚¨Kz	‚¨‚µ‚θ	‘εγ•{
‚¨‚Ά‚Η	‚¨‚Ά‚Η	y‚¨Kz	‚¨‚µ‚θ	•ΊΙ§
‚¨‚Ά‚Η	‚¨‚Ά‚Η	y‚¨Kz	‚¨‚µ‚θ	“ή—Η§
‚―‚Β	‚―‚Β	y‚¨Kz	‚¨‚µ‚θ	a‰ΜR§
‚Π‚Ώ‚Χ	‚Π‚Ώ‚Χ	y‚¨Kz	‚¨‚µ‚θ	’Ήζ§
‚Ά‚Η	‚Ά‚Η	y‚¨Kz	‚¨‚µ‚θ	“‡ª§
‚―‚Β	‚―‚Β	y‚¨Kz	‚¨‚µ‚θ	‰ªR§
‚―‚Β	‚―‚Β	y‚¨Kz	‚¨‚µ‚θ	L“‡§
‚µ‚θ‚©‚Τ‚Ζ	‚µ‚θ‚©‚Τ‚Ζ	y‚¨Kz	‚¨‚µ‚θ	Rϋ§
‚Β‚Χ	‚Β‚Χ	y‚¨Kz	‚¨‚µ‚θ	“Ώ“‡§
‚¨‚Ά‚Η	‚¨‚Ά‚Η	y‚¨Kz	‚¨‚µ‚θ	μ§
‚Β‚Χ	‚Β‚Χ	y‚¨Kz	‚¨‚µ‚θ	¤•Q§
‚¨‚Ά‚Η	‚¨‚Ά‚Η	y‚¨Kz	‚¨‚µ‚θ	‚’m§
‚¨‚―‚Β	‚¨‚―‚Β	y‚¨Kz	‚¨‚µ‚θ	•‰ª§
‚µ[	‚µ[	y‚¨Kz	‚¨‚µ‚θ	²‰κ§
‚¶‚²	‚¶‚²	y‚¨Kz	‚¨‚µ‚θ	’·θ§
‚¶‚²	‚¶‚²	y‚¨Kz	‚¨‚µ‚θ	F–{§
‚Ά‚Η	‚Ά‚Η	y‚¨Kz	‚¨‚µ‚θ	‘ε•ª§
‚µ‚θ‚©‚Τ‚Ζ	‚µ‚θ‚©‚Τ‚Ζ	y‚¨Kz	‚¨‚µ‚θ	‹{θ§
‚°‚ρ	‚°‚ρ	y‚¨Kz	‚¨‚µ‚θ	­™“‡§
‚Β‚΅‚Ρ	‚Β‚΅‚Ρ	y‚¨Kz	‚¨‚µ‚θ	‰«“κ§
‚ª‚Ά‚ι‚²	‚ª‚Ά‚ι‚²	yδ‹ΚΫqz	‚¨‚½‚ά‚¶‚α‚­‚µ	–kC“Ή
‚ΰ‚Α‚―‚Μ‚ά‚Ά‚±	‚ΰ‚Α‚―‚Μ‚ά‚Ά‚±	yδ‹ΚΫqz	‚¨‚½‚ά‚¶‚α‚­‚µ	ΒX§
‚¬‚α‚η‚²	‚¬‚α‚η‚²	yδ‹ΚΫqz	‚¨‚½‚ά‚¶‚α‚­‚µ	βθ§
‚°‚λ‚²	‚°‚λ‚²	yδ‹ΚΫqz	‚¨‚½‚ά‚¶‚α‚­‚µ	‹{ι§
‚¬‚α‚η‚®‚Η	‚¬‚α‚η‚®‚Η	yδ‹ΚΫqz	‚¨‚½‚ά‚¶‚α‚­‚µ	H“c§
‚¬‚α‚η‚­‚Ζ	‚¬‚α‚η‚­‚Ζ	yδ‹ΚΫqz	‚¨‚½‚ά‚¶‚α‚­‚µ	R`§
‚¨‚½‚ά‚¶‚α‚­‚µ	‚¨‚½‚ά‚¶‚α‚­‚µ	yδ‹ΚΫqz	‚¨‚½‚ά‚¶‚α‚­‚µ	•“‡§
‚©‚¦‚ι‚±‚ρ‚Ϊ	‚©‚¦‚ι‚±‚ρ‚Ϊ	yδ‹ΚΫqz	‚¨‚½‚ά‚¶‚α‚­‚µ	οι§
‚Ξ‚Ξ‚·‚±	‚Ξ‚Ξ‚·‚±	yδ‹ΚΫqz	‚¨‚½‚ά‚¶‚α‚­‚µ	“Θ–Ψ§
‚Ξ‚Ξ‚ρ‚²	‚Ξ‚Ξ‚ρ‚²	yδ‹ΚΫqz	‚¨‚½‚ά‚¶‚α‚­‚µ	Q”n§
‚¨‚½‚ά‚¶‚α‚­‚µ	‚¨‚½‚ά‚¶‚α‚­‚µ	yδ‹ΚΫqz	‚¨‚½‚ά‚¶‚α‚­‚µ	ι‹Κ§
‚¶‚ε‚ρ‚²‚λ	‚¶‚ε‚ρ‚²‚λ	yδ‹ΚΫqz	‚¨‚½‚ά‚¶‚α‚­‚µ	η—t§
‚¨‚½‚ά‚¶‚α‚­‚µ	‚¨‚½‚ά‚¶‚α‚­‚µ	yδ‹ΚΫqz	‚¨‚½‚ά‚¶‚α‚­‚µ	“‹“s
‚¨‚½‚ά‚¶‚α‚­‚µ	‚¨‚½‚ά‚¶‚α‚­‚µ	yδ‹ΚΫqz	‚¨‚½‚ά‚¶‚α‚­‚µ	_“ήμ§
‚°‚[‚Ώ‚ά	‚°‚[‚Ώ‚ά	yδ‹ΚΫqz	‚¨‚½‚ά‚¶‚α‚­‚µ	Vƒ§
‚¨‚½‚ά‚¶‚α‚­‚µ	‚¨‚½‚ά‚¶‚α‚­‚µ	yδ‹ΚΫqz	‚¨‚½‚ά‚¶‚α‚­‚µ	•xR§
‚¨‚½‚ά‚¶‚α‚­‚µ	‚¨‚½‚ά‚¶‚α‚­‚µ	yδ‹ΚΫqz	‚¨‚½‚ά‚¶‚α‚­‚µ	Ξμ§
‚¨‚½‚ά‚¶‚α‚­‚µ	‚¨‚½‚ά‚¶‚α‚­‚µ	yδ‹ΚΫqz	‚¨‚½‚ά‚¶‚α‚­‚µ	•δ§
‚¨‚½‚ά‚¶‚α‚­‚µ	‚¨‚½‚ά‚¶‚α‚­‚µ	yδ‹ΚΫqz	‚¨‚½‚ά‚¶‚α‚­‚µ	R—§
‚¨‚½‚ά‚Α‚±	‚¨‚½‚ά‚Α‚±	yδ‹ΚΫqz	‚¨‚½‚ά‚¶‚α‚­‚µ	’·–μ§
‚Η‚Ύ‚ά	‚Η‚Ύ‚ά	yδ‹ΚΫqz	‚¨‚½‚ά‚¶‚α‚­‚µ	ς•§
‚¨‚½‚ά‚Α‚±	‚¨‚½‚ά‚Α‚±	yδ‹ΚΫqz	‚¨‚½‚ά‚¶‚α‚­‚µ	Γ‰ª§
‚Ύ‚ρ‚ά‚®‚Β	‚Ύ‚ρ‚ά‚®‚Β	yδ‹ΚΫqz	‚¨‚½‚ά‚¶‚α‚­‚µ	¤’m§
‚¨‚½‚ά‚¶‚α‚­‚µ	‚¨‚½‚ά‚¶‚α‚­‚µ	yδ‹ΚΫqz	‚¨‚½‚ά‚¶‚α‚­‚µ	Od§
‚¨‚½‚ά‚¶‚α‚­‚µ	‚¨‚½‚ά‚¶‚α‚­‚µ	yδ‹ΚΫqz	‚¨‚½‚ά‚¶‚α‚­‚µ	 ‰κ§
‚¨‚½‚ά‚¶‚α‚­‚µ	‚¨‚½‚ά‚¶‚α‚­‚µ	yδ‹ΚΫqz	‚¨‚½‚ά‚¶‚α‚­‚µ	‘εγ•{
‚¨‚½‚ά‚¶‚α‚­‚µ	‚¨‚½‚ά‚¶‚α‚­‚µ	yδ‹ΚΫqz	‚¨‚½‚ά‚¶‚α‚­‚µ	•ΊΙ§
‚ª‚Ά‚λ‚­‚Ύ‚ά	‚ª‚Ά‚λ‚­‚Ύ‚ά	yδ‹ΚΫqz	‚¨‚½‚ά‚¶‚α‚­‚µ	“ή—Η§
‚©‚Ά‚ι‚²	‚©‚Ά‚ι‚²	yδ‹ΚΫqz	‚¨‚½‚ά‚¶‚α‚­‚µ	a‰ΜR§
‚¨‚½‚ά‚¶‚α‚­‚µ	‚¨‚½‚ά‚¶‚α‚­‚µ	yδ‹ΚΫqz	‚¨‚½‚ά‚¶‚α‚­‚µ	’Ήζ§
‚¨‚½‚ά‚¶‚α‚­‚µ	‚¨‚½‚ά‚¶‚α‚­‚µ	yδ‹ΚΫqz	‚¨‚½‚ά‚¶‚α‚­‚µ	“‡ª§
‚¨‚½‚ά‚¶‚α‚­‚µ	‚¨‚½‚ά‚¶‚α‚­‚µ	yδ‹ΚΫqz	‚¨‚½‚ά‚¶‚α‚­‚µ	‰ªR§
‚Η‚Χ‚η‚±	‚Η‚Χ‚η‚±	yδ‹ΚΫqz	‚¨‚½‚ά‚¶‚α‚­‚µ	L“‡§
‚½‚Σ‚®	‚½‚Σ‚®	yδ‹ΚΫqz	‚¨‚½‚ά‚¶‚α‚­‚µ	Rϋ§
‚¨‚½‚ά‚¶‚α‚­‚µ	‚¨‚½‚ά‚¶‚α‚­‚µ	yδ‹ΚΫqz	‚¨‚½‚ά‚¶‚α‚­‚µ	“Ώ“‡§
‚¨‚½‚ά‚¶‚α‚­‚µ	‚¨‚½‚ά‚¶‚α‚­‚µ	yδ‹ΚΫqz	‚¨‚½‚ά‚¶‚α‚­‚µ	μ§
‚¨‚½‚ά‚¶‚α‚­‚µ	‚¨‚½‚ά‚¶‚α‚­‚µ	yδ‹ΚΫqz	‚¨‚½‚ά‚¶‚α‚­‚µ	¤•Q§
‚¨‚½‚ά‚¶‚α‚­‚µ	‚¨‚½‚ά‚¶‚α‚­‚µ	yδ‹ΚΫqz	‚¨‚½‚ά‚¶‚α‚­‚µ	‚’m§
‚°‚¦‚θ	‚°‚¦‚θ	yδ‹ΚΫqz	‚¨‚½‚ά‚¶‚α‚­‚µ	•‰ª§
‚¨‚½‚ά‚¶‚α‚­‚µ	‚¨‚½‚ά‚¶‚α‚­‚µ	yδ‹ΚΫqz	‚¨‚½‚ά‚¶‚α‚­‚µ	²‰κ§
‚¬‚α‚θ‚±	‚¬‚α‚θ‚±	yδ‹ΚΫqz	‚¨‚½‚ά‚¶‚α‚­‚µ	’·θ§
‚¨‚λ‚λ‚ρ‚±	‚¨‚λ‚λ‚ρ‚±	yδ‹ΚΫqz	‚¨‚½‚ά‚¶‚α‚­‚µ	F–{§
‚¨‚½‚ά‚¶‚α‚­‚µ	‚¨‚½‚ά‚¶‚α‚­‚µ	yδ‹ΚΫqz	‚¨‚½‚ά‚¶‚α‚­‚µ	‘ε•ª§
‚°‚ι‚Μ‚±	‚°‚ι‚Μ‚±	yδ‹ΚΫqz	‚¨‚½‚ά‚¶‚α‚­‚µ	‹{θ§
‚°‚Ά‚Μ‚±	‚°‚Ά‚Μ‚±	yδ‹ΚΫqz	‚¨‚½‚ά‚¶‚α‚­‚µ	­™“‡§
‚ ‚έ‚Θ[	‚ ‚έ‚Θ[	yδ‹ΚΫqz	‚¨‚½‚ά‚¶‚α‚­‚µ	‰«“κ§
‚¨‚Β‚ά‚έ	‚¨‚Β‚ά‚έ	y‚¨“E‚έz	‚¨‚Β‚ά‚έ	–kC“Ή
‚·‚Ξ‚Ε	‚·‚Ξ‚Ε	y‚¨“E‚έz	‚¨‚Β‚ά‚έ	ΒX§
‚·‚Ξ‚Ε	‚·‚Ξ‚Ε	y‚¨“E‚έz	‚¨‚Β‚ά‚έ	βθ§
‚·‚Ξ‚Ε	‚·‚Ξ‚Ε	y‚¨“E‚έz	‚¨‚Β‚ά‚έ	‹{ι§
‚¨‚Β‚ά‚έ	‚¨‚Β‚ά‚έ	y‚¨“E‚έz	‚¨‚Β‚ά‚έ	H“c§
‚¨‚Β‚ά‚έ	‚¨‚Β‚ά‚έ	y‚¨“E‚έz	‚¨‚Β‚ά‚έ	R`§
‚¨‚Β‚ά‚έ	‚¨‚Β‚ά‚έ	y‚¨“E‚έz	‚¨‚Β‚ά‚έ	•“‡§
‚¨‚Β‚ά‚έ	‚¨‚Β‚ά‚έ	y‚¨“E‚έz	‚¨‚Β‚ά‚έ	οι§
‚¨‚Β‚ά‚έ	‚¨‚Β‚ά‚έ	y‚¨“E‚έz	‚¨‚Β‚ά‚έ	“Θ–Ψ§
‚¨‚Β‚ά‚έ	‚¨‚Β‚ά‚έ	y‚¨“E‚έz	‚¨‚Β‚ά‚έ	Q”n§
‚¨‚Β‚ά‚έ	‚¨‚Β‚ά‚έ	y‚¨“E‚έz	‚¨‚Β‚ά‚έ	ι‹Κ§
‚¨‚Β‚ά‚έ	‚¨‚Β‚ά‚έ	y‚¨“E‚έz	‚¨‚Β‚ά‚έ	η—t§
‚¨‚Β‚ά‚έ	‚¨‚Β‚ά‚έ	y‚¨“E‚έz	‚¨‚Β‚ά‚έ	“‹“s
‚¨‚Β‚ά‚έ	‚¨‚Β‚ά‚έ	y‚¨“E‚έz	‚¨‚Β‚ά‚έ	_“ήμ§
‚¨‚Β‚ά‚έ	‚¨‚Β‚ά‚έ	y‚¨“E‚έz	‚¨‚Β‚ά‚έ	Vƒ§
‚¨‚Β‚ά‚έ	‚¨‚Β‚ά‚έ	y‚¨“E‚έz	‚¨‚Β‚ά‚έ	•xR§
‚¨‚Β‚ά‚έ	‚¨‚Β‚ά‚έ	y‚¨“E‚έz	‚¨‚Β‚ά‚έ	Ξμ§
‚¨‚Β‚ά‚έ	‚¨‚Β‚ά‚έ	y‚¨“E‚έz	‚¨‚Β‚ά‚έ	•δ§
‚¨‚Β‚ά‚έ	‚¨‚Β‚ά‚έ	y‚¨“E‚έz	‚¨‚Β‚ά‚έ	R—§
‚¨‚Β‚ά‚έ	‚¨‚Β‚ά‚έ	y‚¨“E‚έz	‚¨‚Β‚ά‚έ	’·–μ§
‚¨‚Β‚ά‚έ	‚¨‚Β‚ά‚έ	y‚¨“E‚έz	‚¨‚Β‚ά‚έ	ς•§
‚¨‚Β‚ά‚έ	‚¨‚Β‚ά‚έ	y‚¨“E‚έz	‚¨‚Β‚ά‚έ	Γ‰ª§
‚¨‚Β‚ά‚έ	‚¨‚Β‚ά‚έ	y‚¨“E‚έz	‚¨‚Β‚ά‚έ	¤’m§
‚ ‚Δ	‚ ‚Δ	y‚¨“E‚έz	‚¨‚Β‚ά‚έ	Od§
‚ ‚Δ	‚ ‚Δ	y‚¨“E‚έz	‚¨‚Β‚ά‚έ	 ‰κ§
‚ ‚Δ	‚ ‚Δ	y‚¨“E‚έz	‚¨‚Β‚ά‚έ	‘εγ•{
‚ ‚Δ	‚ ‚Δ	y‚¨“E‚έz	‚¨‚Β‚ά‚έ	•ΊΙ§
‚ ‚Δ	‚ ‚Δ	y‚¨“E‚έz	‚¨‚Β‚ά‚έ	“ή—Η§
‚ ‚Δ	‚ ‚Δ	y‚¨“E‚έz	‚¨‚Β‚ά‚έ	a‰ΜR§
‚¨‚Β‚ά‚έ	‚¨‚Β‚ά‚έ	y‚¨“E‚έz	‚¨‚Β‚ά‚έ	’Ήζ§
‚¨‚Β‚ά‚έ	‚¨‚Β‚ά‚έ	y‚¨“E‚έz	‚¨‚Β‚ά‚έ	“‡ª§
‚¨‚Β‚ά‚έ	‚¨‚Β‚ά‚έ	y‚¨“E‚έz	‚¨‚Β‚ά‚έ	‰ªR§
‚¨‚Β‚ά‚έ	‚¨‚Β‚ά‚έ	y‚¨“E‚έz	‚¨‚Β‚ά‚έ	L“‡§
‚¨‚Β‚ά‚έ	‚¨‚Β‚ά‚έ	y‚¨“E‚έz	‚¨‚Β‚ά‚έ	Rϋ§
‚¨‚Β‚ά‚έ	‚¨‚Β‚ά‚έ	y‚¨“E‚έz	‚¨‚Β‚ά‚έ	“Ώ“‡§
‚¨‚Β‚ά‚έ	‚¨‚Β‚ά‚έ	y‚¨“E‚έz	‚¨‚Β‚ά‚έ	μ§
‚¨‚Β‚ά‚έ	‚¨‚Β‚ά‚έ	y‚¨“E‚έz	‚¨‚Β‚ά‚έ	¤•Q§
‚ ‚Δ	‚ ‚Δ	y‚¨“E‚έz	‚¨‚Β‚ά‚έ	‚’m§
‚¨‚Β‚ά‚έ	‚¨‚Β‚ά‚έ	y‚¨“E‚έz	‚¨‚Β‚ά‚έ	•‰ª§
‚µ‚α[	‚µ‚α[	y‚¨“E‚έz	‚¨‚Β‚ά‚έ	²‰κ§
‚µ‚α[	‚µ‚α[	y‚¨“E‚έz	‚¨‚Β‚ά‚έ	’·θ§
‚¨‚Β‚ά‚έ	‚¨‚Β‚ά‚έ	y‚¨“E‚έz	‚¨‚Β‚ά‚έ	F–{§
‚¨‚Β‚ά‚έ	‚¨‚Β‚ά‚έ	y‚¨“E‚έz	‚¨‚Β‚ά‚έ	‘ε•ª§
‚¨‚Β‚ά‚έ	‚¨‚Β‚ά‚έ	y‚¨“E‚έz	‚¨‚Β‚ά‚έ	‹{θ§
‚µ‚ε‚―	‚µ‚ε‚―	y‚¨“E‚έz	‚¨‚Β‚ά‚έ	­™“‡§
‚¨‚Β‚ά‚έ	‚¨‚Β‚ά‚έ	y‚¨“E‚έz	‚¨‚Β‚ά‚έ	‰«“κ§
‚ ‚β‚±	‚ ‚β‚±	y‚¨θ‹Κz	‚¨‚Δ‚Ύ‚ά	–kC“Ή
‚ ‚β‚±	‚ ‚β‚±	y‚¨θ‹Κz	‚¨‚Δ‚Ύ‚ά	ΒX§
‚¨‚Ύ‚ά	‚¨‚Ύ‚ά	y‚¨θ‹Κz	‚¨‚Δ‚Ύ‚ά	βθ§
‚ª‚Ά‚«	‚ª‚Ά‚«	y‚¨θ‹Κz	‚¨‚Δ‚Ύ‚ά	‹{ι§
‚Ύ‚ά‚±	‚Ύ‚ά‚±	y‚¨θ‹Κz	‚¨‚Δ‚Ύ‚ά	H“c§
‚ª‚Α‚«	‚ª‚Α‚«	y‚¨θ‹Κz	‚¨‚Δ‚Ύ‚ά	R`§
‚Ά‚µ‚Θ‚²	‚Ά‚µ‚Θ‚²	y‚¨θ‹Κz	‚¨‚Δ‚Ύ‚ά	•“‡§
‚¨‚µ‚Θ‚²	‚¨‚µ‚Θ‚²	y‚¨θ‹Κz	‚¨‚Δ‚Ύ‚ά	οι§
‚¨‚Π‚Ζ‚Β	‚¨‚Π‚Ζ‚Βi“•”j	y‚¨θ‹Κz	‚¨‚Δ‚Ύ‚ά	“Θ–Ψ§
‚¨‚Δ‚Ύ‚ά	‚¨‚Δ‚Ύ‚ά	y‚¨θ‹Κz	‚¨‚Δ‚Ύ‚ά	Q”n§
‚¨‚¶‚α‚έ	‚¨‚¶‚α‚έ	y‚¨θ‹Κz	‚¨‚Δ‚Ύ‚ά	ι‹Κ§
‚¨‚Δ‚Ύ‚ά	‚¨‚Δ‚Ύ‚ά	y‚¨θ‹Κz	‚¨‚Δ‚Ύ‚ά	η—t§
‚¨‚Δ‚Ύ‚ά	‚¨‚Δ‚Ύ‚ά	y‚¨θ‹Κz	‚¨‚Δ‚Ύ‚ά	“‹“s
‚¨‚¶‚α‚έ	‚¨‚¶‚α‚έ	y‚¨θ‹Κz	‚¨‚Δ‚Ύ‚ά	_“ήμ§
‚΄‚Α‚«	‚΄‚Α‚«	y‚¨θ‹Κz	‚¨‚Δ‚Ύ‚ά	Vƒ§
‚¨‚¶‚α‚έ	‚¨‚¶‚α‚έ	y‚¨θ‹Κz	‚¨‚Δ‚Ύ‚ά	•xR§
‚¨‚¶‚α‚έ	‚¨‚¶‚α‚έ	y‚¨θ‹Κz	‚¨‚Δ‚Ύ‚ά	Ξμ§
‚¨‚¶‚α‚έ	‚¨‚¶‚α‚έ	y‚¨θ‹Κz	‚¨‚Δ‚Ύ‚ά	•δ§
‚¨‚¶‚α‚έ	‚¨‚¶‚α‚έ	y‚¨θ‹Κz	‚¨‚Δ‚Ύ‚ά	R—§
‚ ‚β‚¨‚θ	‚ ‚β‚¨‚θ	y‚¨θ‹Κz	‚¨‚Δ‚Ύ‚ά	’·–μ§
‚Ά‚µ‚Θ‚²	‚Ά‚µ‚Θ‚²i‘ε_j	y‚¨θ‹Κz	‚¨‚Δ‚Ύ‚ά	ς•§
‚¨‚¶‚α‚έ	‚¨‚¶‚α‚έ	y‚¨θ‹Κz	‚¨‚Δ‚Ύ‚ά	Γ‰ª§
‚¨‚¶‚α‚έ	‚¨‚¶‚α‚έ	y‚¨θ‹Κz	‚¨‚Δ‚Ύ‚ά	¤’m§
‚¨‚Δ‚Ύ‚ά	‚¨‚Δ‚Ύ‚ά	y‚¨θ‹Κz	‚¨‚Δ‚Ύ‚ά	Od§
‚¨‚¶‚α‚έ	‚¨‚¶‚α‚έ	y‚¨θ‹Κz	‚¨‚Δ‚Ύ‚ά	 ‰κ§
‚¨‚¶‚α‚έ	‚¨‚¶‚α‚έ	y‚¨θ‹Κz	‚¨‚Δ‚Ύ‚ά	‘εγ•{
‚¨‚¶‚α‚έ	‚¨‚¶‚α‚έ	y‚¨θ‹Κz	‚¨‚Δ‚Ύ‚ά	•ΊΙ§
‚¨‚¶‚α‚έ	‚¨‚¶‚α‚έ	y‚¨θ‹Κz	‚¨‚Δ‚Ύ‚ά	“ή—Η§
‚¨‚Δ‚Ύ‚ά	‚¨‚Δ‚Ύ‚ά	y‚¨θ‹Κz	‚¨‚Δ‚Ύ‚ά	a‰ΜR§
‚¨‚Δ‚Ύ‚ά	‚¨‚Δ‚Ύ‚ά	y‚¨θ‹Κz	‚¨‚Δ‚Ύ‚ά	’Ήζ§
‚¨‚¶‚α‚έ	‚¨‚¶‚α‚έ	y‚¨θ‹Κz	‚¨‚Δ‚Ύ‚ά	“‡ª§
‚¨‚Δ‚Ύ‚ά	‚¨‚Δ‚Ύ‚ά	y‚¨θ‹Κz	‚¨‚Δ‚Ύ‚ά	‰ªR§
‚¨‚¶‚α‚έ	‚¨‚¶‚α‚έ	y‚¨θ‹Κz	‚¨‚Δ‚Ύ‚ά	L“‡§
‚¨‚¶‚α‚έ	‚¨‚¶‚α‚έ	y‚¨θ‹Κz	‚¨‚Δ‚Ύ‚ά	Rϋ§
‚¨‚¶‚α‚έ	‚¨‚¶‚α‚έ	y‚¨θ‹Κz	‚¨‚Δ‚Ύ‚ά	“Ώ“‡§
‚¨‚¶‚α‚έ	‚¨‚¶‚α‚έ	y‚¨θ‹Κz	‚¨‚Δ‚Ύ‚ά	μ§
‚¨‚¶‚α‚έ	‚¨‚¶‚α‚έ	y‚¨θ‹Κz	‚¨‚Δ‚Ύ‚ά	¤•Q§
‚¨‚¶‚α‚έ	‚¨‚¶‚α‚έ	y‚¨θ‹Κz	‚¨‚Δ‚Ύ‚ά	‚’m§
‚¨‚Δ‚Ύ‚ά	‚¨‚Δ‚Ύ‚ά	y‚¨θ‹Κz	‚¨‚Δ‚Ύ‚ά	•‰ª§
‚¨‚Δ‚Ύ‚ά	‚¨‚Δ‚Ύ‚ά	y‚¨θ‹Κz	‚¨‚Δ‚Ύ‚ά	²‰κ§
‚¨‚Δ‚Ύ‚ά	‚¨‚Δ‚Ύ‚ά	y‚¨θ‹Κz	‚¨‚Δ‚Ύ‚ά	’·θ§
‚¨‚¶‚α‚έ	‚¨‚¶‚α‚έ	y‚¨θ‹Κz	‚¨‚Δ‚Ύ‚ά	F–{§
‚¨‚¶‚α‚έ	‚¨‚¶‚α‚έ	y‚¨θ‹Κz	‚¨‚Δ‚Ύ‚ά	‘ε•ª§
‚¨‚¶‚α‚έ	‚¨‚¶‚α‚έ	y‚¨θ‹Κz	‚¨‚Δ‚Ύ‚ά	‹{θ§
‚Ώ‚ε‚λ‚¶‚ε	‚Ώ‚ε‚λ‚¶‚ε	y‚¨θ‹Κz	‚¨‚Δ‚Ύ‚ά	­™“‡§
‚¨[‚µ[‚Ζ[	‚¨[‚µ[‚Ζ[	y‚¨θ‹Κz	‚¨‚Δ‚Ύ‚ά	‰«“κ§
‚Ώ‚α‚θ	‚Ώ‚α‚θ	y©“]Τz	‚¶‚Δ‚ρ‚µ‚α	ΒX§
‚Ώ‚α‚θ	‚Ώ‚α‚θ	y©“]Τz	‚¶‚Δ‚ρ‚µ‚α	βθ§
‚Ώ‚α‚θ	‚Ώ‚α‚θ	y©“]Τz	‚¶‚Δ‚ρ‚µ‚α	‹{ι§
‚Ώ‚α‚θ	‚Ώ‚α‚θ	y©“]Τz	‚¶‚Δ‚ρ‚µ‚α	H“c§
‚Ώ‚α‚θ	‚Ώ‚α‚θ	y©“]Τz	‚¶‚Δ‚ρ‚µ‚α	R`§
‚Ώ‚α‚θ	‚Ώ‚α‚θ	y©“]Τz	‚¶‚Δ‚ρ‚µ‚α	•“‡§
‚Ώ‚α‚θ	‚Ώ‚α‚θ	y©“]Τz	‚¶‚Δ‚ρ‚µ‚α	οι§
‚Ώ‚α‚θ	‚Ώ‚α‚θ	y©“]Τz	‚¶‚Δ‚ρ‚µ‚α	“Θ–Ψ§
‚Ώ‚α‚θ	‚Ώ‚α‚θ	y©“]Τz	‚¶‚Δ‚ρ‚µ‚α	Q”n§
‚Ώ‚α‚θ	‚Ώ‚α‚θ	y©“]Τz	‚¶‚Δ‚ρ‚µ‚α	ι‹Κ§
‚Ώ‚α‚θ	‚Ώ‚α‚θ	y©“]Τz	‚¶‚Δ‚ρ‚µ‚α	η—t§
‚Ώ‚α‚θ	‚Ώ‚α‚θ	y©“]Τz	‚¶‚Δ‚ρ‚µ‚α	“‹“s
‚Ώ‚α‚θ	‚Ώ‚α‚θ	y©“]Τz	‚¶‚Δ‚ρ‚µ‚α	_“ήμ§
‚Ώ‚α‚θ	‚Ώ‚α‚θ	y©“]Τz	‚¶‚Δ‚ρ‚µ‚α	Vƒ§
‚―‚Α‚½	‚―‚Α‚½	y©“]Τz	‚¶‚Δ‚ρ‚µ‚α	•xR§
‚Ώ‚α‚θ	‚Ώ‚α‚θ	y©“]Τz	‚¶‚Δ‚ρ‚µ‚α	Ξμ§
‚Ώ‚α‚θ	‚Ώ‚α‚θ	y©“]Τz	‚¶‚Δ‚ρ‚µ‚α	•δ§
‚Ώ‚α‚θ	‚Ώ‚α‚θ	y©“]Τz	‚¶‚Δ‚ρ‚µ‚α	R—§
‚Ώ‚α‚θ	‚Ώ‚α‚θ	y©“]Τz	‚¶‚Δ‚ρ‚µ‚α	’·–μ§
‚―‚Α‚½	‚―‚Α‚½	y©“]Τz	‚¶‚Δ‚ρ‚µ‚α	ς•§
‚―‚Α‚½	‚―‚Α‚½	y©“]Τz	‚¶‚Δ‚ρ‚µ‚α	Γ‰ª§
‚―‚Α‚½	‚―‚Α‚½	y©“]Τz	‚¶‚Δ‚ρ‚µ‚α	Od§
‚―‚Α‚½	‚―‚Α‚½	y©“]Τz	‚¶‚Δ‚ρ‚µ‚α	 ‰κ§
‚Ώ‚α‚θ‚ρ‚±	‚Ώ‚α‚θ‚ρ‚±	y©“]Τz	‚¶‚Δ‚ρ‚µ‚α	‘εγ•{
‚Ώ‚α‚θ‚ρ	‚Ώ‚α‚θ‚ρ	y©“]Τz	‚¶‚Δ‚ρ‚µ‚α	•ΊΙ§
‚Ώ‚α‚θ	‚Ώ‚α‚θ	y©“]Τz	‚¶‚Δ‚ρ‚µ‚α	“ή—Η§
‚¶‚Δ‚±	‚¶‚Δ‚±	y©“]Τz	‚¶‚Δ‚ρ‚µ‚α	a‰ΜR§
‚Ώ‚α‚θ	‚Ώ‚α‚θ	y©“]Τz	‚¶‚Δ‚ρ‚µ‚α	’Ήζ§
‚Ώ‚α‚θ	‚Ώ‚α‚θ	y©“]Τz	‚¶‚Δ‚ρ‚µ‚α	“‡ª§
‚Ώ‚α‚θ	‚Ώ‚α‚θ	y©“]Τz	‚¶‚Δ‚ρ‚µ‚α	‰ªR§
‚Ώ‚α‚θ	‚Ώ‚α‚θ	y©“]Τz	‚¶‚Δ‚ρ‚µ‚α	L“‡§
‚Ώ‚α‚θ	‚Ώ‚α‚θ	y©“]Τz	‚¶‚Δ‚ρ‚µ‚α	Rϋ§
‚Ώ‚α‚θ	‚Ώ‚α‚θ	y©“]Τz	‚¶‚Δ‚ρ‚µ‚α	“Ώ“‡§
‚Ώ‚α‚θ	‚Ώ‚α‚θ	y©“]Τz	‚¶‚Δ‚ρ‚µ‚α	μ§
‚Ώ‚α‚θ	‚Ώ‚α‚θ	y©“]Τz	‚¶‚Δ‚ρ‚µ‚α	¤•Q§
‚Ώ‚α‚θ	‚Ώ‚α‚θ	y©“]Τz	‚¶‚Δ‚ρ‚µ‚α	‚’m§
‚¶‚Ε‚ρ‚µ‚α	‚¶‚Ε‚ρ‚µ‚α	y©“]Τz	‚¶‚Δ‚ρ‚µ‚α	•‰ª§
‚―‚Α‚½‚­‚θ	‚―‚Α‚½‚­‚θ	y©“]Τz	‚¶‚Δ‚ρ‚µ‚α	²‰κ§
‚Ώ‚α‚θ	‚Ώ‚α‚θ	y©“]Τz	‚¶‚Δ‚ρ‚µ‚α	’·θ§
‚Ώ‚α‚θ	‚Ώ‚α‚θ	y©“]Τz	‚¶‚Δ‚ρ‚µ‚α	F–{§
‚Ώ‚α‚θ	‚Ώ‚α‚θ	y©“]Τz	‚¶‚Δ‚ρ‚µ‚α	‘ε•ª§
‚―‚Α‚½‚­‚θ	‚―‚Α‚½‚­‚θ	y©“]Τz	‚¶‚Δ‚ρ‚µ‚α	‹{θ§
‚Ώ‚α‚θ	‚Ώ‚α‚θ	y©“]Τz	‚¶‚Δ‚ρ‚µ‚α	­™“‡§
‚¶‚Δ‚΅‚ρ‚µ‚α	‚¶‚Δ‚΅‚ρ‚µ‚α	y©“]Τz	‚¶‚Δ‚ρ‚µ‚α	‰«“κ§
‚ ‚Ά‚Δ‚­‚³‚Ά	‚ ‚Ά‚Δ‚­‚³‚Ά	y‘θ‚Ι‚Θ‚η‚Θ‚Άz	‚ ‚Ά‚Δ‚Ι‚Θ‚η‚Θ‚Ά	–kC“Ή
ƒAƒCƒk	ƒAƒCƒk	ylΤz	‚Ι‚ρ‚°‚ρ	–kC“Ή
‚ ‚Ά‚Κ‚Ά‚Κ	ƒAƒCƒk‚Ά‚Κ	y–kC“ΉΆz	‚Ω‚Α‚©‚Ά‚Η‚¤‚―‚ρ	–kC“Ή
‚ ‚Ά‚Κ‚²	ƒAƒCƒk‚²	yƒAƒCƒkκz	‚ ‚Ά‚Κ‚²	–kC“Ή
‚ ‚Ά‚Κ‚Λ‚¬	ƒAƒCƒk‚Λ‚¬	ysÒ‚Ι‚ρ‚Ι‚­z	‚¬‚ε‚¤‚¶‚α‚Ι‚ρ‚Ι‚­	–kC“Ή
‚ ‚©‚ª‚Ά	‚ ‚©‚ª‚Ά	yƒoƒJƒKƒCz	‚Ξ‚©‚ª‚Ά	–kC“Ή
‚ ‚©‚Ύ‚ΰ	‚ ‚©‚Ύ‚ΰ	yƒnƒ‹ƒjƒz	‚Ν‚ι‚Ι‚κ	–kC“Ή
‚ ‚©‚Ύ‚ΰ‚Μ‚«‚Μ‚±	‚ ‚©‚Ύ‚ΰ‚Μ‚«‚Μ‚±	yƒ^ƒ‚ƒMƒ^ƒPz	‚½‚ΰ‚¬‚½‚―	–kC“Ή
‚ ‚©‚κ‚ρ‚ª	‚ ‚©‚κ‚ρ‚ª	yΤƒƒ“ƒKz	‚ ‚©‚κ‚ρ‚ª	–kC“Ή
‚ ‚«‚ ‚¶	‚ ‚«‚ ‚¶	yψz	‚³‚―	–kC“Ή
ƒAƒXƒsƒƒ“ƒXƒm[	ƒAƒXƒsƒƒ“ƒXƒm[	y‚³‚η‚³‚η‚µ‚½αz	‚³‚η‚³‚η‚µ‚½‚δ‚«	–kC“Ή
‚ ‚Έ‚ά	‚ ‚Γ‚ά	yϊ^z	‚ ‚Β‚ά	–kC“Ή
‚ ‚¨‚½‚ρ	‚ ‚¨‚½‚ρ	yΒ‚ ‚΄z	‚ ‚¨‚ ‚΄	–kC“Ή
‚ ‚­	‚ ‚­	yDz	‚Ν‚Ά	–kC“Ή
‚ ‚­‚Η	‚ ‚­‚Η	y‚©‚©‚Ζz	‚©‚©‚Ζ	–kC“Ή
‚ ‚µ‚½‚ ‚³‚Α‚Δ	‚ ‚µ‚½‚ ‚³‚Α‚Δ	y‚ ‚³‚Α‚Δz	‚ ‚³‚Α‚Δ	–kC“Ή
‚ ‚Έ‚ά‚µ‚Ά	‚ ‚Έ‚ά‚µ‚Ά	y‹S’n‚ª‚Ά‚Άz	‚Ά‚²‚±‚Ώ‚ª‚Ά‚Ά	–kC“Ή
‚ ‚Έ‚ά‚µ‚­‚Θ‚Ά	‚ ‚Έ‚ά‚µ‚­‚Θ‚Ά	y‹S’n‚ª«‚Άz	‚Ά‚²‚±‚Ώ‚ª‚ν‚ι‚Ά	–kC“Ή
‚ ‚Έ‚ι	‚ ‚Έ‚ι	yθ‚±‚Έ‚ιz	‚Δ‚±‚Έ‚ι	–kC“Ή
‚Κ‚ι‚ά‚Α‚±‚Ά	‚Κ‚ι‚ά‚Α‚±‚Ά	y‚Κ‚ι‚Άz	‚Κ‚ι‚Ά	–kC“Ή
‚Κ‚­‚ά‚ι	‚Κ‚­‚ά‚ι	y‰·‚ά‚ιz	‚ ‚½‚½‚ά‚ι	–kC“Ή
‚ ‚Α‚½‚η	‚ ‚Α‚½‚η	y‚ ‚ρ‚Θz	‚ ‚ρ‚Θ	–kC“Ή
‚ ‚Α‚Ώ‚α	‚ ‚Α‚Ώ‚α	y‚ ‚Α‚Ώz	‚ ‚Α‚Ώ	–kC“Ή
‚ ‚Α‚Ώ‚α‚±‚Α‚Ώ‚α	‚ ‚Α‚Ώ‚α‚±‚Α‚Ώ‚α	y‚ ‚Ώ‚±‚Ώz	‚ ‚Ώ‚±‚Ώ	–kC“Ή
‚ ‚Α‚Ο‚­‚³‚Ά	‚ ‚Α‚Ο‚­‚³‚Ά	y‚½‚β‚·‚Άz	‚½‚β‚·‚Ά	–kC“Ή
‚ ‚Α‚Ψ	‚ ‚Α‚Ψ	y‚ ‚Χ‚±‚Χz	‚ ‚Χ‚±‚Χ	–kC“Ή
‚ ‚Θ‚Γ‚θ	‚ ‚Θ‚Γ‚θ	y’ή‚θz	‚ ‚Θ‚Γ‚θ	–kC“Ή
‚ ‚ν‚­‚¤	‚ ‚ν‚­‚¤	yQ‚Δ‚ιz	‚ ‚ν‚Δ‚ι	–kC“Ή
‚ ‚Τ‚η‚±	‚ ‚Τ‚η‚±	yƒAƒCƒiƒz	‚ ‚Ά‚Θ‚ί	–kC“Ή
‚ ‚ά‚³‚κ‚ι	‚ ‚ά‚³‚κ‚ι	y’‡ΤO‚κ‚Ι‚³‚κ‚ιz	‚Θ‚©‚ά‚Ν‚Έ‚κ‚Ι‚³‚κ‚ι	–kC“Ή
‚ ‚ά‚·	‚ ‚ά‚·	y‚ΰ‚Δ‚ ‚ά‚·z	‚ΰ‚Δ‚ ‚ά‚·	–kC“Ή
‚ ‚ά‚η‚©‚·	‚ ‚ά‚η‚©‚·	y—]‚·z	‚ ‚ά‚·	–kC“Ή
‚ ‚ί‚ι	‚ ‚ί‚ι	y•…‚ιz	‚­‚³‚ι	–kC“Ή
‚ ‚η‚ά‚«	‚ ‚η‚ά‚«	y‰–ψz	‚µ‚¨‚¶‚α‚―	–kC“Ή
‚ ‚ρ‚Ξ‚Ά‚ν‚ι‚Ά	‚ ‚ρ‚Ξ‚Ά‚ν‚ι‚Ά	y‹ο‡‚ª«‚Άz	‚®‚ ‚Ά‚ª‚ν‚ι‚Ά	–kC“Ή
‚Ε‚Θ‚Ά‚©‚Ά	‚Ε‚Θ‚Ά‚©‚Ά	y‚Ε‚Ν‚Θ‚Ά‚Ε‚·‚©z	‚Ε‚Ν‚Θ‚Ά‚Ε‚·‚©	–kC“Ή
‚ ‚Έ‚ά‚µ‚Ά	‚ ‚Έ‚ά‚µ‚Ά	y—‚Ώ’…‚­z	‚¨‚Ώ‚Β‚­	–kC“Ή
‚ ‚β‚Β‚―‚ι	‚ ‚β‚Β‚―‚ι	y‹Cζ‚ιz	‚«‚Η‚ι	–kC“Ή
‚ ‚θ‚ª‚½‚­‚Θ‚ι	‚ ‚θ‚ª‚½‚­‚Θ‚ι	y–°‚­‚Θ‚ιz	‚Λ‚ή‚­‚Θ‚ι	–kC“Ή
‚Ά‚Έ‚Ά	‚Ά‚Έ‚Ά	y‚µ‚Α‚­‚θ‚±‚Θ‚Άz	‚µ‚Α‚­‚θ‚±‚Θ‚Ά	–kC“Ή
‚¤‚»‚±‚¬	‚¤‚»‚±‚¬	y‰R‚Β‚«z	‚¤‚»‚Β‚«	–kC“Ή
‚¨‚Ύ‚Β	‚¨‚Ύ‚Β	y’²q‚Ιζ‚ιz	‚Ώ‚ε‚¤‚µ‚Ι‚Μ‚ι	–kC“Ή
‚¨‚Ξ‚ρ‚Ε‚·	‚¨‚Ξ‚ρ‚Ε‚·	y‚±‚ρ‚Ξ‚ρ‚Νz	‚±‚ρ‚Ξ‚ρ‚Ν	–kC“Ή
‚¨‚ρ‚½	‚¨‚ρ‚½	yƒIƒXz	‚¨‚·	–kC“Ή
‚ª‚³‚Ά	‚ª‚³‚Ά	yƒJƒbƒR«‚Άz	‚©‚Α‚±‚ν‚ι‚Ά	–kC“Ή
‚ª‚Α‚Ώ‚α‚«	‚ª‚Α‚Ώ‚α‚«	y‚Ε‚«‚ΰ‚Μz	‚Ε‚«‚ΰ‚Μ	–kC“Ή
‚©‚Α‚Ώ‚α‚ά‚µ‚Ά	‚©‚Α‚Ώ‚α‚ά‚µ‚Ά	y‚¤‚ι‚³‚Άz	‚¤‚ι‚³‚Ά	–kC“Ή
‚©‚Τ‚κ‚­‚³‚Ά	‚©‚Τ‚κ‚­‚³‚Ά	yƒJƒrL‚Άz	‚©‚Ρ‚­‚³‚Ά	–kC“Ή
‚©‚Τ‚κ‚ι	‚©‚Τ‚κ‚ι	yƒJƒr‚ª¶‚¦‚ιz	‚©‚Ρ‚ª‚Ν‚¦‚ι	–kC“Ή
‚«‚©‚Θ‚Ά	‚«‚©‚Θ‚Ά	y‹C‚ª‹­‚Άz	‚«‚ª‚Β‚ζ‚Ά	–kC“Ή
‚«‚θ‚ε[‚ζ‚µ	‚«‚θ‚ε[‚ζ‚µ	y”όlz	‚Ρ‚¶‚ρ	–kC“Ή
‚―‚Α‚Ο‚ι	‚―‚Α‚Ο‚ι	y‚ª‚ρ‚Ξ‚ιz	‚ª‚ρ‚Ξ‚ι	–kC“Ή
‚±‚½‚¦‚ι	‚±‚½‚¦‚ι	yΆ‚ιz	‚±‚ά‚ι	–kC“Ή
‚±‚ν‚Ά	‚±‚ν‚Ά	y”ζ‚κ‚½z	‚Β‚©‚κ‚½	–kC“Ή
‚΄‚ρ‚¬	‚΄‚ρ‚¬	y“‚—g‚°z	‚©‚η‚ ‚°	–kC“Ή
‚µ‚½‚Α‚―	‚µ‚½‚Α‚―	y‚»‚κ‚¶‚α‚ ‚Λz	‚»‚κ‚¶‚α‚ ‚Λ	–kC“Ή
‚µ‚Ξ‚κ‚ι	‚µ‚Ξ‚κ‚ι	y–{“–‚Ι¦‚Άz	‚Ω‚ρ‚Ζ‚Ι‚³‚ή‚Ά	–kC“Ή
‚µ‚α‚Α‚±‚Ά	‚µ‚α‚Α‚±‚Ά	y—β‚½‚Άz	‚Β‚ί‚½‚Ά	–kC“Ή
‚¶‚α‚ρ‚Ϊ	‚¶‚α‚ρ‚Ϊ	y”―‚Μ–Ρz	‚©‚έ‚Μ‚―	–kC“Ή
‚½‚ρ‚Ο‚η	‚½‚ρ‚Ο‚η	y‹C‚ª’Z‚Άz	‚«‚ª‚έ‚¶‚©‚Ά	–kC“Ή
‚Η‚ρ‚Ο	‚Η‚ρ‚Ο	y“―w”Nz	‚Η‚¤‚ª‚­‚Λ‚ρ	–kC“Ή
‚Θ‚µ‚Δ	‚Θ‚µ‚Δ	y‚Θ‚Ίz	‚Θ‚Ί	–kC“Ή
‚Θ‚ά‚Έ‚ι‚Ά	‚Θ‚ά‚Έ‚ι‚Ά	y‚Έ‚ι‚Άz	‚Έ‚ι‚Ά	–kC“Ή
‚Θ‚ά‚η	‚Θ‚ά‚η	y‚·‚²‚Άz	‚·‚²‚Ά	–kC“Ή
‚Θ‚ρ‚ΰ	‚Θ‚ρ‚ΰ	y‚Η‚¤‚Ά‚½‚µ‚ά‚µ‚Δz	‚Η‚¤‚Ά‚½‚µ‚ά‚µ‚Δ	–kC“Ή
‚Ξ‚Ώ‚Α‚±	‚Ξ‚Ώ‚Α‚±	y––‚Αqz	‚·‚¦‚Α‚±	–kC“Ή
‚Ξ‚Α‚Ο‚Ά	‚Ξ‚Α‚Ο‚Ά	y‰‚·‚¬‚ιz	‚«‚½‚Θ‚·‚¬‚ι	–kC“Ή
‚Ν‚ρ‚©‚­‚³‚Ά	‚Ν‚ρ‚©‚­‚³‚Ά	y”n­‚η‚µ‚Άz	‚Ξ‚©‚η‚µ‚Ά	–kC“Ή
‚Φ‚Θ‚ά‚Έ‚ι‚Ά	‚Φ‚Θ‚ά‚Έ‚ι‚Ά	y‚Έ‚ι«‚ΆE«Ώ‚Θz	‚Έ‚ι‚ª‚µ‚±‚ΆE‚ ‚­‚µ‚Β‚Θ	–kC“Ή
‚έ‚Α‚½‚­‚Θ‚µ	‚έ‚Α‚½‚­‚Θ‚µ	y‚©‚ν‚Ά‚­‚Θ‚ΆEƒuƒXz	‚©‚ν‚Ά‚­‚Θ‚ΆE‚Τ‚·	–kC“Ή
‚ί‚Α‚Ο	‚ί‚Α‚Ο	y‚ΰ‚Μ‚ΰ‚η‚Άz	‚ΰ‚Μ‚ΰ‚η‚Ά	–kC“Ή
‚ί‚ρ‚±	‚ί‚ρ‚±	y‚¨‹C‚Ι“ό‚θ‚Μ–Ίz	‚¨‚«‚Ι‚Ά‚θ‚Μ‚ή‚·‚ί	–kC“Ή
‚ί‚ρ‚½	‚ί‚ρ‚½	yƒƒXz	‚ί‚·	–kC“Ή
‚ΰ‚Ώ‚ε‚±‚Ά	‚ΰ‚Ώ‚ε‚±‚Ά	y‚­‚·‚®‚Α‚½‚Άz	‚­‚·‚®‚Α‚½‚Ά	–kC“Ή
‚β‚Α‚±‚Ά	‚β‚Α‚±‚Ά	y‚β‚ν‚η‚©‚Άz	‚β‚ν‚η‚©‚Ά	–kC“Ή
‚β‚ή	‚β‚ή	y‚Έ‚«‚Έ‚«‚Ζ’Ι‚ήz	‚Έ‚«‚Έ‚«‚Ζ‚Ά‚½‚ή	–kC“Ή
‚δ‚ι‚­‚Θ‚Ά	‚δ‚ι‚­‚Θ‚Ά	y‹κ‚µ‚Άz	‚­‚ι‚µ‚Ά	–kC“Ή
‚ρ‚Ύ	‚ρ‚Ύ	y‚»‚¤‚Ύz	‚»‚¤‚Ύ	–kC“Ή
‚ρ‚Ύ‚Α‚·	‚ρ‚Ύ‚Α‚·	y‚»‚¤‚Ε‚·z	‚»‚¤‚Ε‚·	–kC“Ή
‚ ‚Έ‚ά‚µ‚Ά	‚ ‚Έ‚ά‚µ‚Ά	y‹S’n‚ª‚Ά‚ΆE‹C‚Ώ‚ª‚Ά‚ΆE—‚Ώ’…‚­z	‚Ά‚²‚±‚Ώ‚ª‚Ά‚ΆE‚«‚ΰ‚Ώ‚ª‚Ά‚ΆE‚¨‚Ώ‚Β‚­	ΒX
‚ ‚β‚Β‚―‚ι	‚ ‚β‚Β‚―‚ι	y‹Cζ‚ιz	‚«‚Η‚ι	ΒX
‚ ‚θ‚ª‚½‚­‚Θ‚ι	‚ ‚θ‚ª‚½‚­‚Θ‚ι	y–°‚­‚Θ‚ιE‚¤‚Ζ‚¤‚Ζ‚·‚ιz	‚Λ‚ή‚­‚Θ‚ιE‚¤‚Ζ‚¤‚Ζ‚·‚ι	ΒX
‚Ά‚Έ‚Ά	‚Ά‚Έ‚Ά	y‚µ‚Α‚­‚θ‚±‚Θ‚ΆES’n‚ª«‚Άz	‚µ‚Α‚­‚θ‚±‚Θ‚ΆE‚±‚±‚Ώ‚ª‚ν‚ι‚Ά	ΒX
‚¤‚»‚±‚¬	‚¤‚»‚±‚¬	y‰R‚Β‚«z	‚¤‚»‚Β‚«	ΒX
‚¨‚Ύ‚Β	‚¨‚Ύ‚Β	y’²q‚Ιζ‚ιz	‚Ώ‚ε‚¤‚µ‚Ι‚Μ‚ι	ΒX
‚¨‚Ξ‚ρ‚Ε‚·	‚¨‚Ξ‚ρ‚Ε‚·	y‚±‚ρ‚Ξ‚ρ‚Νz	‚±‚ρ‚Ξ‚ρ‚Ν	ΒX
‚¨‚ρ‚½	‚¨‚ρ‚½	yƒIƒXz	‚¨‚·	ΒX
‚ª‚³‚Ά	‚ª‚³‚Ά	yΐ‚Α‚Ϋ‚ΆEƒJƒbƒR«‚ΆE‚Ϊ‚λ‚Άz	‚β‚·‚Α‚Ϋ‚ΆE‚©‚Α‚±‚ν‚ι‚ΆE‚Ϊ‚λ‚Ά	ΒX
‚ª‚Α‚Ώ‚α‚«	‚ª‚Α‚Ώ‚α‚«	y‚Ε‚«‚ΰ‚ΜE¤z	‚Ε‚«‚ΰ‚ΜE‚¶	ΒX
‚©‚Α‚Ώ‚α‚ά‚µ‚Ά	‚©‚Α‚Ώ‚α‚ά‚µ‚Ά	y‚β‚©‚ά‚µ‚ΆE‚¤‚ι‚³‚ΆE‚¤‚΄‚Α‚½‚Άz	‚β‚©‚ά‚µ‚ΆE‚¤‚ι‚³‚ΆE‚¤‚΄‚Α‚½‚Ά	ΒX
‚©‚Τ‚κ‚­‚³‚Ά	‚©‚Τ‚κ‚­‚³‚Ά	yƒJƒrL‚Άz	‚©‚Ρ‚­‚³‚Ά	ΒX
‚©‚Τ‚κ‚ι	‚©‚Τ‚κ‚ι	yƒJƒr‚ª¶‚¦‚ιz	‚©‚Ρ‚ª‚Ν‚¦‚ι	ΒX
‚ª‚ρ‚Χ	‚ª‚ρ‚Χ	y‚Ε‚«‚ΰ‚Μz	‚Ε‚«‚ΰ‚Μ	ΒX
‚«‚©‚Θ‚Ά	‚«‚©‚Θ‚Ά	y‚«‚©‚Θ‚ΆE‹C‚ª‹­‚Άz	‚«‚©‚Θ‚ΆE‚«‚ª‚Β‚ζ‚Ά	ΒX
‚«‚θ‚ε[‚ζ‚µ	‚«‚θ‚ε[‚ζ‚µ	y”όlz	‚Ρ‚¶‚ρ	ΒX
‚―‚Α‚Ο‚ι	‚―‚Α‚Ο‚ι	y‚ª‚ρ‚Ξ‚ιz	‚ª‚ρ‚Ξ‚ι	ΒX
‚±‚½‚¦‚ι	‚±‚½‚¦‚ι	yΆ‚ιz	‚±‚ά‚ι	ΒX
‚±‚ν‚Ά	‚±‚ν‚Ά	y”ζ‚κ‚½E‚µ‚ρ‚Η‚Άz	‚Β‚©‚κ‚½E‚µ‚ρ‚Η‚Ά	ΒX
‚΄‚ρ‚¬	‚΄‚ρ‚¬	y“‚—g‚°z	‚©‚η‚ ‚°	ΒX
‚µ‚½‚Α‚―	‚µ‚½‚Α‚―	y‚»‚κ‚¶‚α‚ ‚Λz	‚»‚κ‚¶‚α‚ ‚Λ	ΒX
‚µ‚Ξ‚κ‚ι	‚µ‚Ξ‚κ‚ι	y”ρν‚Ι¦‚Άz	‚Π‚¶‚ε‚¤‚Ι‚³‚ή‚Ά	ΒX
‚µ‚α‚Α‚±‚Ά	‚µ‚α‚Α‚±‚Ά	y—β‚½‚Άz	‚Β‚ί‚½‚Ά	ΒX
‚¶‚α‚ρ‚Ϊ	‚¶‚α‚ρ‚Ϊ	y”―‚Μ–Ρz	‚©‚έ‚Μ‚―	ΒX
‚½‚ρ‚Ο‚η	‚½‚ρ‚Ο‚η	y‚·‚®‚Ι• ‚π—§‚Δ‚ιE‹C‚ª’Z‚Άz	‚·‚®‚Ι‚Ν‚η‚π‚½‚Δ‚ιE‚«‚ª‚έ‚¶‚©‚Ά	ΒX
‚Η‚ρ‚Ο	‚Η‚ρ‚Ο	y“―w”NE“―”N—ξz	‚Η‚¤‚ª‚­‚Λ‚ρE‚Η‚¤‚Λ‚ρ‚κ‚Ά	ΒX
‚Θ‚µ‚Δ	‚Θ‚µ‚Δ	y‚Θ‚Ίz	‚Θ‚Ί	ΒX
‚Θ‚ά‚Έ‚ι‚Ά	‚Θ‚ά‚Έ‚ι‚Ά	y‚Έ‚ι‚Άz	‚Έ‚ι‚Ά	ΒX
‚Θ‚ά‚η	‚Θ‚ά‚η	y‚·‚²‚ΆE‚Ζ‚Δ‚ΰz	‚·‚²‚ΆE‚Ζ‚Δ‚ΰ	ΒX
‚Θ‚ρ‚ΰ	‚Θ‚ρ‚ΰ	y‚Ά‚¦‚Ά‚¦E‚Η‚¤‚Ά‚½‚µ‚ά‚µ‚Δz	‚Ά‚¦‚Ά‚¦E‚Η‚¤‚Ά‚½‚µ‚ά‚µ‚Δ	ΒX
‚Ξ‚Ώ‚Α‚±	‚Ξ‚Ώ‚Α‚±	y––‚Αqz	‚·‚¦‚Α‚±	ΒX
‚Ξ‚Α‚Ο‚Ά	‚Ξ‚Α‚Ο‚Ά	y‰‚·‚¬‚ιz	‚«‚½‚Θ‚·‚¬‚ι	ΒX
‚Ν‚ρ‚©‚­‚³‚Ά	‚Ν‚ρ‚©‚­‚³‚Ά	yƒoƒJE”n­‚η‚µ‚Άz	‚Ξ‚©E‚Ξ‚©‚η‚µ‚Ά	ΒX
‚Φ‚Θ‚ά‚Έ‚ι‚Ά	‚Φ‚Θ‚ά‚Έ‚ι‚Ά	y‚Έ‚ι«‚ΆE«Ώ‚Θz	‚Έ‚ι‚ª‚µ‚±‚ΆE‚ ‚­‚µ‚Β‚Θ	ΒX
‚έ‚Α‚½‚­‚Θ‚µ	‚έ‚Α‚½‚­‚Θ‚µ	y‚©‚ν‚Ά‚­‚Θ‚ΆEƒuƒXz	‚©‚ν‚Ά‚­‚Θ‚ΆE‚Τ‚·	ΒX
‚ί‚Α‚Ο	‚ί‚Α‚Ο	y‚ΰ‚Μ‚ΰ‚η‚Άz	‚ΰ‚Μ‚ΰ‚η‚Ά	ΒX
‚ί‚ρ‚±	‚ί‚ρ‚±	y‚¨‹C‚Ι“ό‚θ‚Μ–Ίz	‚¨‚«‚Ι‚Ά‚θ‚Μ‚ή‚·‚ί	ΒX
‚ί‚ρ‚½	‚ί‚ρ‚½	yƒƒXz	‚ί‚·	ΒX
‚ΰ‚Ώ‚ε‚±‚Ά	‚ΰ‚Ώ‚ε‚±‚Ά	y‚­‚·‚®‚Α‚½‚Άz	‚­‚·‚®‚Α‚½‚Ά	ΒX
‚β‚Α‚±‚Ά	‚β‚Α‚±‚Ά	y‚β‚ν‚η‚©‚Άz	‚β‚ν‚η‚©‚Ά	ΒX
‚β‚ή	‚β‚ή	y‚Έ‚«‚Έ‚«‚Ζ’Ι‚ήz	‚Έ‚«‚Έ‚«‚Ζ‚Ά‚½‚ή	ΒX
‚δ‚ι‚­‚Θ‚Ά	‚δ‚ι‚­‚Θ‚Ά	y‹κ‚µ‚Άz	‚­‚ι‚µ‚Ά	ΒX
‚ρ‚Ύ	‚ρ‚Ύ	y‚»‚¤‚Ύz	‚»‚¤‚Ύ	ΒX
‚ρ‚Ύ‚Α‚·	‚ρ‚Ύ‚Α‚·	y‚»‚¤‚Ε‚·z	‚»‚¤‚Ε‚·	ΒX
‚ ‚µ‚©‚ά‚θ	‚ ‚µ‚©‚ά‚θ	y‘«‚Μ‚Ι‚¨‚Άz	‚ ‚µ‚Μ‚Ι‚¨‚Ά	βθ
‚ ‚ί‚©‚ά‚θ	‚ ‚ί‚©‚ά‚θ	y•…‚Α‚½L‚Άz	‚­‚³‚Α‚½‚Ι‚¨‚Ά	βθ
‚ ‚η‚ª‚½	‚ ‚η‚ª‚½	y‚Ύ‚Ά‚½‚Άz	‚Ύ‚Ά‚½‚Ά	βθ
‚Ά‚¶‚­‚³‚κ	‚Ά‚¶‚­‚³‚κ	y‚Ά‚¶‚ν‚ι‚ΘlE‹­ξ‚π’£‚ιlz	‚Ά‚¶‚ν‚ι‚Θ‚Π‚ΖE‚²‚¤‚¶‚ε‚¤‚π‚Ν‚ι‚Π‚Ζ	βθ
‚Ά‚Έ‚Ά	‚Ά‚Έ‚Ά	y‚µ‚Α‚­‚θ‚±‚Θ‚ΆES’n‚ª«‚Άz	‚µ‚Α‚­‚θ‚±‚Θ‚ΆE‚±‚±‚Ώ‚ª‚ν‚ι‚Ά	βθ
‚¤‚½‚Δ[	‚¤‚½‚Δ[	y‹C‚Ώ‚ª«‚ΆE‹C–΅‚ª«‚Άz	‚«‚ΰ‚Ώ‚ª‚ν‚ι‚ΆE‚«‚έ‚ª‚ν‚ι‚Ά	βθ
‚¤‚ι‚ª‚·	‚¤‚ι‚ª‚·	yZ‚·z	‚Π‚½‚·	βθ
‚¦[‚Σ‚θ‚·‚ι	‚¦[‚Σ‚θ‚·‚ι	y‹Cζ‚ιz	‚«‚Η‚ι	βθ
‚¨‚ ‚°‚ρ‚µ‚¥	‚¨‚ ‚°‚ρ‚µ‚¥	y‚¨Ά‚µγ‚ª‚θ‚­‚Ύ‚³‚Άz	‚¨‚ί‚µ‚ ‚ª‚θ‚­‚Ύ‚³‚Ά	βθ
‚¨‚µ‚ε‚·‚Ά	‚¨‚µ‚ε‚·‚Ά	y’p‚Έ‚©‚µ‚Άz	‚Ν‚Έ‚©‚µ‚Ά	βθ
‚¨‚Θ‚²‚Τ‚θ‚Ά[‚Π‚Ζ	‚¨‚Θ‚²‚Τ‚θ‚Ά[‚Π‚Ζ	y”όlz	‚Ρ‚¶‚ρ	βθ
‚¨‚Ν‚ζ‚ª‚ρ‚·	‚¨‚Ν‚ζ‚ª‚ρ‚·	y‚¨‚Ν‚ζ‚¤z	‚¨‚Ν‚ζ‚¤	βθ
‚¨‚Ξ‚ρ‚Ε‚·	‚¨‚Ξ‚ρ‚Ε‚·	y‚±‚ρ‚Ξ‚ρ‚Νz	‚±‚ρ‚Ξ‚ρ‚Ν	βθ
‚¨‚Ϊ‚Α‚±	‚¨‚Ϊ‚Α‚±	yΤ‚Ώ‚α‚ρz	‚ ‚©‚Ώ‚α‚ρ	βθ
‚¨‚έ‚ε[‚Ι‚Ώ	‚¨‚έ‚ε[‚Ι‚Ώ	y‚ά‚½–Ύ“ϊz	‚ά‚½‚ ‚µ‚½	βθ
‚¨‚ί‚Ε‚Η[‚²‚µ	‚¨‚ί‚Ε‚Η[‚²‚µ	y‚¨‚ί‚Ε‚Ζ‚¤z	‚¨‚ί‚Ε‚Ζ‚¤	βθ
‚¨‚ΰ‚³‚°‚Θ‚ª‚ρ‚·	‚¨‚ΰ‚³‚°‚Θ‚ª‚ρ‚·	y–{“–‚Ι\‚µ–σ‚Θ‚Ά‚±‚Ζ‚Ε‚·z	‚Ω‚ρ‚Ζ‚¤‚Ι‚ΰ‚¤‚µ‚ν‚―‚Θ‚Ά‚±‚Ζ‚Ε‚·	βθ
‚¨‚ΰ‚³‚°‚Λ‚¥	‚¨‚ΰ‚³‚°‚Λ‚¥	y\‚µ–σ‚Θ‚Άz	‚ΰ‚¤‚µ‚ν‚―‚Θ‚Ά	βθ
‚©‚ά‚θ	‚©‚ά‚θ	y‚Ι‚¨‚ΆE‚θz	‚Ι‚¨‚ΆE‚©‚¨‚θ	βθ
‚ª‚ρ‚·	‚ª‚ρ‚·	y‚²‚΄‚Ά‚ά‚·z	‚²‚΄‚Ά‚ά‚·	βθ
‚±‚¤‚¥[	‚±‚¤‚¥[	y”ζ‚κ‚½z	‚Β‚©‚κ‚½	βθ
‚±‚Ώ‚ε‚ª‚·	‚±‚Ώ‚ε‚ª‚·	y‚­‚·‚®‚ιz	‚­‚·‚®‚ι	βθ
‚±‚Μ‚°	‚±‚Μ‚°	y”ϋ–Ρz	‚ά‚δ‚°	βθ
‚µ‚Ξ‚κ‚ι	‚µ‚Ξ‚κ‚ι	y”ρν‚Ι¦‚Άz	‚Π‚¶‚ε‚¤‚Ι‚³‚ή‚Ά	βθ
‚Έ‚κ‚	‚Έ‚κ‚	y‚Έ‚ι‚Άz	‚Έ‚ι‚Ά	βθ
‚½‚ρ‚Ξ	‚½‚ρ‚Ξ	y‚Β‚Ξz	‚Β‚Ξ	βθ
‚Ώ‚¬	‚Ώ‚¬	y”]‘²’†z	‚Μ‚¤‚»‚Α‚Ώ‚γ‚¤	βθ
‚Ζ‚Ϊ‚°	‚Ζ‚Ϊ‚°	yƒoƒJz	‚Ξ‚©	βθ
‚Ζ‚λ‚Α‚Ψ‚Β	‚Ζ‚λ‚Α‚Ψ‚Β	y‚Ά‚Β‚ΰz	‚Ά‚Β‚ΰ	βθ
‚Θ‚µ‚Δ	‚Θ‚µ‚Δ	y‚Θ‚Ίz	‚Θ‚Ί	βθ
‚Μ‚ί	‚Μ‚ί	y‚ΰ‚Μ‚ΰ‚η‚Άz	‚ΰ‚Μ‚ΰ‚η‚Ά	βθ
‚Ν‚Α‚―	‚Ν‚Α‚―	y—β‚½‚Άz	‚Β‚ί‚½‚Ά	βθ
‚Ψ‚ ‚Α‚±	‚Ψ‚ ‚Α‚±	y­‚µz	‚·‚±‚µ	βθ
‚Ω‚Ά‚Η‚½‚ª‚κ	‚Ω‚Ά‚Η‚½‚ª‚κ	y—~’£‚θ‚Θlz	‚ζ‚­‚Ξ‚θ‚Θ‚Π‚Ζ	βθ
‚Ω‚η‚Σ‚¬	‚Ω‚η‚Σ‚¬	y‰R‚Β‚«z	‚¤‚»‚Β‚«	βθ
‚Ω‚ρ‚Ε‚Λ	‚Ω‚ρ‚Ε‚Λ	y‚»‚¤‚Ε‚Ν‚Θ‚Άz	‚»‚¤‚Ε‚Ν‚Θ‚Ά	βθ
‚ά‚Β‚Ϋ‚Ά	‚ά‚Β‚Ϋ‚Ά	y‚ά‚Τ‚µ‚Άz	‚ά‚Τ‚µ‚Ά	βθ
‚ά‚Θ‚®	‚ά‚Θ‚®	y–Ϊz	‚ί	βθ
‚έ‚Ύ‚®‚Λ	‚έ‚Ύ‚®‚Λ	y‚©‚ν‚Ά‚­‚Θ‚ΆEƒuƒXz	‚©‚ν‚Ά‚­‚Θ‚ΆE‚Τ‚·	βθ
‚ΰ‚Α‚·	‚ΰ‚Α‚·	y‚²‚ί‚ρ‚­‚Ύ‚³‚Άz	‚²‚ί‚ρ‚­‚Ύ‚³‚Ά	βθ
‚β‚ª‚Λ‚ι	‚β‚ª‚Λ‚ι	y‚β‚«‚ΰ‚Ώ‚πΔ‚­EΉ“i‚·‚ιE‚¤‚η‚β‚ήz	‚β‚«‚ΰ‚Ώ‚π‚β‚­E‚µ‚Α‚Ζ‚·‚ιE‚¤‚η‚β‚ή	βθ
‚δ‚Υ‚Δ	‚δ‚Υ‚Δ	y‰‚½‚Άz	‚―‚ή‚½‚Ά	βθ
‚δ‚ι‚®‚Λ	‚δ‚ι‚®‚Λ	y‹κ‚µ‚Άz	‚­‚ι‚µ‚Ά	βθ
‚ζ‚­‚¨‚Ε‚ρ‚µ‚½	‚ζ‚­‚¨‚Ε‚ρ‚µ‚½	y‚ζ‚­‚¨o‚Ι‚Θ‚θ‚ά‚µ‚½z	‚ζ‚­‚¨‚Ε‚Ι‚Θ‚θ‚ά‚µ‚½	βθ
‚η	‚η	y`‚Μ‚ΎE`‚Μ‚ζz	`‚Μ‚ΎE`‚Μ‚ζ	βθ
‚ν‚η‚µ	‚ν‚η‚µ	y‚±‚Η‚ΰz	‚±‚Η‚ΰ	βθ
‚ν‚η‚Ν‚ρ‚Η	‚ν‚η‚Ν‚ρ‚Η	y‚±‚Η‚ΰ‚½‚Ώz	‚±‚Η‚ΰ‚½‚Ώ	βθ
`‚Λ‚ªH	`‚Λ‚ªH	y`‚Θ‚Ά‚Ε‚·‚©Hz	`‚Θ‚Ά‚Ε‚·‚©H	‹{ι§
`‚νA`‚Μ‚νH	`‚νA`‚Μ‚νH	y`‚µ‚½‚ΜHiκ”φ‚Ιu‚νv‚π‚Β‚―‚ιjz	`‚µ‚½‚ΜHi‚²‚Ρ‚Ιu‚νv‚π‚Β‚―‚ιj	‹{ι§
‚ ‚Ώ‚±‚½‚Θ‚ΆA‚ ‚Ώ‚±‚½‚Λ‚¥	‚ ‚Ώ‚±‚½‚Θ‚ΆA‚ ‚Ώ‚±‚½‚Λ‚¥	y‘εδ•vAS”z‚Θ‚Άz	‚Ύ‚Ά‚¶‚ε‚¤‚ΤA‚µ‚ρ‚Ο‚Ά‚Θ‚Ά	‹{ι§
‚Ά‚ª‚·	‚Ά‚ª‚·	y‚Ά‚Ά‚Ε‚·i‰“—¶‚µ‚ά‚·jz	‚Ά‚Ά‚Ε‚·i‚¦‚ρ‚θ‚ε‚µ‚ά‚·j	‹{ι§
‚Ά‚¬‚Θ‚θ	‚Ά‚¬‚Θ‚θ	y‚Ζ‚Δ‚ΰA‚·‚²‚­z	‚Ζ‚Δ‚ΰA‚·‚²‚­	‹{ι§
‚Ά‚Έ‚ΆA‚¦‚Έ‚Ά	‚Ά‚Έ‚ΆA‚¦‚Έ‚Ά	y‚µ‚Α‚­‚θ‚±‚Θ‚ΆAS’n‚ª«‚ΆA‹ο‡‚ª«‚Άz	‚µ‚Α‚­‚θ‚±‚Θ‚ΆA‚±‚±‚Ώ‚ª‚ν‚ι‚ΆA‚®‚ ‚Ά‚ª‚ν‚ι‚Ά	‹{ι§
‚Ά‚β‚·	‚Ά‚β‚·	y‚Ά‚β‚µ‚ΆA—~’£‚θz	‚Ά‚β‚µ‚ΆA‚ζ‚­‚Ξ‚θ	‹{ι§
‚¤‚»‚±‚¬	‚¤‚»‚±‚¬	y‰R‚Β‚«z	‚¤‚»‚Β‚«	‹{ι§
‚¤‚½‚Δ[A‚¤‚½‚Ώ[A‚¨‚½‚Δ[	‚¤‚½‚Δ[A‚¤‚½‚Ώ[A‚¨‚½‚Δ[	y‹C‚Ώ‚ª«‚ΆA‹C–΅‚ª«‚Άz	‚«‚ΰ‚Ώ‚ª‚ν‚ι‚ΆA‚«‚έ‚ª‚ν‚ι‚Ά	‹{ι§
‚¤‚ι‚©‚·	‚¤‚ι‚©‚·	yi’ƒq‚Θ‚Η‚πjZ‚·z	i‚Ώ‚α‚ν‚ρ‚Θ‚Η‚πj‚Π‚½‚·	‹{ι§
‚¦‚®‚θ‚ν‚ι‚Ά	‚¦‚®‚θ‚ν‚ι‚Ά	yΣ’n‚ª«‚Άz	‚Ά‚¶‚ª‚ν‚ι‚Ά	‹{ι§
‚¦‚η‚·‚®‚Λ‚¦	‚¦‚η‚·‚®‚Λ‚¦	y‚©‚ν‚Ά‚­‚Θ‚ΆA‘‚η‚µ‚Άz	‚©‚ν‚Ά‚­‚Θ‚ΆA‚Ι‚­‚η‚µ‚Ά	‹{ι§
‚¦‚η‚·‚±‚ΆA‚¦‚η‚·‚―	‚¦‚η‚·‚±‚ΆA‚¦‚η‚·‚―	y‚©‚ν‚Ά‚ΆA¤‚η‚µ‚Άz	‚©‚ν‚Ά‚ΆA‚ ‚Ά‚η‚µ‚Ά	‹{ι§
‚¨‚µ‚ε‚·‚ΆA‚µ‚ε‚·‚ΆA‚µ‚ε‚µ‚Ά	‚¨‚µ‚ε‚·‚ΆA‚µ‚ε‚·‚ΆA‚µ‚ε‚µ‚Ά	y’p‚Έ‚©‚µ‚Άz	‚Ν‚Έ‚©‚µ‚Ά	‹{ι§
‚¨‚Ύ‚Β	‚¨‚Ύ‚Β	y’²q‚Ιζ‚ιz	‚Ώ‚ε‚¤‚µ‚Ι‚Μ‚ι	‹{ι§
‚¨‚Ξ‚ρ‚Ε‚·	‚¨‚Ξ‚ρ‚Ε‚·	y‚±‚ρ‚Ξ‚ρ‚Νz	‚±‚ρ‚Ξ‚ρ‚Ν	‹{ι§
‚¨‚Ϊ‚±	‚¨‚Ϊ‚±	yΤ‚Ώ‚α‚ρA¬‚³‚Θq‚Η‚ΰz	‚ ‚©‚Ώ‚α‚ρA‚Ώ‚Ά‚³‚Θ‚±‚Η‚ΰ	‹{ι§
‚¨‚έ‚ε[‚Ι‚ΏA‚¨‚έ‚ε‚¤‚Κ‚Γ	‚¨‚έ‚ε[‚Ι‚ΏA‚¨‚έ‚ε‚¤‚Κ‚Γ	y‚ά‚½–Ύ“ϊIz	‚ά‚½‚ ‚µ‚½	‹{ι§
‚¨‚β‚©‚½A‚¨‚β‚ª‚Ύ	‚¨‚β‚©‚½A‚¨‚β‚ª‚Ύ	y’·’jz	‚Ώ‚ε‚¤‚Θ‚ρ	‹{ι§
‚ª‚¨‚Α‚½	‚ª‚¨‚Α‚½	y”ζ‚κ‚½z	‚Β‚©‚κ‚½	‹{ι§
‚ª‚ª	‚ª‚ª	y•κAΘz	‚Ν‚ΝA‚Β‚ά	‹{ι§
‚©‚·‚―[	‚©‚·‚―[	y«‚Άz	‚©‚µ‚±‚Ά	‹{ι§
‚ª‚Ω‚η‚ρ	‚ª‚Ω‚η‚ρ	y‹σ‚Α‚Ϋz	‚©‚η‚Α‚Ϋ	‹{ι§
‚¬‚θ‚¬‚θ	‚¬‚θ‚¬‚θ	y‚ή‚θ‚β‚θz	‚ή‚θ‚β‚θ	‹{ι§
‚«‚ρ‚Η‚ι	‚«‚ρ‚Η‚ι	y‹Cζ‚ιz	‚«‚Η‚ι	‹{ι§
‚­‚Α‚Δ‚―‚³‚Ά‚ρ	H‚Α‚Δ‚―‚³‚Ά‚ρ	yH‚Χ‚Δ‚­‚Ύ‚³‚Άz	‚½‚Χ‚Δ‚­‚Ύ‚³‚Ά	‹{ι§
‚±‚Λ‚ªH	—‚Λ‚ªH	y—‚Θ‚Ά‚©‚ΆHz	‚±‚Θ‚Ά‚©‚ΆH	‹{ι§
‚²‚Α‚µ‚α‚®	‚²‚Α‚µ‚α‚®	y“{‚ιz	‚¨‚±‚ι	‹{ι§
‚±‚Μ‚°	‚±‚Μ‚°	y”ϋ–Ρz	‚ά‚δ‚°	‹{ι§
‚³‚η‚³‚¦‚ΪA‚³‚η‚³‚η‚Ά‚Ϊ	‚³‚η‚³‚¦‚ΪA‚³‚η‚³‚η‚Ά‚Ϊ	y’Ή”§z	‚Ζ‚θ‚Ν‚Ύ	‹{ι§
‚µ‚µ‚α‚ά‚·	‚µ‚µ‚α‚ά‚·	yΆ‚ιz	‚±‚ά‚ι	‹{ι§
‚µ‚Έ‚Λ	‚µ‚Έ‚Λ	y‚¤‚ι‚³‚Άz	‚¤‚ι‚³‚Ά	‹{ι§
‚µ‚Έ‚Λ‚Α‚±	‚µ‚Έ‚Λ‚Α‚±	y‚β‚©‚ά‚µ‚ΆIz	‚β‚©‚ά‚µ‚Ά	‹{ι§
‚µ‚Ξ‚κ‚ι	‚µ‚Ξ‚κ‚ι	y”ρν‚Ι¦‚Άz	‚Π‚¶‚ε‚¤‚Ι‚³‚ή‚Ά	‹{ι§
‚µ‚α‚Α‚±‚¦A‚Π‚α‚Α‚±‚Ά	‚µ‚α‚Α‚±‚¦A‚Π‚α‚Α‚±‚Ά	y—β‚½‚Άz	‚Β‚ί‚½‚Ά	‹{ι§
‚·‚°‚Θ‚¥	‚·‚°‚Θ‚¥	y‚³‚Ρ‚µ‚Άz	‚³‚Ρ‚µ‚Ά	‹{ι§
‚·‚―‚ι	‚·‚―‚ι	yθ“`‚¤z	‚Δ‚Β‚Ύ‚¤	‹{ι§
‚·‚Ρ‚η‚Α‚±‚¦	‚·‚Ρ‚η‚Α‚±‚¦	y‚Έ‚ι‚Άz	‚Έ‚ι‚Ά	‹{ι§
‚½‚ρ‚Ο‚η	‚½‚ρ‚Ο‚η	y‚·‚®‚Ι• ‚π—§‚Δ‚ιA‹C‚ª’Z‚Άz	‚·‚®‚Ι‚Ν‚η‚π‚½‚Δ‚ιA‚«‚ª‚έ‚¶‚©‚Ά	‹{ι§
‚Ώ‚α	‚Ώ‚α	y`‚Μ‚ΎA`‚Μ‚ζz	`‚Μ‚ΎA`‚Μ‚ζ	‹{ι§
‚Η‚Ε‚ι	‚Η‚Ε‚ι	y‹Α‚­z	‚¨‚Η‚λ‚­	‹{ι§
‚Η‚Ε‚ρ‚µ‚½	‚Η‚Ε‚ρ‚µ‚½	y‚Ρ‚Α‚­‚θ‚µ‚½z	‚Ρ‚Α‚­‚θ‚µ‚½	‹{ι§
‚Θ‚¶‚ε‚µ‚½‚η‚Ά‚ª‚ρ‚Χ‚ΘH	‚Θ‚¶‚ε‚µ‚½‚η‚Ά‚ª‚ρ‚Χ‚ΘH	y‚Η‚Μ‚ζ‚¤‚Ι‚µ‚½‚η‚Ά‚Ά‚Ε‚µ‚ε‚¤Hz	‚Η‚Μ‚ζ‚¤‚Ι‚µ‚½‚η‚Ά‚Ά‚Ε‚µ‚ε‚¤H	‹{ι§
‚Θ‚¶‚ε‚µ‚ΔH	‚Θ‚¶‚ε‚µ‚ΔH	y‚Η‚¤‚µ‚ΔHz	‚Η‚¤‚µ‚ΔH	‹{ι§
‚Θ‚ά‚Ύ‚η	‚Θ‚ά‚Ύ‚η	y‚®‚Έ‚®‚Έ‚·‚ιAθ‚π”²‚­z	‚®‚Έ‚®‚Έ‚·‚ιA‚Δ‚π‚Κ‚­	‹{ι§
‚Κ‚°‚³‚­	‚Κ‚°‚³‚­	y‚ά‚Κ‚―z	‚ά‚Κ‚―	‹{ι§
‚Λ‚Α‚Ψ	‚Λ‚Α‚Ψ	y‚Β‚Ξz	‚Β‚Ξ	‹{ι§
‚Ξ‚Α‚ΏA‚Ξ‚Α‚Β	‚Ξ‚Α‚ΏA‚Ξ‚Α‚Β	y––‚Αqz	‚·‚¦‚Α‚±	‹{ι§
‚Ν‚Θ‚®‚η	‚Ν‚Θ‚®‚η	y‚Ά‚Ρ‚«z	‚Ά‚Ρ‚«	‹{ι§
‚Ν‚β‚Ν‚β	‚Ν‚β‚Ν‚β	y‚ ‚ν‚Δ‚ι‚±‚ΖA—‚Ώ’…‚«‚ª‚Θ‚­‚Ή‚Α‚©‚Ώ‚Θ—lqz	‚ ‚ν‚Δ‚ι‚±‚ΖA‚¨‚Ώ‚Β‚«‚ª‚Θ‚­‚Ή‚Α‚©‚Ώ‚Θ‚ζ‚¤‚·	‹{ι§
‚Ν‚η‚­‚Α‚ΐ‚Ά	‚Ν‚η‚­‚Α‚ΐ‚Ά	y‚¨• ‚ª‚«‚Β‚Ά[z	‚¨‚Θ‚©‚ª‚«‚Β‚Ά[	‹{ι§
‚Ν‚η‚Α‚Ò‚θ	‚Ν‚η‚Α‚Ò‚θ	y‰Ί—z	‚°‚θ	‹{ι§
‚Ω‚ρ‚Ε‚Θ‚·	‚Ω‚ρ‚Ε‚Θ‚·	yƒoƒJz	‚Ξ‚©	‹{ι§
‚ά‚½‚²‚΄‚Ά‚ρ	‚ά‚½‚²‚΄‚Ά‚ρ	y‚ά‚½—‚Δ‚­‚Ύ‚³‚Άz	‚ά‚½‚«‚Δ‚­‚Ύ‚³‚Ά	‹{ι§
‚ά‚Β‚Ϋ‚ΆA‚ά‚Β‚Α‚Ϋ‚Ά	‚ά‚Β‚Ϋ‚ΆA‚ά‚Β‚Α‚Ϋ‚Ά	y‚ά‚Τ‚µ‚Άz	‚ά‚Τ‚µ‚Ά	‹{ι§
‚ά‚Θ‚®A‚ά‚Θ‚²	‚ά‚Θ‚®A‚ά‚Θ‚²	y–Ϊz	‚ί	‹{ι§
‚ί‚®‚³‚Ά	‚ί‚®‚³‚Ά	y‚έ‚Α‚Ζ‚ΰ‚Θ‚ΆAƒuƒXz	‚έ‚Α‚Ζ‚ΰ‚Θ‚ΆA‚Τ‚·	‹{ι§
‚ί‚­‚Ή	‚ί‚­‚Ή	y©‚½–Ϊ‚ª«‚ΆAƒJƒbƒR«‚ΆA’p‚Έ‚©‚µ‚ΆA‚έ‚Α‚Ζ‚ΰ‚Θ‚Άz	‚έ‚½‚ί‚ª‚ν‚ι‚ΆA‚©‚Α‚±‚ν‚ι‚ΆA‚Ν‚Έ‚©‚µ‚ΆA‚έ‚Α‚Ζ‚ΰ‚Θ‚Ά	‹{ι§
‚ί‚ρ‚±‚Ά	‚ί‚ρ‚±‚Ά	y‚©‚ν‚Ά‚Άz	‚©‚ν‚Ά‚Ά	‹{ι§
‚ί‚ρ‚±‚ί‚ρ‚±‚·‚ι	‚ί‚ρ‚±‚ί‚ρ‚±‚·‚ι	y“ª‚π‚Θ‚Ε‚ιz	‚ ‚½‚ά‚π‚Θ‚Ε‚ι	‹{ι§
‚β‚­‚Δ‚ΰ‚Θ‚Ά	‚β‚­‚Δ‚ΰ‚Θ‚Ά	y–π‚Ι—§‚½‚Θ‚ΆA‚Β‚ά‚η‚Θ‚Άz	‚β‚­‚Ι‚½‚½‚Θ‚ΆA‚Β‚ά‚η‚Θ‚Ά	‹{ι§
‚β‚°	‚β‚°	y‰Ξz	‚β‚―‚Η	‹{ι§
‚β‚Α‚±‚Ά	‚β‚Α‚±‚Ά	y‚β‚ν‚η‚©‚Άz	‚β‚ν‚η‚©‚Ά	‹{ι§
‚β‚ρ‚Ύ	‚β‚ρ‚Ύ	y‚Ά‚β‚Ε‚·z	‚Ά‚β‚Ε‚·	‹{ι§
‚δ‚Υ‚ΔA‚δ‚Υ‚Δ‚	‚δ‚Υ‚ΔA‚δ‚Υ‚Δ‚	y‰‚½‚Άz	‚―‚ή‚½‚Ά	‹{ι§
‚ρ‚Ύ	‚ρ‚Ύ	y‚»‚¤‚Ύz	‚»‚¤‚Ύ	‹{ι§
‚ρ‚Ύ‚Α‚·	‚ρ‚Ύ‚Α‚·	y‚»‚¤‚Ε‚·z	‚»‚¤‚Ε‚·	‹{ι§
‚ρ‚Ύ‚Χ‚ª	‚ρ‚Ύ‚Χ‚ª	y‚»‚¤‚©‚µ‚ηz	‚»‚¤‚©‚µ‚η	‹{ι§
‚ ‚ª‚Α‚Δ‚―‚λ	‚ ‚ª‚Α‚Δ‚―‚λ	y‚Η‚¤‚Ό‚¨γ‚ª‚θ‚­‚Ύ‚³‚Άz	‚Η‚¤‚Ό‚¨‚ ‚ª‚θ‚­‚Ύ‚³‚Ά	H“c§
‚ ‚µ‚©‚ά‚θ	‚ ‚µ‚©‚ά‚θ	y‘«‚Μ‚Ι‚¨‚Άz	‚ ‚µ‚Μ‚Ι‚¨‚Ά	H“c§
‚ ‚Χ‚½‚Σ‚θ	‚ ‚Χ‚½‚Σ‚θ	y’m‚Α‚½‚©‚Τ‚θz	‚µ‚Α‚½‚©‚Τ‚θ	H“c§
‚ ‚ί‚©‚ά‚θ	‚ ‚ί‚©‚ά‚θ	y•…‚Α‚½L‚Άz	‚­‚³‚Α‚½‚Ι‚¨‚Ά	H“c§
‚Ά‚¶‚­‚³‚κA‚Ά‚¶‚­‚³‚θ	‚Ά‚¶‚­‚³‚κA‚Ά‚¶‚­‚³‚θ	y‚Ά‚¶‚ν‚ι‚ΘlA‹­ξ‚π’£‚ιlz	‚Ά‚¶‚ν‚ι‚Θ‚Π‚ΖA‚²‚¤‚¶‚ε‚¤‚π‚Ν‚ι‚Π‚Ζ	H“c§
‚¤‚µ‚λ‚Η‚ρ‚±	‚¤‚µ‚λ‚Η‚ρ‚±	yγ“ª•”A‚¤‚Θ‚¶z	‚±‚¤‚Ζ‚¤‚ΤA‚¤‚Θ‚¶	H“c§
‚¤‚»‚±‚¬	‚¤‚»‚±‚¬	y‰R‚Β‚«z	‚¤‚»‚Β‚«	H“c§
‚¤‚½‚Δ[A‚¤‚½‚Ώ[A‚¨‚½‚Δ[	‚¤‚½‚Δ[A‚¤‚½‚Ώ[A‚¨‚½‚Δ[	y‹C‚Ώ‚ª«‚ΆA‹C–΅‚ª«‚Άz	‚«‚ΰ‚Ώ‚ª‚ν‚ι‚ΆA‚«‚έ‚ª‚ν‚ι‚Ά	H“c§
‚¦[‚Σ‚θ‚±‚­[	‚¦[‚Σ‚θ‚±‚­[	y‹Cζ‚ιz	‚«‚Η‚ι	H“c§
‚¨‚ª	‚¨‚ª	y‚½‚­‚³‚ρz	‚½‚­‚³‚ρ	H“c§
‚¨‚µ‚ε‚µ	‚¨‚µ‚ε‚µ	y’p‚Έ‚©‚µ‚Άz	‚Ν‚Έ‚©‚µ‚Ά	H“c§
‚¨‚Α‚½‚Β	‚¨‚Α‚½‚Β	y‚­‚½‚Ρ‚κ‚ιA”ζ‚κ‚½z	‚­‚½‚Ρ‚κ‚ιA‚Β‚©‚κ‚½	H“c§
‚¨‚ί‚Ε‚Η‚ª‚ρ‚·	‚¨‚ί‚Ε‚Η‚ª‚ρ‚·	y‚¨‚ί‚Ε‚Ζ‚¤z	‚¨‚ί‚Ε‚Ζ‚¤	H“c§
‚¨‚η	‚¨‚η	y‚¨‚κz	‚¨‚κ	H“c§
‚ª‚¨‚ι	‚ª‚¨‚ι	yΆ‚ιz	‚±‚ά‚ι	H“c§
‚©‚Ώ‚α‚Ψ	‚©‚Ώ‚α‚Ψ	y•i‚ª‚Θ‚ΆA‰Ί•iz	‚Π‚ρ‚ª‚Θ‚ΆA‚°‚Π‚ρ	H“c§
‚©‚Α‚Ώ‚α	‚©‚Α‚Ώ‚α	y‚¨•κ‚³‚ρz	‚¨‚©‚ ‚³‚ρ	H“c§
‚©‚ά‚θ	‚©‚ά‚θ	y‚Ι‚¨‚ΆA‚θz	‚Ι‚¨‚ΆA‚©‚¨‚θ	H“c§
‚­	‚­	yH‚Χ‚ιz	‚½‚Χ‚ι	H“c§
‚­‚³‚κ‚½‚ά‚®‚η	‚­‚³‚κ‚½‚ά‚®‚η	y–π‚Ι—§‚½‚Θ‚Ά‚ΰ‚Μiljz	‚β‚­‚Ι‚½‚½‚Θ‚Ά‚ΰ‚Μi‚Π‚Ζj	H“c§
‚―	‚―	y—‚ΆA‚©‚δ‚ΆAH‚Χ‚Θ‚³‚Άz	‚±‚ΆA‚©‚δ‚ΆA‚½‚Χ‚Θ‚³‚Ά	H“c§
‚―‚Α‚ΏA‚―‚Ώ‚½‚Α‚Ϋ	‚―‚Α‚ΏA‚―‚Ώ‚½‚Α‚Ϋ	y‚¨‚µ‚θz	‚¨‚µ‚θ	H“c§
‚―‚Α‚Ο‚ι	‚―‚Α‚Ο‚ι	y‚ª‚ρ‚Ξ‚ιz	‚ª‚ρ‚Ξ‚ι	H“c§
‚±‚¤‚¥	‚±‚¤‚¥	y”ζ‚κ‚½z	‚Β‚©‚κ‚½	H“c§
‚±‚Ώ‚ε‚ά‚·	‚±‚Ώ‚ε‚ά‚·	y‚­‚·‚®‚ιz	‚­‚·‚®‚ι	H“c§
‚±‚Μ‚°	‚±‚Μ‚°	y”ϋ–Ρz	‚ά‚δ‚°	H“c§
‚±‚Ϊ‚Ω‚θ	‚±‚Ϊ‚Ω‚θ	y‚µ‚Β‚±‚ΆAª[‚Άz	‚µ‚Β‚±‚ΆA‚Λ‚Τ‚©‚Ά	H“c§
‚²‚ί‚µ‚Δ‚―‚κ	‚²‚ί‚µ‚Δ‚―‚κ	y‹–‚µ‚Δ‚­‚Ύ‚³‚Άz	‚δ‚ι‚µ‚Δ‚­‚Ύ‚³‚Ά	H“c§
‚µ‚¬‚Ε‚Λ	‚µ‚¬‚Ε‚Λ	yD‚«‚¶‚α‚Θ‚Άz	‚·‚«‚¶‚α‚Θ‚Ά	H“c§
‚¶‚®‚Θ‚µA‚Έ‚­‚Θ‚µ	‚¶‚®‚Θ‚µA‚Έ‚­‚Θ‚µ	y—E‹C‚ª‚Θ‚ΆA¬SÒAΣ‹C’n‚Θ‚µz	‚δ‚¤‚«‚ª‚Θ‚ΆA‚µ‚ε‚¤‚µ‚ρ‚ΰ‚ΜA‚Ά‚­‚¶‚Θ‚µ	H“c§
‚¶‚Ω‚±‚«	‚¶‚Ω‚±‚«	y‚¤‚»‚Β‚«z	‚¤‚»‚Β‚«	H“c§
‚µ‚α‚Α‚±‚Ά	‚µ‚α‚Α‚±‚Ά	y—β‚½‚Άz	‚Β‚ί‚½‚Ά	H“c§
‚·‚Ξ‚η‚µ‚Ά	‚·‚Ξ‚η‚µ‚Ά	y‚¤‚ι‚³‚Άz	‚¤‚ι‚³‚Ά	H“c§
‚Έ‚λ‚·‚―	‚Έ‚λ‚·‚―	y‚Έ‚ι‚Άlz	‚Έ‚ι‚Ά‚Π‚Ζ	H“c§
‚Ώ‚ε‚·A‚Ώ‚ε‚¤‚·	‚Ώ‚ε‚·A‚Ώ‚ε‚¤‚·	y‚³‚ν‚ιz	‚³‚ν‚ι	H“c§
‚Δ‚Ϊ‚°A‚Δ‚Ϊ‚±A‚Δ‚Ϊ‚Α‚«‚α	‚Δ‚Ϊ‚°A‚Δ‚Ϊ‚±A‚Δ‚Ϊ‚Α‚«‚α	y•sν—p‚Θlz	‚Τ‚«‚ζ‚¤‚Θ‚Π‚Ζ	H“c§
‚Ζ‚¶‚α‚Λ	‚Ζ‚¶‚α‚Λ	y‚³‚Ρ‚µ‚Άz	‚³‚Ρ‚µ‚Ά	H“c§
‚Ζ‚Α‚Ώ‚α	‚Ζ‚Α‚Ώ‚α	y‚¨•ƒ‚³‚ρz	‚¨‚Ζ‚¤‚³‚ρ	H“c§
‚Η‚Τ‚Ε	‚Η‚Τ‚Ε	y‚Έ‚ι‚Άz	‚Έ‚ι‚Ά	H“c§
‚Η‚β‚®	‚Η‚β‚®	y’‡ΤA—F’Bz	‚Θ‚©‚άA‚Ζ‚ΰ‚Ύ‚Ώ	H“c§
‚Η‚β‚Φ‚ΞA‚Η‚β‚Ή‚ΞA‚Η‚Ή‚ΞA‚Η‚Φ‚Ξ	‚Η‚β‚Φ‚ΞA‚Η‚β‚Ή‚ΞA‚Η‚Ή‚ΞA‚Η‚Φ‚Ξ	y‚Η‚¤‚·‚κ‚Ξz	‚Η‚¤‚·‚κ‚Ξ	H“c§
‚Θ‚¶‚«	‚Θ‚¶‚«	y‚¨‚Ε‚±z	‚¨‚Ε‚±	H“c§
‚Θ‚µ‚Δ	‚Θ‚µ‚Δ	y‚Θ‚ΊHz	‚Θ‚Ί	H“c§
‚Μ‚³‚Ξ‚ι	‚Μ‚³‚Ξ‚ι	yΓ‚¦‚ιz	‚ ‚ά‚¦‚ι	H“c§
‚Ξ‚ª‚―	‚Ξ‚ª‚―	yƒoƒJz	‚Ξ‚©	H“c§
‚Ξ‚Α‚ΏA‚Ξ‚Α‚Β	‚Ξ‚Α‚ΏA‚Ξ‚Α‚Β	y––‚Αqz	‚·‚¦‚Α‚±	H“c§
‚Ρ‚µ‚ρ	‚Ρ‚µ‚ρ	y”όlz	‚Ρ‚¶‚ρ	H“c§
‚Τ‚µ‚ε‚½‚ª‚θ	‚Τ‚µ‚ε‚½‚ª‚θ	y‚Ύ‚η‚µ‚Θ‚ΆA•s‰z	‚Ύ‚η‚µ‚Θ‚ΆA‚Σ‚―‚Β	H“c§
‚Φ‚ρ‚Φ	‚Φ‚ρ‚Φ	y‚Ή‚ρ‚Ή‚Άz	‚Ή‚ρ‚Ή‚Ά	H“c§
‚Ω‚Ά‚ΗA‚Ω‚Ά‚Ζ	‚Ω‚Ά‚ΗA‚Ω‚Ά‚Ζ	y—~’£‚θAƒPƒ`z	‚ζ‚­‚Ξ‚θA‚―‚Ώ	H“c§
‚ά‚Θ‚®A‚ά‚Θ‚²	‚ά‚Θ‚®A‚ά‚Θ‚²	y–Ϊz	‚ί	H“c§
‚έ‚Α‚½‚­‚Θ‚µ	‚έ‚Α‚½‚­‚Θ‚µ	y‚©‚ν‚Ά‚­‚Θ‚ΆAƒuƒXz	‚©‚ν‚Ά‚­‚Θ‚ΆA‚Τ‚·	H“c§
‚ί‚ρ‚―	‚ί‚ρ‚―	y‚©‚ν‚Ά‚Άz	‚©‚ν‚Ά‚Ά	H“c§
‚β‚Ώ‚ΰ‚Θ‚Ά	‚β‚Ώ‚ΰ‚Θ‚Ά	y‚µ‚ζ‚¤‚ª‚Θ‚ΆA‚Β‚ά‚η‚Θ‚Άz	‚µ‚ζ‚¤‚ª‚Θ‚ΆA‚Β‚ά‚η‚Θ‚Ά	H“c§
‚ζ‚λ‚½A‚ζ‚λ‚½‚Α‚Ϋ	‚ζ‚λ‚½A‚ζ‚λ‚½‚Α‚Ϋ	y‚Σ‚Ζ‚ΰ‚ΰz	‚Σ‚Ζ‚ΰ‚ΰ	H“c§
‚ ‚Έ‚ά‚µ[	‚ ‚Έ‚ά‚µ[	y‚δ‚Α‚½‚θ‚Ζ—‚Ώ’…‚Ά‚½z	‚δ‚Α‚½‚θ‚Ζ‚¨‚Ώ‚Β‚Ά‚½	–kC“Ή
‚ ‚ί‚ι	‚ ‚ί‚ι	yH‚Χ•¨‚ª‚Ά‚½‚ήE‚·‚¦‚ιz	‚½‚Χ‚ΰ‚Μ‚ª‚Ά‚½‚ήE‚·‚¦‚ι	–kC“Ή
‚ ‚β‚Β‚―‚ι	‚ ‚β‚Β‚―‚ι	y‚©‚Α‚±‚¤‚π‚Β‚―‚ιz	‚©‚Α‚±‚¤‚π‚Β‚―‚ι	–kC“Ή
‚Ά‚Έ‚Ά	‚Ά‚Έ‚Ά	y–Ϊ‚Μ‚²‚έ‚ª‚²‚λ‚²‚λ‚·‚ιz	‚ί‚Μ‚²‚έ‚ª‚²‚λ‚²‚λ‚·‚ι	–kC“Ή
‚Ά‚½‚ά‚µ[	‚Ά‚½‚ά‚µ[	yΙ‚µ‚ΆE‚ΰ‚Α‚½‚Ά‚Θ‚Άz	‚¨‚µ‚ΆE‚ΰ‚Α‚½‚Ά‚Θ‚Ά	–kC“Ή
‚¤‚Ύ‚Ε	‚¤‚Ύ‚Ε	y‚½‚Ά‚»‚¤z	‚½‚Ά‚»‚¤	–kC“Ή
‚¤‚έ‚ ‚―	‚¤‚έ‚ ‚―	yt‚Ι‚Θ‚θ—¬•X‚ª‹‚ιz	‚Ν‚ι‚Ι‚Θ‚θ‚θ‚γ‚¤‚Π‚ε‚¤‚ª‚³‚ι	–kC“Ή
‚¨‚ι	‚¨‚ι	y‘ε‚«‚­‚Θ‚ιE¬’·‚·‚ιz	‚¨‚¨‚«‚­‚Θ‚ιE‚Ή‚Ά‚Ώ‚ε‚¤‚·‚ι	–kC“Ή
‚¨‚ι	‚¨‚ι	y¶‚¦‚ιz	‚Ν‚¦‚ι	–kC“Ή
‚¨‚ΰ‚β‚έ	‚¨‚ΰ‚β‚έ	yS”zE‹C‚ª‚©‚θz	‚µ‚ρ‚Ο‚ΆE‚«‚ª‚©‚θ	–kC“Ή
‚¨‚ΰ‚β‚έ	‚¨‚ΰ‚β‚έ	y‚¨‚Α‚­‚¤z	‚¨‚Α‚­‚¤	–kC“Ή
‚©‚Ά‚Χ‚Β	‚©‚Ά‚Χ‚Β	yƒLƒƒƒxƒcz	‚«‚α‚Χ‚Β	–kC“Ή
‚©‚Α‚Ώ‚α‚­	‚©‚Α‚Ώ‚α‚­	yψ‚Α‚©‚­z	‚Π‚Α‚©‚­	–kC“Ή
‚©‚Δ‚ι	‚©‚Δ‚ι	y’‡Τ‚Ι“ό‚κ‚ιz	‚Θ‚©‚ά‚Ι‚Ά‚κ‚ι	–kC“Ή
‚«‚©‚Θ‚Ά	‚«‚©‚Θ‚Ά	y‹C‚ª‹­‚ΆE—–\‚Ύz	‚«‚ª‚Β‚ζ‚ΆE‚η‚ρ‚Ϊ‚¤‚Ύ	–kC“Ή
‚―‚ ‚η‚µ	‚―‚ ‚η‚µ	y…φ‹C‚Μ‘ε—Κ”­¶z	‚·‚Ά‚¶‚ε‚¤‚«‚Μ‚½‚Ά‚θ‚ε‚¤‚Ν‚Α‚Ή‚Ά	–kC“Ή
‚±‚ν‚Ά	‚±‚ν‚Ά	y”ζ‚κ‚Δ‚«‚Β‚Άz	‚Β‚©‚κ‚Δ‚«‚Β‚Ά	–kC“Ή
‚³‚«‚θ	‚³‚«‚θ	y‘g‚έ‡‚ν‚Ή‚½Ϋ‘Ύz	‚­‚έ‚ ‚ν‚Ή‚½‚ά‚ι‚½	–kC“Ή
‚µ‚½‚Α‚―	‚µ‚½‚Α‚―	y‚»‚¤‚µ‚½‚ηz	‚»‚¤‚µ‚½‚η	–kC“Ή
‚µ‚½‚Α‚―‚Λ	‚µ‚½‚Α‚―‚Λ	y‚»‚κ‚Ε‚Ν‚ά‚½‚ΛEƒoƒCƒoƒCz	‚»‚κ‚Ε‚Ν‚ά‚½‚ΛE‚Ξ‚Ά‚Ξ‚Ά	–kC“Ή
‚µ‚Ξ‚κ‚ι	‚µ‚Ξ‚κ‚ι	y‚Π‚Η‚­¦‚ΆE“€‚θ‚Β‚­z	‚Π‚Η‚­‚³‚ή‚ΆE‚±‚¨‚θ‚Β‚­	–kC“Ή
‚·‚ΰ‚θ	‚·‚ΰ‚θ	y‰®ª‚ΜΟα‚Ι‚ζ‚ι…R‚κz	‚β‚Λ‚Μ‚Ή‚«‚Ή‚Β‚Ι‚ζ‚ι‚έ‚Έ‚ΰ‚κ	–kC“Ή
‚·‚½‚ρ‚Ξ‚Ά	‚·‚½‚ρ‚Ξ‚Ά	y€”υE—pΣz	‚¶‚γ‚ρ‚ΡE‚ζ‚¤‚Ά	–kC“Ή
‚½‚Ά‚µ‚½	‚½‚Ά‚µ‚½	y‚½‚Ά‚»‚¤E‚Ζ‚Δ‚ΰz	‚½‚Ά‚»‚¤E‚Ζ‚Δ‚ΰ	–kC“Ή
‚½‚­	‚½‚­	y‚ΒE‚Ώγ‚°‚ιz	‚ΰ‚ΒE‚ΰ‚Ώ‚ ‚°‚ι	–kC“Ή
‚Ώ‚α‚η‚ρ‚―	‚Ώ‚α‚η‚ρ‚―	y•¶‹εEΎ‚Ά‚ª‚©‚θz	‚ΰ‚ρ‚­E‚Ά‚Ά‚ª‚©‚θ	–kC“Ή
‚Ώ‚ε‚·	‚Ώ‚ε‚·	yG‚ιE‚©‚η‚©‚¤z	‚³‚ν‚ιE‚©‚η‚©‚¤	–kC“Ή
‚Β‚Α‚Ψ	‚Β‚Α‚Ψ	yπE‚Ρ‚ρ‚Μπ‚Θ‚Ηz	‚Ή‚ρE‚Ρ‚ρ‚Μ‚Ή‚ρ‚Θ‚Η	–kC“Ή
‚Δ‚ρ‚±‚ΰ‚θ	‚Δ‚ρ‚±‚ΰ‚θ	y‚²‚Ν‚ρ‚ΜR·‚θz	‚²‚Ν‚ρ‚Μ‚β‚ά‚ΰ‚θ	–kC“Ή
‚Ζ‚Ώ‚γ[‚Ν‚ρ‚Ο	‚Ζ‚Ώ‚γ[‚Ν‚ρ‚Ο	y’†“r”Ό’[z	‚Ώ‚γ‚¤‚Ζ‚Ν‚ρ‚Ο	–kC“Ή
‚Ζ[‚«‚Ρ	‚Ζ[‚«‚Ρ	y‚Ζ‚¤‚ΰ‚λ‚±‚µz	‚Ζ‚¤‚ΰ‚λ‚±‚µ	–kC“Ή
‚Θ‚ά‚η	‚Θ‚ά‚η	y‚½‚Ά‚»‚¤E”ρν‚Ιz	‚½‚Ά‚»‚¤E‚Π‚¶‚ε‚¤‚Ι	–kC“Ή
‚Θ‚ρ‚ΰ	‚Θ‚ρ‚ΰ	y‚Ά‚β‚Ά‚βE‚Ώ‚Α‚Ζ‚ΰz	‚Ά‚β‚Ά‚βE‚Ώ‚Α‚Ζ‚ΰ	–kC“Ή
‚Ν‚­	‚Ν‚­	yiθ‘ά‚Θ‚Η‚πj‚Ν‚ί‚ιz	i‚Δ‚Τ‚­‚λ‚Θ‚Η‚πj‚Ν‚ί‚ι	–kC“Ή
‚Ν‚Α‚Ώ‚α‚«	‚Ν‚Α‚Ώ‚α‚«	yκS‚Ι‚Θ‚ι‚±‚ΖE”M’†z	‚Ά‚Α‚µ‚ρ‚Ι‚Θ‚ι‚±‚ΖE‚Λ‚Α‚Ώ‚γ‚¤	–kC“Ή
‚Ν‚ρ‚©‚­‚³‚Ά	‚Ν‚ρ‚©‚­‚³‚Ά	y‚Ξ‚©‚°‚½E‚ ‚Ω‚η‚µ‚Άz	‚Ξ‚©‚°‚½E‚ ‚Ω‚η‚µ‚Ά	–kC“Ή
‚Π‚η	‚Π‚η	y‹}Ξ–Κz	‚«‚γ‚¤‚µ‚α‚ί‚ρ	–kC“Ή
‚Φ‚η	‚Φ‚η	y‚²‚Ν‚ρ‚π‚Β‚®‚µ‚α‚ΰ‚¶z	‚²‚Ν‚ρ‚π‚Β‚®‚µ‚α‚ΰ‚¶	–kC“Ή
‚Ω‚Α‚Ώ‚α‚κ	‚Ω‚Α‚Ώ‚α‚κ	y”ζ‚κ‚Δ³‹C‚Μ‚Θ‚Άlz	‚Β‚©‚κ‚Δ‚°‚ρ‚«‚Μ‚Θ‚Ά‚Π‚Ζ	–kC“Ή
‚ά‚©‚½‚·‚ι	‚ά‚©‚½‚·‚ι	yΜZ‚ª‚Ζ‚κ‚ιz	‚³‚Ά‚³‚ρ‚ª‚Ζ‚κ‚ι	–kC“Ή
‚ά‚©‚Θ‚¤	‚ά‚©‚Θ‚¤	ygx“x‚·‚ιz	‚έ‚¶‚½‚­‚·‚ι	–kC“Ή
‚ά‚Δ‚Ι	‚ά‚Δ‚Ι	y‚Δ‚Ά‚Λ‚Ά‚Ιz	‚Δ‚Ά‚Λ‚Ά‚Ι	–kC“Ή
‚ή‚θ‚­‚θ	‚ή‚θ‚­‚θ	y–³—‚β‚θz	‚ή‚θ‚β‚θ	–kC“Ή
‚ί‚ρ‚±‚Ά	‚ί‚ρ‚±‚Ά	y‚©‚ν‚Ά‚ΆE‚©‚ν‚Ά‚η‚µ‚Άz	‚©‚ν‚Ά‚ΆE‚©‚ν‚Ά‚η‚µ‚Ά	–kC“Ή
‚δ‚ι‚­‚Θ‚Ά	‚δ‚ι‚­‚Θ‚Ά	y—eΥ‚Ε‚Θ‚ΆEy‚Ε‚Θ‚Άz	‚ζ‚¤‚Ά‚Ε‚Θ‚ΆE‚η‚­‚Ε‚Θ‚Ά	–kC“Ή
‚θ‚η‚Ρ‚¦	‚θ‚η‚Ρ‚¦	yƒƒ‰‚ªη‚­‚±‚λ‚Μ¦‚³z	‚θ‚η‚ª‚³‚­‚±‚λ‚Μ‚³‚ή‚³	–kC“Ή
‚ν‚β	‚ν‚β	y‚ή‚Ώ‚α‚­‚Ώ‚αz	‚ή‚Ώ‚α‚­‚Ώ‚α	–kC“Ή
‚ª‚ά‚ν‚κ	‚ª‚ά‚ν‚κ	y¦‚³‚Ε–Ψ‚ª“€‚θ„‚κ‚ιz	‚³‚ή‚³‚Ε‚«‚ª‚±‚¨‚θ‚ν‚κ‚ι	–kC“Ή
‚ª‚ρ‚Ρ	‚ª‚ρ‚Ρ	y”’’‚Μ–Ψ‚β‚»‚Μ”ηz	‚µ‚η‚©‚Ξ‚Μ‚«‚β‚»‚Μ‚©‚ν	–kC“Ή
‚°‚κ‚Α‚Ο	‚°‚κ‚Α‚Ο	yΕ‰ΊΚE‚Ρ‚θ‚Α‚―‚Βz	‚³‚Ά‚©‚ΆE‚Ρ‚θ‚Α‚―‚Β	–kC“Ή
‚²‚µ‚ε‚Ά‚ΰ	‚²‚µ‚ε‚Ά‚ΰ	y”n—ι’z	‚Ξ‚κ‚Ά‚µ‚ε	–kC“Ή
‚²‚Α‚Ψ‚©‚¦‚·	‚²‚Α‚Ψ‚©‚¦‚·	y‘εΈ”s‚·‚ιz	‚Ύ‚Ά‚µ‚Α‚Ο‚Ά‚·‚ι	–kC“Ή
‚΄‚ρ	‚΄‚ρ	y{“χ‚Μ“‚—g‚°z	‚―‚Ά‚Ι‚­‚Μ‚©‚η‚ ‚°	–kC“Ή
‚¶‚Τ‚«	‚¶‚Τ‚«	y’nαz	‚¶‚Σ‚Τ‚«	–kC“Ή
‚Ε‚ί‚ρ‚³‚ρ	‚Ε‚ί‚ρ‚³‚ρ	y“ϊΩ‚Άz	‚Π‚β‚Ζ‚Ά	–kC“Ή
‚Ξ‚Α‚½‚·‚ι	‚Ξ‚Α‚½‚·‚ι	y“|‚κ‚ιE“|Y‚·‚ιz	‚½‚¨‚κ‚ιE‚Ζ‚¤‚³‚ρ‚·‚ι	–kC“Ή
‚Ξ‚ρ‚Ά‚Ώ	‚Ξ‚ρ‚Ά‚Ώ	yJ‘ρ‚ΜΫA‘—L’n‚Μκ•”‚Ι’n”Τ‚π‚Β‚―‚Θ‚©‚Α‚½’nζz	‚©‚Ά‚½‚­‚Μ‚³‚ΆA‚±‚­‚δ‚¤‚Ώ‚Μ‚Ά‚Ώ‚Τ‚Ι‚Ώ‚Ξ‚ρ‚π‚Β‚―‚Θ‚©‚Α‚½‚Ώ‚Ά‚«	–kC“Ή
‚ ‚Ά‚Γ	‚ ‚Ά‚Γ	y‚ ‚κz	‚ ‚κ	R`§
‚ ‚Η‚Β‚‚ά	‚ ‚Η‚Β‚‚ά	y•§—lz	‚Ω‚Ζ‚―‚³‚ά	R`§
‚ ‚ρ‚Β‚	‚ ‚ρ‚Β‚	yZ‹ME’j‚Μqz	‚ ‚Ι‚«E‚¨‚Ζ‚±‚Μ‚±	R`§
‚¦‚³‚Ξ‚β	‚¦‚³‚Ξ‚β	y‹›‰®z	‚³‚©‚Θ‚β	R`§
‚¨‚ª‚Ύ‚Α‚Β‚‚ά	‚¨‚ª‚Ύ‚Α‚Β‚‚ά	y—‹z	‚©‚έ‚Θ‚θ	R`§
‚¨‚³‚Ά	‚¨‚³‚Ά	y‚¨‘yΨE‚¨‚©‚Έz	‚¨‚»‚¤‚΄‚ΆE‚¨‚©‚Έ	R`§
‚¨‚Γ‚°	‚¨‚Γ‚°	y–΅‘X`z	‚έ‚»‚µ‚ι	R`§
‚¨‚η‚Ω	‚¨‚η‚Ω	y„‚Μ•ϋz	‚ν‚½‚µ‚Μ‚Ω‚¤	R`§
‚©‚ª	‚©‚ª	y•κEΘz	‚Ν‚ΝE‚Β‚ά	R`§
‚ª‚Α‚½‚ ‚ρ‚Ι‚α	‚ª‚Α‚½‚ ‚ρ‚Ι‚α	y’m‚Α‚½‚©‚Τ‚θ‚π‚·‚ιlz	‚µ‚Α‚½‚©‚Τ‚θ‚π‚·‚ι‚Π‚Ζ	R`§
‚«‚Ρ‚Ώ‚ε	‚«‚Ρ‚Ώ‚ε	y‹}{z	‚«‚γ‚¤‚·	R`§
‚±‚¦‚Γ	‚±‚¦‚Γ	y‚±‚κz	‚±‚κ	R`§
‚²‚Α‚Β‚§	‚²‚Α‚Β‚§	y‚²‚Ώ‚»‚¤z	‚²‚Ώ‚»‚¤	R`§
‚±‚ν‚Ο‚·‚¦	‚±‚ν‚Ο‚·‚¦	yd‚Ά‚²‚Ν‚ρz	‚©‚½‚Ά‚²‚Ν‚ρ	R`§
‚΄‚Ά	‚΄‚Ά	y“cΙz	‚Ά‚Θ‚©	R`§
‚³‚¦‚Γ‚Γ	‚³‚¦‚Γ‚Γ	yƒgƒ“ƒJƒ`z	‚Ζ‚ρ‚©‚Ώ	R`§
‚΄‚η‚Τ	‚΄‚η‚Τ	y‘’®z	‚»‚¤‚µ‚«	R`§
‚¶‚¥‚¶‚¥‚±	‚¶‚¥‚¶‚¥‚±	y‚¨‹ΰz	‚¨‚©‚Λ	R`§
‚µ‚¥‚ρ‚Β	‚µ‚¥‚ρ‚Β	y•Φz	‚Χ‚ρ‚¶‚ε	R`§
‚µ‚½‚Γ	‚µ‚½‚Γ	y‚¨`z	‚¨‚µ‚ι	R`§
‚µ‚α‚Έ	‚µ‚α‚Έ	yƒXƒv[ƒ“z	‚·‚Υ[‚ρ	R`§
‚µ‚ε‚Λ‚έ	‚µ‚ε‚Λ‚έ	y‚Π‚ª‚έz	‚Π‚ª‚έ	R`§
‚·‚ρ‚―‚½‚ª‚θ	‚·‚ρ‚―‚½‚ª‚θ	y_oΏ‚Θlz	‚µ‚ρ‚―‚Ά‚µ‚Β‚Θ‚Π‚Ζ	R`§
‚»‚Ά‚Γ	‚»‚Ά‚Γ	y‚»‚κz	‚»‚κ	R`§
‚½‚ά‚Θ	‚½‚ά‚Θ	yƒLƒƒƒxƒcz	‚«‚α‚Χ‚Β	R`§
‚Γ‚Ω‚±‚¬	‚Γ‚Ω‚±‚¬	y‚¤‚»‚Β‚«z	‚¤‚»‚Β‚«	R`§
‚Γ‚ρ‚Β‚	‚Γ‚ρ‚Β‚	y‚¶‚Ά‚Ώ‚α‚ρz	‚¶‚Ά‚Ώ‚α‚ρ	R`§
‚Δ‚µ‚ε‚΄‚η	‚Δ‚µ‚ε‚΄‚η	y¬Mz	‚±‚΄‚η	R`§
‚Δ‚Ϊ‚Α‚±	‚Δ‚Ϊ‚Α‚±	y•sν—pz	‚Τ‚«‚ζ‚¤	R`§
‚Η‚Ά‚Γ	‚Η‚Ά‚Γ	y‚Η‚κz	‚Η‚κ	R`§
‚Ι‚³	‚Ι‚³	yNE‚¨‚ά‚¦z	‚«‚έE‚¨‚ά‚¦	R`§
‚Ξ‚Α‚Ώ	‚Ξ‚Α‚Ώ	yκ”Τ‰ΊE––‚Αqz	‚Ά‚Ώ‚Ξ‚ρ‚µ‚½E‚·‚¦‚Α‚±	R`§
‚Ν‚ρ‚Ύ‚Ά	‚Ν‚ρ‚Ύ‚Ά	yƒe[ƒuƒ‹z	‚Δ[‚Τ‚ι	R`§
‚Ξ‚ρ‚Β‚	‚Ξ‚ρ‚Β‚	y‚Ξ‚ ‚Ώ‚α‚ρz	‚Ξ‚ ‚Ώ‚α‚ρ	R`§
‚Σ‚½‚Τ	‚Σ‚½‚Τ	y‚Ω‚Α‚Ψz	‚Ω‚Α‚Ψ	R`§
‚Φ‚Θ‚±	‚Φ‚Θ‚±	y—‚Μqz	‚¨‚ρ‚Θ‚Μ‚±	R`§
‚Φ‚Θ‚Χ‚η	‚Φ‚Θ‚Χ‚η	y—‚Μq‚½‚Ώz	‚¨‚ρ‚Θ‚Μ‚±‚½‚Ώ	R`§
‚Ω‚Ά‚¶‚ε	‚Ω‚Ά‚¶‚ε	y•ο’z	‚Ω‚¤‚Ώ‚ε‚¤	R`§
‚ά‚ά	‚ά‚ά	y‚²”Ρz	‚²‚Ν‚ρ	R`§
‚ά‚ά‚Γ‚ά‚¦	‚ά‚ά‚Γ‚ά‚¦	yH–‚Μx“xz	‚µ‚ε‚­‚¶‚Μ‚µ‚½‚­	R`§
‚ή‚ª‚³‚θ	‚ή‚ª‚³‚θ	y‹¥z	‚―‚Α‚±‚ρ	R`§
‚ί‚ª‚Ύ	‚ί‚ª‚Ύ	yd‚³z	‚¨‚ΰ‚³	R`§
‚ΰ‚®‚Ύ	‚ΰ‚®‚Ύ	y‚²‚έz	‚²‚έ	R`§
‚β‚λ‚±	‚β‚λ‚±	y’j‚Μqz	‚¨‚Ζ‚±‚Μ‚±	R`§
‚β‚λ‚Χ‚η	‚β‚λ‚Χ‚η	y’j‚Μq‚½‚Ώz	‚¨‚Ζ‚±‚Μ‚±‚½‚Ώ	R`§
‚ζ‚Ò‚©‚θ	‚ζ‚Ò‚©‚θ	y–ιX‚©‚µz	‚ζ‚Σ‚©‚µ	R`§
‚ρ‚Ϊ‚±	‚ρ‚Ϊ‚±	yq‚Η‚ΰz	‚±‚Η‚ΰ	R`§
‚ ‚ª‚·‚―	‚ ‚ª‚·‚―	y¶Σ‹Cz	‚Θ‚ά‚Ά‚«	R`§
‚ ‚΄‚®	‚ ‚΄‚®	yl‚Μ‚ΰ‚Μ‚πθ‚Ι‚Ά‚¶‚Α‚Δ‚³‚ª‚·z	‚Π‚Ζ‚Μ‚ΰ‚Μ‚π‚©‚Α‚Δ‚Ι‚Ά‚¶‚Α‚Δ‚³‚ª‚·	R`§
‚¤‚ª‚¦	‚¤‚ª‚¦	y‘½‚Άz	‚¨‚¨‚Ά	R`§
‚¤‚Τ	‚¤‚Τ	yq‚Η‚ΰ‚π‚¨‚ρ‚Τ‚·‚ιz	‚±‚Η‚ΰ‚π‚¨‚ρ‚Τ‚·‚ι	R`§
‚¤‚Τ‚³‚ι	‚¤‚Τ‚³‚ι	yq‚Η‚ΰ‚ª‚¨‚ρ‚Τ‚·‚ιz	‚±‚Η‚ΰ‚ª‚¨‚ρ‚Τ‚·‚ι	R`§
‚¤‚ι‚ª‚·	‚¤‚ι‚ª‚·	y…‚ΙZ‚·z	‚έ‚Έ‚Ι‚Β‚―‚ι	R`§
‚¨‚©‚Γ‚®	‚¨‚©‚Γ‚®	y’Η‚Ά‚Β‚­z	‚¨‚Ά‚Β‚­	R`§
‚¨‚ª‚ι	‚¨‚ª‚ι	y‘ε‚«‚­‚Θ‚ιE¬’·‚·‚ιz	‚¨‚¨‚«‚­‚Θ‚ιE‚Ή‚Ά‚Ώ‚ε‚¤‚·‚ι	R`§
‚¨‚Ύ‚ι	‚¨‚Ύ‚ι	yά‚ιz	‚¨‚ι	R`§
‚¨‚Α‚Ϋ‚λ‚°‚ι	‚¨‚Α‚Ϋ‚λ‚°‚ι	yƒ{ƒP‚ιz	‚Ϊ‚―‚ι	R`§
‚¨‚Η‚°‚Ε‚Θ‚¦	‚¨‚Η‚°‚Ε‚Θ‚¦	y—eΥ‚Ε‚Θ‚ΆEΞ‚Α‚Δ‚·‚ά‚³‚κ‚Θ‚Άz	‚ζ‚¤‚Ά‚Ε‚Θ‚ΆE‚ν‚η‚Α‚Δ‚·‚ά‚³‚κ‚Θ‚Ά	R`§
‚ª‚¨‚ι	‚ª‚¨‚ι	y‹ο‡‚ª«‚­‚Θ‚ιz	‚®‚ ‚Ά‚ª‚ν‚ι‚­‚Θ‚ι	R`§
‚©‚µ‚¥‚®	‚©‚µ‚¥‚®	y“­‚­z	‚Ν‚½‚η‚­	R`§
‚©‚¶‚ε‚·	‚©‚¶‚ε‚·	yvZ‚·‚ιz	‚―‚Ά‚³‚ρ‚·‚ι	R`§
‚©‚·‚ά‚·‚Ά	‚©‚·‚ά‚·‚Ά	y‚³‚ν‚ª‚µ‚Άz	‚³‚ν‚ª‚µ‚Ά	R`§
‚µ‚α‚ª‚ά‚·‚Ά	‚µ‚α‚ª‚ά‚·‚Ά	y‚β‚©‚ά‚µ‚Άz	‚β‚©‚ά‚µ‚Ά	R`§
‚©‚Α‚Ώ‚α	‚©‚Α‚Ώ‚α	y•‚ª‹t‚³‚άz	‚Σ‚­‚ª‚³‚©‚³‚ά	R`§
‚©‚ά‚·	‚©‚ά‚·	y‚©‚«‚ά‚ν‚·z	‚©‚«‚ά‚ν‚·	R`§
‚¬‚Α‚¬‚Η	‚¬‚Α‚¬‚Η	y‚¨‚ΰ‚Ά‚Α‚«‚θz	‚¨‚ΰ‚Ά‚Α‚«‚θ	R`§
‚¬‚Α‚Β‚Ά	‚¬‚Α‚Β‚Ά	y‚«‚Β‚ΆE‹‡‹όz	‚«‚Β‚ΆE‚«‚γ‚¤‚­‚Β	R`§
‚®‚Έ‚η‚ΰ‚Έ‚η	‚®‚Έ‚η‚ΰ‚Έ‚η	y‚Μ‚λ‚Μ‚λz	‚Μ‚λ‚Μ‚λ	R`§
‚­‚η‚·‚―‚ι	‚­‚η‚·‚―‚ι	y‚Θ‚®‚ιz	‚Θ‚®‚ι	R`§
‚―	‚―	yH‚Χ‚λz	‚½‚Χ‚λ	R`§
‚­	‚­	yH‚Χ‚ιz	‚½‚Χ‚ι	R`§
‚²‚µ‚α‚®	‚²‚µ‚α‚®	y“{‚ιz	‚¨‚±‚ι	R`§
‚±‚Ώ‚ε‚Ρ‚Ύ‚Ά	‚±‚Ώ‚ε‚Ρ‚Ύ‚Ά	y‚­‚·‚®‚Α‚½‚Άz	‚­‚·‚®‚Α‚½‚Ά	R`§
‚±‚ν‚Ά	‚±‚ν‚Ά	y”ζ‚κ‚ιz	‚Β‚©‚κ‚ι	R`§
‚³‚·‚―‚Λ‚¥	‚³‚·‚―‚Λ‚¥	y·‚µx‚¦‚Θ‚Άz	‚³‚µ‚Β‚©‚¦‚Θ‚Ά	R`§
‚³‚ρ‚©‚°‚ι	‚³‚ρ‚©‚°‚ι	yΛ’χ‚θ‚π‚·‚ιE®‚π‚©‚―‚ιz	‚Ζ‚¶‚ά‚θ‚π‚·‚ιE‚©‚¬‚π‚©‚―‚ι	R`§
‚µ‚¥‚ί‚ι	‚µ‚¥‚ί‚ι	y‚Β‚©‚ά‚¦‚ιz	‚Β‚©‚ά‚¦‚ι	R`§
‚µ‚Θ‚±‚¦	‚µ‚Θ‚±‚¦	y‚µ‚Θ‚µ‚Θ‚Ζ‚µ‚Δ’e—Ν«‚ª‹­‚­A‚έΨ‚κ‚Θ‚Ά—lz	‚µ‚Θ‚µ‚Θ‚Ζ‚µ‚Δ‚Ύ‚ρ‚θ‚ε‚­‚Ή‚Ά‚ª‚Β‚ζ‚­A‚©‚έ‚«‚κ‚Θ‚Ά‚ζ‚¤	R`§
‚µ‚α‚ά‚·	‚µ‚α‚ά‚·	y‚ΰ‚Δ‚ ‚ά‚·z	‚ΰ‚Δ‚ ‚ά‚·	R`§
‚¶‚ε‚³‚Λ	‚¶‚ε‚³‚Λ	yΘ’Pz	‚©‚ρ‚½‚ρ	R`§
‚¶‚ε‚ρ‚Ύ	‚¶‚ε‚ρ‚Ύ	yγθ‚Ύz	‚¶‚ε‚¤‚Έ‚Ύ	R`§
‚·‚±‚Ύ‚ά	‚·‚±‚Ύ‚ά	y‚·‚²‚Ά‚½‚­‚³‚ρz	‚·‚²‚Ά‚½‚­‚³‚ρ	R`§
‚·‚Α‚©‚¦‚ι	‚·‚Α‚©‚¦‚ι	yπ·‚·‚ιz	‚±‚¤‚©‚ρ‚·‚ι	R`§
‚·‚ι‚Ά	‚·‚ι‚Ά	y‚Ε‚«‚ιz	‚Ε‚«‚ι	R`§
‚β‚ι‚Ά	‚β‚ι‚Ά	y‚β‚κ‚ιz	‚β‚κ‚ι	R`§
‚»‚¶‚ι	‚»‚¶‚ι	y‚Ά‚½‚ήz	‚Ά‚½‚ή	R`§
‚½‚ª‚®	‚½‚ª‚®	y‚Βz	‚ΰ‚Β	R`§
‚½‚²‚Β‚®	‚½‚²‚Β‚®	y‚µ‚ª‚έ‚Β‚­z	‚µ‚ª‚έ‚Β‚­	R`§
‚½‚Γ‚®	‚½‚Γ‚®	y‚Β‚©‚ά‚ιz	‚Β‚©‚ά‚ι	R`§
‚Ώ‚ε‚·	‚Ώ‚ε‚·	y‚³‚ν‚ιz	‚³‚ν‚ι	R`§
‚Β‚©‚·	‚Β‚©‚·	y‚©‚Α‚±‚Β‚―‚ιz	‚©‚Α‚±‚Β‚―‚ι	R`§
‚Δ‚µ‚ε‚Γ‚η‚µ‚Ά	‚Δ‚µ‚ε‚Γ‚η‚µ‚Ά	yθo‚µ‚µ‚Δ‚¤‚ι‚³‚Άz	‚Δ‚Ύ‚µ‚µ‚Δ‚¤‚ι‚³‚Ά	R`§
‚Ε‚Α‚Ώ‚θ	‚Ε‚Α‚Ώ‚θ	y‚½‚­‚³‚ρz	‚½‚­‚³‚ρ	R`§
‚Η‚Α‚Ψ‚ρ‚ª‚¦‚µ	‚Η‚Α‚Ψ‚ρ‚ª‚¦‚µ	yJ‚θ•Τ‚µz	‚­‚θ‚©‚¦‚µ	R`§
‚Η‚β‚ρ‚Ξ‚Ά	‚Η‚β‚ρ‚Ξ‚Ά	y‚Η‚Μ‚ζ‚¤‚Ιz	‚Η‚Μ‚ζ‚¤‚Ι	R`§
‚Θ‚°‚ι	‚Θ‚°‚ι	yΜ‚Δ‚ιz	‚·‚Δ‚ι	R`§
‚Θ‚µ‚½	‚Θ‚µ‚½	yY‚ρ‚Ύz	‚¤‚ρ‚Ύ	R`§
‚Θ‚·	‚Θ‚·	yY‚ήz	‚¤‚ή	R`§
‚Θ‚·	‚Θ‚·	y‚©‚¦‚·E•Ω‚·‚ιz	‚©‚¦‚·E‚Χ‚ρ‚µ‚ε‚¤‚·‚ι	R`§
‚Ν‚ª‚¦‚®	‚Ν‚ª‚¦‚®	y‚Ν‚©‚Η‚ιz	‚Ν‚©‚Η‚ι	R`§
‚Ξ‚ζ‚Β‚η‚Ά	‚Ξ‚ζ‚Β‚η‚Ά	y’D‚Ά‡‚Άz	‚¤‚Ξ‚Ά‚ ‚Ά	R`§
‚Ν‚η‚Ύ‚­‚³‚Ά	‚Ν‚η‚Ύ‚­‚³‚Ά	y‚ά‚Ζ‚ΰ‚Ε‚Θ‚ΆE•Ο‚Ύz	‚ά‚Ζ‚ΰ‚Ε‚Θ‚ΆE‚Φ‚ρ‚Ύ	R`§
‚Π‚ά‚Ύ‚κ	‚Π‚ά‚Ύ‚κ	y‰Ι‚π‚ΰ‚Δ‚ ‚ά‚·z	‚Π‚ά‚π‚ΰ‚Δ‚ ‚ά‚·	R`§
‚Τ‚¶‚ε‚Ω‚¤	‚Τ‚¶‚ε‚Ω‚¤	yΈ—ηz	‚µ‚Β‚κ‚Ά	R`§
‚Σ‚Ώ‚α‚Ξ‚®	‚Σ‚Ώ‚α‚Ξ‚®	y”j‚ιz	‚β‚Τ‚ι	R`§
‚Φ‚Α‚Ψ‚ª‚·	‚Φ‚Α‚Ψ‚ª‚·	y‚Ν‚ª‚·z	‚Ν‚ª‚·	R`§
‚Φ‚κ‚ι	‚Φ‚κ‚ι	y“ό‚κ‚ιz	‚Ά‚κ‚ι	R`§
‚Ω‚«‚ι	‚Ω‚«‚ι	y–G‚¦‚ιz	‚ΰ‚¦‚ι	R`§
‚Ω‚Ύ‚¦	‚Ω‚Ύ‚¦	y‚»‚ρ‚Θ‚Ιz	‚»‚ρ‚Θ‚Ι	R`§
‚Ω‚λ‚®	‚Ω‚λ‚®	y—h‚θ“®‚©‚µ—‚Ζ‚·z	‚δ‚θ‚¤‚²‚©‚µ‚¨‚Ζ‚·	R`§
‚Ω‚λ‚°‚ι	‚Ω‚λ‚°‚ι	y—h‚κ—‚Ώ‚ιz	‚δ‚κ‚¨‚Ώ‚ι	R`§
‚ά‚ι‚®	‚ά‚ι‚®	y‚½‚Ξ‚Λ‚ιz	‚½‚Ξ‚Λ‚ι	R`§
‚ή‚®‚·	‚ή‚®‚·	y‚ΰ‚η‚·z	‚ΰ‚η‚·	R`§
‚ή‚Β‚―‚ι	‚ή‚Β‚―‚ι	y‚ή‚Α‚Ζ‚·‚ιz	‚ή‚Α‚Ζ‚·‚ι	R`§
‚ή‚Β‚±‚Ά	‚ή‚Β‚±‚Ά	y‚©‚ν‚Ά‚»‚¤z	‚©‚ν‚Ά‚»‚¤	R`§
‚ή‚Γ‚ι	‚ή‚Γ‚ι	y‹Θ‚ª‚ιz	‚ά‚ª‚ι	R`§
‚ΰ‚®	‚ΰ‚®	y‚Ν‚Έ‚·E‚Ζ‚ιz	‚Ν‚Έ‚·E‚Ζ‚ι	R`§
‚ΰ‚°‚ι	‚ΰ‚°‚ι	y‚Ν‚Έ‚κ‚ιE‚Ζ‚κ‚ιz	‚Ν‚Έ‚κ‚ιE‚Ζ‚κ‚ι	R`§
‚ΰ‚Α‚©‚¦‚ι	‚ΰ‚Α‚©‚¦‚ι	y“|‚κ‚ιz	‚½‚¨‚κ‚ι	R`§
‚ΰ‚ά‚¦‚·‚ι	‚ΰ‚ά‚¦‚·‚ι	yƒpƒjƒbƒN‚Ι‚Θ‚ιz	‚Ο‚Ι‚Α‚­‚Ι‚Θ‚ι	R`§
‚β‚®‚Η	‚β‚®‚Η	y‚ν‚΄‚Ζz	‚ν‚΄‚Ζ	R`§
‚β‚ΐ‚α‚ª‚Λ	‚β‚ΐ‚α‚ª‚Λ	y‚Ύ‚ί‚ΎE–π‚Ι—§‚½‚Θ‚Άz	‚Ύ‚ί‚ΎE‚β‚­‚Ι‚½‚½‚Θ‚Ά	R`§
‚β‚Ώ‚α‚­‚Ώ‚α‚Λ	‚β‚Ώ‚α‚­‚Ώ‚α‚Λ	y‚Ύ‚η‚µ‚ª‚Θ‚Άz	‚Ύ‚η‚µ‚ª‚Θ‚Ά	R`§
‚β‚ρ‚Ξ‚¦	‚β‚ρ‚Ξ‚¦	y‚Ά‚Ά‚ ‚ρ‚Ξ‚Άz	‚Ά‚Ά‚ ‚ρ‚Ξ‚Ά	R`§
‚ν‚Ι‚ι	‚ν‚Ι‚ι	yΤ‚ρ–V‚ªl©’m‚θ‚·‚ιz	‚ ‚©‚ρ‚Ϊ‚¤‚ª‚Π‚Ζ‚έ‚θ‚·‚ι	R`§
‚ν‚Ι‚Λ	‚ν‚Ι‚Λ	yl©’m‚θ‚µ‚Θ‚Άz	‚Π‚Ζ‚έ‚µ‚θ‚µ‚Θ‚Ά	R`§
‚ν‚η‚ν‚η	‚ν‚η‚ν‚η	y‹}‚Ά‚Εz	‚Ά‚»‚Ά‚Ε	R`§
‚ρ‚ά‚®‚Λ	‚ρ‚ά‚®‚Λ	y‚ζ‚λ‚µ‚­‚Θ‚Άz	‚ζ‚λ‚µ‚­‚Θ‚Ά	R`§
‚ρ‚ά‚·‚±‚·	‚ρ‚ά‚·‚±‚·	y‚ΰ‚¤‚Ώ‚ε‚Α‚Ζz	‚ΰ‚¤‚Ώ‚ε‚Α‚Ζ	R`§
‚ ‚ª‚Α‚Δ‚―‚η‚Α‚µ‚α‚Ά	‚ ‚ª‚Α‚Δ‚―‚η‚Α‚µ‚α‚Ά	y‰Ζ‚Ι‚Η‚¤‚Ό‚¨‚ ‚ª‚θ‚­‚Ύ‚³‚Άz	‚Ά‚¦‚Ι‚Η‚¤‚Ό‚¨‚ ‚ª‚θ‚­‚Ύ‚³‚Ά	R`§
‚ ‚ª‚Α‚Δ‚―‚η‚Α‚µ‚α‚Ά	‚ ‚ª‚Α‚Δ‚―‚η‚Α‚µ‚α‚Ά	yH–‚πΆ‚µγ‚ª‚Α‚Δ‚­‚Ύ‚³‚Άz	‚µ‚ε‚­‚¶‚π‚ί‚µ‚ ‚ª‚Α‚Δ‚­‚Ύ‚³‚Ά	R`§
‚ ‚Χ	‚ ‚Χ	ys‚±‚¤z	‚Ά‚±‚¤	R`§
‚Ά‚®‚Χ	‚Ά‚®‚Χ	ys‚±‚¤‚©z	‚Ά‚±‚¤‚©	R`§
‚©‚Α‚Δ‚ª‚Α‚µ‚α‚Ά	‚©‚Α‚Δ‚ª‚Α‚µ‚α‚Ά	y”ƒ‚Α‚Δ‚Ά‚Α‚Δ‚­‚Ύ‚³‚Ά‚ζz	‚©‚Α‚Δ‚Ά‚Α‚Δ‚­‚Ύ‚³‚Ά‚ζ	R`§
‚©‚Λ‚ΜH	‚©‚Λ‚ΜH	yH‚Χ‚Θ‚Ά‚ΜHz	‚½‚Χ‚Θ‚Ά‚ΜH	R`§
‚­‚ν‚ρ‚Λ‚ΜH	‚­‚ν‚ρ‚Λ‚ΜH	yH‚Χ‚η‚κ‚Θ‚Ά‚ΜHz	‚½‚Χ‚η‚κ‚Θ‚Ά‚ΜH	R`§
‚―‚ρ‚Θ‚ρ‚Ϊ‚β‚Α‚·H	‚―‚ρ‚Θ‚ρ‚Ϊ‚β‚Α‚·H	y‚±‚κ‚Ά‚­‚η‚Ε‚·‚©Hz	‚±‚κ‚Ά‚­‚η‚Ε‚·‚©H	R`§
‚³‚·‚©‚¦‚Θ‚¦	‚³‚·‚©‚¦‚Θ‚¦	y‘εδ•vE‹C‚Ι‚µ‚Δ‚Θ‚Άz	‚Ύ‚Ά‚¶‚ε‚¤‚ΤE‚«‚Ι‚µ‚Δ‚Θ‚Ά	R`§
‚µ‚α‚Λ	‚µ‚α‚Λ	y’m‚η‚Θ‚Άz	‚µ‚η‚Θ‚Ά	R`§
‚Ώ‚α‚Α‚Ώ‚α‚Η‚·‚λ	‚Ώ‚α‚Α‚Ώ‚α‚Η‚·‚λ	y‘‚­‚µ‚Θ‚³‚Άz	‚Ν‚β‚­‚µ‚Θ‚³‚Ά	R`§
‚Ώ‚ε‚Η‚µ‚Δ‚λ	‚Ώ‚ε‚Η‚µ‚Δ‚λ	y‚¨‚Ζ‚Θ‚µ‚­‚µ‚Θ‚³‚Άz	‚¨‚Ζ‚Θ‚µ‚­‚µ‚Θ‚³‚Ά	R`§
‚Η‚³‚Ά‚®‚Θ‚β‚Α‚·H	‚Η‚³‚Ά‚®‚Θ‚β‚Α‚·H	y‚Η‚±‚Ιs‚­‚Μ‚Ε‚·‚©Hz	‚Η‚±‚Ι‚Ά‚­‚Μ‚Ε‚·‚©H	R`§
‚Θ‚µ‚ΔH	‚Θ‚µ‚ΔH	y‚Θ‚ΊHz	‚Θ‚ΊH	R`§
‚Θ‚µ‚Δ‚ρ‚Ύ‚Θ‚βH	‚Θ‚µ‚Δ‚ρ‚Ύ‚Θ‚βH	y‚Θ‚Ί‚»‚¤‚Θ‚ΜHz	‚Θ‚Ί‚»‚¤‚Θ‚ΜH	R`§
‚Θ‚κ	‚Θ‚κ	y‚Θ‚ΑHE‚Ύ‚λHz	‚Θ‚ΑHE‚Ύ‚λH	R`§
• ‚­‚Α‚Β‚Ά	• ‚­‚Α‚Β‚Ά	y‚¨• ‚Ά‚Α‚Ο‚Άz	‚¨‚Θ‚©‚Ά‚Α‚Ο‚Ά	R`§
‚Ξ‚ρ‚°‚Μ‚Θ‚Θ‚¶	‚Ξ‚ρ‚°‚Μ‚Θ‚Θ‚¶	y–ι‚Μ7z	‚ζ‚ι‚Μ‚µ‚Ώ‚¶	R`§
‚Ω‚Ύ‚Θc	‚Ω‚Ύ‚Θc	y‚»‚ρ‚Θcz	‚»‚ρ‚Θc	R`§
‚Ω‚ρ‚ΔH	‚Ω‚ρ‚ΔH	y‚Ω‚ρ‚Ζ‚¤Hz	‚Ω‚ρ‚Ζ‚¤H	R`§
‚ζ‚®‚²‚΄‚Α‚½‚Θ‚Α‚·	‚ζ‚®‚²‚΄‚Α‚½‚Θ‚Α‚·	y‚ζ‚­‚Ά‚η‚Α‚µ‚α‚Ά‚ά‚µ‚½‚Λz	‚ζ‚­‚Ά‚η‚Α‚µ‚α‚Ά‚ά‚µ‚½‚Λ	R`§
‚ρ‚Ύ	‚ρ‚Ύ	y‚»‚¤z	‚»‚¤	R`§
‚ρ‚Ύ‚Α‚―‚ªH	‚ρ‚Ύ‚Α‚―‚ªH	y‚»‚¤‚Ύ‚Α‚―Hz	‚»‚¤‚Ύ‚Α‚―H	R`§
‚ρ‚Ύ‚Χ‚ªH	‚ρ‚Ύ‚Χ‚ªH	y‚»‚¤‚©‚ΘHz	‚»‚¤‚©‚ΘH	R`§
‚¨‚Ν‚ζ‚¤‚³‚ρ	‚¨‚Ν‚ζ‚¤‚³‚ρ	y‚¨‚Ν‚ζ‚¤‚²‚΄‚Ά‚ά‚·z	‚¨‚Ν‚ζ‚¤‚²‚΄‚Ά‚ά‚·	‘εγ•{
‚±‚ρ‚Ι‚Ώ‚Ν	‚±‚ρ‚Ι‚Ώ‚Ν	y‚±‚ρ‚Ι‚Ώ‚Νz	‚±‚ρ‚Ι‚Ώ‚Ν	‘εγ•{
‚±‚ρ‚Ξ‚ρ‚Ν	‚±‚ρ‚Ξ‚ρ‚Ν	y‚±‚ρ‚Ξ‚ρ‚Νz	‚±‚ρ‚Ξ‚ρ‚Ν	‘εγ•{
‚Ω‚ΘA‚³‚Ά‚Θ‚η	‚Ω‚ΘA‚³‚Ά‚Θ‚η	y‚³‚ζ‚¤‚Θ‚ηz	‚³‚ζ‚¤‚Θ‚η	‘εγ•{
‚Ω‚ρ‚¶‚αA‚ά‚½	‚Ω‚ρ‚¶‚αA‚ά‚½	y‚ά‚½‚Λz	‚ά‚½‚Λ	‘εγ•{
‚ά‚Ά‚Η	‚ά‚Ά‚Η	y‚Ά‚η‚Α‚µ‚α‚Ά‚ά‚Ήz	‚Ά‚η‚Α‚µ‚α‚Ά‚ά‚Ή	‘εγ•{
‚¨‚¨‚«‚Ι	‚¨‚¨‚«‚Ι	y‚ ‚θ‚ª‚Ζ‚¤‚²‚΄‚Ά‚ά‚·z	‚ ‚θ‚ª‚Ζ‚¤‚²‚΄‚Ά‚ά‚·	‘εγ•{
‚ ‚Α‚½‚η‚µ‚©	‚ ‚Α‚½‚η‚µ‚©	y‚ΰ‚Α‚½‚Ά‚Θ‚Άz	‚ΰ‚Α‚½‚Ά‚Θ‚Ά	­™“‡§
‚ ‚Ξ‚Δ‚ρ‚Λ	‚ ‚Ξ‚Δ‚ρ‚Λ	y‚½‚­‚³‚ρz	‚½‚­‚³‚ρ	­™“‡§
‚Ά‚Δ	‚Ά‚Δ	y‚¨“’‚ª”M‚Άz	‚¨‚δ‚ª‚ ‚Β‚Ά	­™“‡§
‚¤‚ª‚έ‚ρ‚µ‚ε[‚η‚ρ	‚¤‚ª‚έ‚ρ‚µ‚ε[‚η‚ρ	y‚±‚ρ‚Ι‚Ώ‚Νz	‚±‚ρ‚Ι‚Ώ‚Ν	­™“‡§
‚¨‚Ά	‚¨‚Ά	y–lz	‚Ϊ‚­	­™“‡§
‚¨‚©‚Χ	‚¨‚©‚Χ	y“¤•…z	‚Ζ‚¤‚Σ	­™“‡§
‚¨‚³‚Ά‚¶‚α‚·	‚¨‚³‚Ά‚¶‚α‚·	y‚Ά‚η‚Α‚µ‚α‚ιz	‚Ά‚η‚Α‚µ‚α‚ι	­™“‡§
‚¨‚ά‚ρ‚³[	‚¨‚ά‚ρ‚³[	y‚ ‚Θ‚½z	‚ ‚Θ‚½	­™“‡§
‚¨‚β‚Α‚Ζ‚³[	‚¨‚β‚Α‚Ζ‚³[	y‚¨”ζ‚κ‚³‚άz	‚¨‚Β‚©‚κ‚³‚ά	­™“‡§
‚©‚Έ‚ρ	‚©‚Έ‚ρ	yk‚®z	‚©‚®	­™“‡§
`‚©‚½	`‚©‚½	y`‚·‚ι‚±‚Ζz	`‚·‚ι‚±‚Ζ	­™“‡§
`‚©‚½	`‚©‚½	y`‚µ‚Δ‚Ά‚ι‚Ζ‚±‚λz	`‚µ‚Δ‚Ά‚ι‚Ζ‚±‚λ	­™“‡§
‚©‚η‚Ά‚ΰ	‚©‚η‚Ά‚ΰ	y‚³‚Β‚ά‚Ά‚ΰz	‚³‚Β‚ά‚Ά‚ΰ	­™“‡§
‚«‚Ξ‚Α	‚«‚Ξ‚Α	yζ’£‚ιz	‚ª‚ρ‚Ξ‚ι	­™“‡§
‚«‚ε‚η‚³	‚«‚ε‚η‚³	y‚«‚κ‚Ά‚Ύz	‚«‚κ‚Ά‚Ύ	­™“‡§
‚«‚ρ‚Ζ‚·‚ν‚Α	‚«‚ρ‚Ζ‚·‚ν‚Α	y³ΐ‚·‚ιz	‚Ή‚Ά‚΄‚·‚ι	­™“‡§
‚―`	‚―`	y“®‚ΜΣ–΅‚π‹­‚ί‚ιΪ“ªκz	‚Η‚¤‚µ‚Μ‚Ά‚έ‚π‚Β‚ζ‚ί‚ι‚Ή‚Α‚Ζ‚¤‚²	­™“‡§
`‚―‚θ‚α[	`‚―‚θ‚α[	y`‚Ύ‚Α‚½‚ρ‚Ύz	`‚Ύ‚Α‚½‚ρ‚Ύ	­™“‡§
‚³‚Ύ‚Α	‚³‚Ύ‚Α	y‚Ι‚ν‚©‰Jz	‚Ι‚ν‚©‚ ‚ί	­™“‡§
`‚µ	`‚µ	ylXz	‚Π‚Ζ‚Ρ‚Ζ	­™“‡§
‚·‚ρ‚­‚¶‚η	‚·‚ρ‚­‚¶‚η	y‹χ‚Α‚±z	‚·‚έ‚Α‚±	­™“‡§
`‚Ή[	`‚Ή[	y`‚µ‚Δz	`‚µ‚Δ	­™“‡§
‚½‚ΰ‚Α	‚½‚ΰ‚Α	yH‚Χ‚ιz	‚½‚Χ‚ι	­™“‡§
‚Ώ‚¥‚·‚Ζ	‚Ώ‚¥‚·‚Ζ	y‚»‚κz	‚»‚κ	­™“‡§
‚Ώ‚α‚¶‚ε‚¨‚―	‚Ώ‚α‚¶‚ε‚¨‚―	y‚¨’ƒΏ‚―z	‚¨‚Ώ‚α‚¤‚―	­™“‡§
‚Ώ‚ρ‚ª‚η‚Α	‚Ώ‚ρ‚ª‚η‚Α	y‚ί‚Ώ‚α‚­‚Ώ‚αz	‚ί‚Ώ‚α‚­‚Ώ‚α	­™“‡§
‚Δ‚΅‚Ύ	‚Δ‚΅‚Ύ	y‘Ύ—zz	‚½‚Ά‚ζ‚¤	­™“‡§
‚Δ‚°‚Δ‚°	‚Δ‚°‚Δ‚°	y’†‚­‚η‚Άz	‚Ώ‚γ‚¤‚­‚η‚Ά	­™“‡§
‚Δ‚Ή	‚Δ‚Ή	y”ζ‚κ‚ιz	‚Β‚©‚κ‚ι	­™“‡§
‚Ζ‚Ί‚ρ‚Λ	‚Ζ‚Ί‚ρ‚Λ	y‚³‚έ‚µ‚Άz	‚³‚έ‚µ‚Ά	­™“‡§
‚Θ‚¨‚·	‚Θ‚¨‚·	y•Π‚Γ‚―‚ιz	‚©‚½‚Γ‚―‚ι	­™“‡§
‚Θ‚¨‚Α	‚Θ‚¨‚Α	yΪ‚ιz	‚¤‚Β‚ι	­™“‡§
‚Ι‚Ή	‚Ι‚Ή	yΒ”Nz	‚Ή‚Ά‚Λ‚ρ	­™“‡§
‚Ν‚¦	‚Ν‚¦	y“μ•—z	‚έ‚Θ‚έ‚©‚Ί	­™“‡§
‚Ν‚°‚΅[	‚Ν‚°‚΅[	y‚ ‚η‚ά‚ z	‚ ‚η‚ά‚ 	­™“‡§
`‚Π‚±	`‚Π‚±	y`‚Ύ‚―z	`‚Ύ‚―	­™“‡§
‚Π‚Α‚Ώ‚α‚δ‚Α	‚Π‚Α‚Ώ‚α‚δ‚Α	y—‚Ώ‚ιz	‚¨‚Ώ‚ι	­™“‡§
‚Φ‚Α	‚Φ‚Α	y¨‚©‚η”w’†‚Ι‚©‚―‚Δ‚Μ•”•ªz	‚©‚½‚©‚η‚Ή‚Θ‚©‚Ι‚©‚―‚Δ‚Μ‚Τ‚Τ‚ρ	­™“‡§
‚ή‚Ό‚©	‚ή‚Ό‚©	y‚©‚ν‚Ά‚Άz	‚©‚ν‚Ά‚Ά	­™“‡§
‚ΰ‚·	‚ΰ‚·	y`‚ά‚·z	`‚ά‚·	­™“‡§
‚β‚Ί‚λ‚µ‚©	‚β‚Ί‚λ‚µ‚©	y‚¤‚ι‚³‚Άz	‚¤‚ι‚³‚Ά	­™“‡§
‚β‚Α‚Ή‚ρ	‚β‚Α‚Ή‚ρ	y–π‚Ι—§‚½‚Θ‚Άz	‚β‚­‚Ι‚½‚½‚Θ‚Ά	­™“‡§
‚β‚ά‚Ά‚ΰ‚Ω‚Α	‚β‚ά‚Ά‚ΰ‚Ω‚Α	y‚Α‚Δ‚­‚Ύ‚π‚ά‚­‚±‚Ζz	‚ζ‚Α‚Δ‚­‚Ύ‚π‚ά‚­‚±‚Ζ	­™“‡§
‚β‚ρ‚©‚Τ‚Α	‚β‚ρ‚©‚Τ‚Α	y”―‚Μ–Ρ‚ª‚Ϊ‚³‚Ϊ‚³‚Ύz	‚©‚έ‚Μ‚―‚ª‚Ϊ‚³‚Ϊ‚³‚Ύ	­™“‡§
‚ν‚Α‚Ί	‚ν‚Α‚Ί	y‘ε•Οz	‚½‚Ά‚Φ‚ρ	­™“‡§
‚ν‚η‚Χ‚΅‚ρ‚«‚α	‚ν‚η‚Χ‚΅‚ρ‚«‚α	yq‚Η‚ΰ‚½‚Ώz	‚±‚Η‚ΰ‚½‚Ώ	­™“‡§
‚ª‚Α‚Β‚Ά	‚ª‚Α‚Β‚Ά	y‚Ώ‚ε‚¤‚Ηz	‚Ώ‚ε‚¤‚Η	­™“‡§
`‚ª‚Θ‚Α	`‚ª‚Θ‚Α	y`‚±‚Ζ‚ª‚Ε‚«‚ιz	`‚±‚Ζ‚ª‚Ε‚«‚ι	­™“‡§
‚ª‚η‚ι‚Α	‚ª‚η‚ι‚Α	y‚η‚κ‚ιz	‚η‚κ‚ι	­™“‡§
‚¬‚Α‚½	‚¬‚Α‚½	yƒSƒ€z	‚²‚ή	­™“‡§
‚®‚η‚µ‚©	‚®‚η‚µ‚©	y‚©‚ν‚Ά‚»‚¤‚Ύz	‚©‚ν‚Ά‚»‚¤‚Ύ	­™“‡§
‚°‚ρ‚Λ	‚°‚ρ‚Λ	y’p‚Έ‚©‚µ‚Άz	‚Ν‚Έ‚©‚µ‚Ά	­™“‡§
‚²‚ ‚·	‚²‚ ‚·	y‚²‚΄‚Ά‚ά‚·z	‚²‚΄‚Ά‚ά‚·	­™“‡§
`‚²‚½‚Α	`‚²‚½‚Α	y`‚Μ‚ζ‚¤‚Ύz	`‚Μ‚ζ‚¤‚Ύ	­™“‡§
`‚²‚½‚Α	`‚²‚½‚Α	y`‚µ‚½‚Άz	`‚µ‚½‚Ά	­™“‡§
`‚²‚λ	`‚²‚λ	yl‚π”Ϊ‚ί‚ιΪ”φκz	‚Π‚Ζ‚π‚Ά‚β‚µ‚ί‚ι‚Ή‚Β‚Ρ‚²	­™“‡§
‚¶‚α‚Α‚Η	‚¶‚α‚Α‚Η	y‚»‚¤‚Ε‚·‚Λz	‚»‚¤‚Ε‚·‚Λ	­™“‡§
`‚¶‚ε	`‚¶‚ε	y`‚³‚ρz	`‚³‚ρ	­™“‡§
‚Έ‚ρ‚Ύ‚κ	‚Έ‚ρ‚Ύ‚κ	y‚Ύ‚η‚µ‚Μ‚Θ‚Άlz	‚Ύ‚η‚µ‚Μ‚Θ‚Ά‚Π‚Ζ	­™“‡§
‚Ύ‚Ά‚β‚ί	‚Ύ‚Ά‚β‚ί	y”Σήz	‚Ξ‚ρ‚µ‚α‚­	­™“‡§
`‚Ύ‚θ‚ε[‚ρ	`‚Ύ‚θ‚ε[‚ρ	y`‚Ε‚·z	`‚Ε‚·	­™“‡§
`‚Η	`‚Η	y`‚ζz	`‚ζ	­™“‡§
‚Ξ‚Α‚Δ	‚Ξ‚Α‚Δ	y‚µ‚©‚µz	‚µ‚©‚µ	­™“‡§
‚Ξ‚Ξ	‚Ξ‚Ξ	y’Κ‚θz	‚Ζ‚¨‚θ	­™“‡§
‚Ρ‚ρ‚½	‚Ρ‚ρ‚½	y“ªz	‚ ‚½‚ά	­™“‡§
‚Τ‚¦‚ρ	‚Τ‚¦‚ρ	y‘N‹›z	‚Ή‚ρ‚¬‚ε	­™“‡§
‚Ϊ‚Α‚―‚ΰ‚ρ	‚Ϊ‚Α‚―‚ΰ‚ρ	y‘ε’_‚Θlz	‚Ύ‚Ά‚½‚ρ‚Θ‚Π‚Ζ	­™“‡§
‚ί‚Α‚Ώ‚α	‚ί‚Α‚Ώ‚α	y‚Ζ‚Δ‚ΰz	‚Ζ‚Δ‚ΰ	‘εγ•{
‚Θ‚ρ‚Ε‚β‚Λ‚ρ	‚Θ‚ρ‚Ε‚β‚Λ‚ρ	y‰½Ύ‚Α‚Δ‚ι‚ρ‚Ύz	‚Θ‚Ι‚Ά‚Α‚Δ‚ι‚ρ‚Ύ	‘εγ•{
‚Θ‚ρ‚Ϊ	‚Θ‚ρ‚Ϊ	y‚Ά‚­‚ηz	‚Ά‚­‚η	‘εγ•{
‚Θ‚ρ‚Ϊ	‚Θ‚ρ‚Ϊ	y‚Η‚κ‚­‚η‚Άz	‚Η‚κ‚­‚η‚Ά	‘εγ•{
‚Ή‚β	‚Ή‚β	y‚Ν‚Άz	‚Ν‚Ά	‘εγ•{
‚ ‚©‚ρ	‚ ‚©‚ρ	yƒ_ƒz	‚Ύ‚ί	‘εγ•{
‚ ‚©‚ρ	‚ ‚©‚ρ	y‚Ά‚―‚Θ‚Άz	‚Ά‚―‚Θ‚Ά	‘εγ•{
‚ ‚©‚ρ	‚ ‚©‚ρ	y—Η‚­‚Θ‚Άz	‚ζ‚­‚Θ‚Ά	‘εγ•{
‚µ‚ΰ‚½	‚µ‚ΰ‚½	y‚µ‚ά‚Α‚½z	‚µ‚ά‚Α‚½	‘εγ•{
‚¦‚¦	‚¦‚¦	y—Η‚Άz	‚ζ‚Ά	‘εγ•{
‚Ω‚ρ‚ά	‚Ω‚ρ‚ά	y–{“–z	‚Ω‚ρ‚Ζ‚¤	‘εγ•{
‚ά‚―‚ι	‚ά‚―‚ι	yΐ‚­‚·‚ιz	‚β‚·‚­‚·‚ι	‘εγ•{
‚ή‚Έ‚Ά	‚ή‚Έ‚Ά	y“ο‚µ‚Άz	‚ή‚Έ‚©‚µ‚Ά	‘εγ•{
‚Ν‚ζ	‚Ν‚ζ	y‘‚­z	‚Ν‚β‚­	‘εγ•{
‚¨‚Ζ‚ρ	‚¨‚Ζ‚ρ	y‚¨•ƒ‚³‚ρz	‚¨‚Ζ‚¤‚³‚ρ	‘εγ•{
‚©‚ά‚Φ‚ρ	‚©‚ά‚Φ‚ρ	y\‚Ά‚ά‚Ή‚ρz	‚©‚ά‚Ά‚ά‚Ή‚ρ	‘εγ•{
‚µ‚Ξ‚­	‚µ‚Ξ‚­	y’@‚­z	‚½‚½‚­	‘εγ•{
’m‚η‚ρ‚―‚Η	‚µ‚η‚ρ‚―‚Η	y’m‚η‚Θ‚Ά‚―‚Ηz	‚µ‚η‚Θ‚Ά‚―‚Η	‘εγ•{
‚»‚η	‚»‚η	y‚»‚κ‚Νz	‚»‚κ‚Ν	‘εγ•{
‚Η‚Θ‚Ά	‚Η‚Θ‚Ά	y‚Η‚¤‚Ε‚·‚©z	‚Η‚¤‚Ε‚·‚©	‘εγ•{
‚Η‚Θ‚Ά	‚Η‚Θ‚Ά	y‚Η‚Μ‚ζ‚¤‚Ε‚·‚©z	‚Η‚Μ‚ζ‚¤‚Ε‚·‚©	‘εγ•{
‚Χ‚Α‚Ò‚ρ	‚Χ‚Α‚Ò‚ρ	y”όlz	‚Ρ‚¶‚ρ	‘εγ•{
‚Ά‚Ώ‚α‚ΰ‚ρ	‚Ά‚Ώ‚α‚ΰ‚ρ	yΎ‚Ά‚ª‚©‚θz	‚Ά‚Ά‚ª‚©‚θ	‘εγ•{
‚Ά‚Ώ‚α‚ΰ‚ρ	‚Ά‚Ώ‚α‚ΰ‚ρ	y“ο•Θz	‚Θ‚ρ‚­‚Ή	‘εγ•{
‚Ϊ‚Ώ‚Ϊ‚Ώ	‚Ϊ‚Ώ‚Ϊ‚Ώ	y‚ά‚ ‚ά‚ z	‚ά‚ ‚ά‚ 	‘εγ•{
‚·‚Α‚©‚η‚©‚ρ	‚·‚Α‚©‚η‚©‚ρ	y‹σ‚Α‚Ϋz	‚©‚η‚Α‚Ϋ	‘εγ•{
‚·‚Α‚©‚η‚©‚ρ	‚·‚Α‚©‚η‚©‚ρ	y‚¨‹ΰ‚ª‘S‚­‚Θ‚Άz	‚¨‚©‚Λ‚ª‚ά‚Α‚½‚­‚Θ‚Ά	‘εγ•{
‚µ‚ρ‚«‚­‚³‚Ά	h‹CL‚Ά	y‚¶‚κ‚Α‚½‚Άz	‚¶‚κ‚Α‚½‚Ά	‘εγ•{
‚µ‚ρ‚«‚­‚³‚Ά	h‹CL‚Ά	y‰Υ—§‚½‚µ‚Άz	‚Ά‚η‚Ύ‚½‚µ‚Ά	‘εγ•{
‚µ‚ρ‚«‚­‚³‚Ά	h‹CL‚Ά	y‰A‹C‚Θz	‚Ά‚ρ‚«‚Θ	‘εγ•{
‚ª‚ί‚Β‚Ά	‚ª‚ί‚Β‚Ά	y—~[‚Άz	‚ζ‚­‚Τ‚©‚Ά	‘εγ•{
‚©‚ρ‚Ι‚ρ	‚©‚ρ‚Ι‚ρ	y‚²‚ί‚ρ‚Θ‚³‚Άz	‚²‚ί‚ρ‚Θ‚³‚Ά	‘εγ•{
‚©‚ά‚·	‚©‚ά‚·	y‚·‚ιz	‚·‚ι	‘εγ•{
‚©‚ά‚·	‚©‚ά‚·	yΎ‚¤z	‚Ά‚¤	‘εγ•{
‚«‚Ξ‚ι	‚«‚Ξ‚ι	yζ’£‚ιz	‚ª‚ρ‚Ξ‚ι	‘εγ•{
‚¦‚¦‚©‚Α‚±‚µ‚Ά	‚¦‚¦‚©‚Α‚±‚µ‚Ά	yiD‚Β‚―‚Δ‚Ά‚ιlz	‚©‚Α‚±‚¤‚Β‚―‚Δ‚Ά‚ι‚Π‚Ζ	‘εγ•{
ƒpƒ`‚ΰ‚ρ	‚Ο‚Ώ‚ΰ‚ρ	y‹U•¨z	‚Ι‚Ή‚ΰ‚Μ	‘εγ•{
‚µ‚ε‚¤‚έ	³–΅	y–{“–‚Μ‚Ζ‚±‚λz	‚Ω‚ρ‚Ζ‚¤‚Μ‚Ζ‚±‚λ	‘εγ•{
‚Ά‚―‚Έ	‚Ά‚―‚Έ	yΣ’n‚Μ«‚Άlz	‚Ά‚¶‚Μ‚ν‚ι‚Ά‚Π‚Ζ	‘εγ•{
‚Ώ‚α‚Α‚Ώ‚α‚Ζ	‚Ώ‚α‚Α‚Ώ‚α‚Ζ	y‚³‚Α‚³‚Ζz	‚³‚Α‚³‚Ζ	‘εγ•{
‚―‚Α‚½‚Ά	‚―‚Α‚½‚Ά	y•sv‹cz	‚Σ‚µ‚¬	‘εγ•{
‚―‚Α‚½‚Ά	‚―‚Α‚½‚Ά	y‚¨‚©‚µ‚Άz	‚¨‚©‚µ‚Ά	‘εγ•{
‚¶‚α‚ά‚­‚³‚Ά	Χ–‚‚­‚³‚Ά	y–Κ“|‚­‚³‚Άz	‚ί‚ρ‚Η‚¤‚­‚³‚Ά	‘εγ•{
ƒVƒ…ƒb‚Ζ‚µ‚Δ‚ι	‚µ‚γ‚Α‚Ζ‚µ‚Δ‚ι	yiD‚Ά‚Άz	‚©‚Α‚±‚Ά‚Ά	‘εγ•{
ƒVƒ…ƒb‚Ζ‚µ‚Δ‚ι	‚µ‚γ‚Α‚Ζ‚µ‚Δ‚ι	yƒXƒ^ƒCƒ‹‚ª‚Ά‚Άz	‚·‚½‚Ά‚ι‚ª‚Ά‚Ά	‘εγ•{
‚Ά‚Δ‚ά‚¤	‚Ά‚Δ‚ά‚¤	y’Ι‚Ά–Ϊ‚Ι‡‚ν‚Ή‚ιz	‚Ά‚½‚Ά‚ί‚Ι‚ ‚ν‚Ή‚ι	‘εγ•{
‚±‚»‚Ξ‚Ά	‚±‚»‚Ξ‚Ά	y‚­‚·‚®‚Α‚½‚Άz	‚­‚·‚®‚Α‚½‚Ά	‘εγ•{
‚®‚Λ‚ι	‚®‚Λ‚ι	y”PΑ‚·‚ιz	‚Λ‚ρ‚΄‚·‚ι	‘εγ•{
κ’‚έ	‚Ά‚Α‚Ώ‚ε‚©‚έ	y‚Ά‚Ώ‚Ά‚Ώϋ‚π‚Ν‚³‚ήlz	‚Ά‚Ώ‚Ά‚Ώ‚­‚Ώ‚π‚Ν‚³‚ή‚Π‚Ζ	‘εγ•{
‚¨‚Ϊ‚±‚Ά	‚¨‚Ϊ‚±‚Ά	y‚ ‚Η‚―‚Θ‚Άz	‚ ‚Η‚―‚Θ‚Ά	‘εγ•{
‚¨‚Ϊ‚±‚Ά	‚¨‚Ϊ‚±‚Ά	yΆΤ’m‚η‚Έz	‚Ή‚―‚ρ‚µ‚η‚Έ	‘εγ•{
‚Η‚ρ‚Β‚«	‚Η‚ρ‚Β‚«	y“Ή‚Μ“Λ‚«“–‚½‚θz	‚έ‚Ώ‚Μ‚Β‚«‚ ‚½‚θ	‘εγ•{
‚Ά‚η‚Ώ	‚Ά‚η‚Ώ	y‚Ή‚Α‚©‚Ώz	‚Ή‚Α‚©‚Ώ	‘εγ•{
‚Ά‚η‚Ώ	‚Ά‚η‚Ώ	yƒCƒ‰ƒCƒ‰‚µ‚Δ‚Ά‚ιlz	‚Ά‚η‚Ά‚η‚µ‚Δ‚Ά‚ι‚Π‚Ζ	‘εγ•{
‚Ω‚©‚·	‚Ω‚©‚·	yΜ‚Δ‚ιz	‚·‚Δ‚ι	‘εγ•{
‚ ‚ρ‚¶‚ε‚¤	‚ ‚ρ‚¶‚ε‚¤	yγθ‚Ιz	‚¶‚ε‚¤‚Έ‚Ι	‘εγ•{
‚ ‚ρ‚¶‚ε‚¤	‚ ‚ρ‚¶‚ε‚¤	y‚¤‚ά‚­z	‚¤‚ά‚­	‘εγ•{
‚±‚·‚Ά	‚±‚·‚Ά	y‚Έ‚ι‚Άz	‚Έ‚ι‚Ά	‘εγ•{
‚Θ‚ρ‚¬	“ο‹V	y‹κJz	‚­‚λ‚¤	‘εγ•{
‚Θ‚ρ‚¬	“ο‹V	yΆ“οz	‚±‚ρ‚Θ‚ρ	‘εγ•{
‚Κ‚­‚Ά	‚Κ‚­‚Ά	y’g‚©‚Άz	‚ ‚½‚½‚©‚Ά	‘εγ•{
‚Θ‚ρ‚µ‚©	‚Θ‚ρ‚µ‚©	y‚Ζ‚θ‚ ‚¦‚Έz	‚Ζ‚θ‚ ‚¦‚Έ	‘εγ•{
‚Θ‚ρ‚µ‚©	‚Θ‚ρ‚µ‚©	y‚Ζ‚Ι‚©‚­z	‚Ζ‚Ι‚©‚­	‘εγ•{
‚µ‚η‚±‚Ά	‚µ‚η‚±‚Ά	y”’X‚µ‚Άz	‚µ‚η‚¶‚η‚µ‚Ά	‘εγ•{
‚ ‚Ω	‚ ‚Ω	y”n­z	‚Ξ‚©	‘εγ•{
ƒ‚[ƒ^[ƒv[ƒ‹	‚ΰ[‚½[‚Υ[‚ι	y’“Τκz	‚Ώ‚γ‚¤‚µ‚α‚¶‚ε‚¤	‘εγ•{
‚Σ‚Δ‚±‚Ά	‚Σ‚Δ‚±‚Ά	y‚Σ‚Δ‚Τ‚Δ‚µ‚Άz	‚Σ‚Δ‚Τ‚Δ‚µ‚Ά	‘εγ•{
‚³‚η‚Ò‚ρ	‚³‚η‚Ò‚ρ	yV•iz	‚µ‚ρ‚Ò‚ρ	‘εγ•{
‚Ν‚έ‚²	‚Ν‚έ‚²	y’‡ΤO‚κz	‚Θ‚©‚ά‚Ν‚Έ‚κ	‘εγ•{
‚¨‚Α‚Ώ‚ρ	‚¨‚Α‚Ώ‚ρ	y‚Ώ‚α‚ρ‚Ζΐ‚ιz	‚Ώ‚α‚ρ‚Ζ‚·‚ν‚ι	‘εγ•{
‚¨‚Α‚Ώ‚ρ	‚¨‚Α‚Ώ‚ρ	y³ΐ‚·‚ιz	‚Ή‚Ά‚΄‚·‚ι	‘εγ•{
ƒRƒ}	‚±‚ά	y©“]Τ‚Μ•β•—Φz	‚¶‚Δ‚ρ‚µ‚α‚Μ‚Ω‚¶‚ε‚θ‚ρ	‘εγ•{
‚·‚©‚½‚ρ	‚·‚©‚½‚ρ	y‚ά‚Κ‚―z	‚ά‚Κ‚―	‘εγ•{
‚·‚©‚½‚ρ	‚·‚©‚½‚ρ	y‚Ζ‚ρ‚Ώ‚ρ‚©‚ρz	‚Ζ‚ρ‚Ώ‚ρ‚©‚ρ	‘εγ•{
‚µ‚γ‚ή	‚µ‚γ‚ή	y—Ώ—‚Μ–΅‚ª‚ζ‚­υ‚έ‚Δ‚Ά‚ιz	‚θ‚ε‚¤‚θ‚Μ‚ ‚¶‚ª‚ζ‚­‚µ‚έ‚Δ‚Ά‚ι	‘εγ•{
‚ΰ‚ή‚Θ‚Ά	‚ΰ‚ή‚Θ‚Ά	y‚¨‚Ά‚µ‚­‚Θ‚Άz	‚¨‚Ά‚µ‚­‚Θ‚Ά	‘εγ•{
‚Ή‚Ά‚Ύ‚Ά	‚Ή‚Ά‚Ύ‚Ά	y‚Ή‚Ά‚Ί‚Άz	‚Ή‚Ά‚Ί‚Ά	‘εγ•{
‚Π‚Ι‚Ώ‚®‚·‚θ	“ϊ‚Ι‚Ώ–ς	y—{¶‚µ‚Δ­‚µ‚Έ‚Β‰ρ•‚·‚ι‚±‚Ζz	‚ζ‚¤‚¶‚ε‚¤‚µ‚Δ‚·‚±‚µ‚Έ‚Β‚©‚Ά‚Σ‚­‚·‚ι‚±‚Ζ	‘εγ•{
‚Χ‚Χ	‚Χ‚Χ	yΕ‰ΊΚz	‚³‚Ά‚©‚Ά	‘εγ•{
‚Ϊ‚ρ‚Ώ	‚Ϊ‚ρ‚Ώ	y’j‚Μqz	‚¨‚Ζ‚±‚Μ‚±	‘εγ•{
‚Ϊ‚ρ‚Ώ	‚Ϊ‚ρ‚Ώ	yα’U“ίz	‚ν‚©‚Ύ‚ρ‚Θ	‘εγ•{
‚¦‚η‚Ά	‚¦‚η‚Ά	y‚µ‚ρ‚Η‚Άz	‚µ‚ρ‚Η‚Ά	‘εγ•{
‚Θ‚¨‚·	‚Θ‚¨‚·	y•Π‚Γ‚―‚ιz	‚©‚½‚Γ‚―‚ι	‘εγ•{
‚Θ‚¨‚·	‚Θ‚¨‚·	y•¨‚π³‚Μκ‚Ι‚µ‚ά‚¤z	‚ΰ‚Μ‚π‚ΰ‚Ζ‚Μ‚Ξ‚µ‚ε‚Ι‚µ‚ά‚¤	‘εγ•{
‚³‚η‚¤	‚³‚η‚¤	y‚¨M‚Μ—Ώ—‚π‹σ‚Ι‚·‚ιz	‚¨‚³‚η‚Μ‚θ‚ε‚¤‚θ‚π‚©‚η‚Ι‚·‚ι	‘εγ•{
‚Β‚Τ‚κ‚ι	‚Β‚Τ‚κ‚ι	yΜα‚·‚ιz	‚±‚µ‚ε‚¤‚·‚ι	‘εγ•{
‚ζ‚Ξ‚κ‚ι	‚ζ‚Ξ‚κ‚ι	y‚²‚Ώ‚»‚¤‚Ι‚Θ‚ιz	‚²‚Ώ‚»‚¤‚Ι‚Θ‚ι	‘εγ•{
‚ζ‚Ξ‚κ‚ι	‚ζ‚Ξ‚κ‚ι	y‚Ά‚½‚Ύ‚­z	‚Ά‚½‚Ύ‚­	‘εγ•{
‚±‚Θ‚ΰ‚ρ	•²‚ΰ‚ρ	y¬”•²‚πg‚Α‚½—Ώ—z	‚±‚ή‚¬‚±‚π‚Β‚©‚Α‚½‚θ‚ε‚¤‚θ	‘εγ•{
‚©‚µ‚ν	‚©‚µ‚ν	y{“χz	‚Ζ‚θ‚Ι‚­	‘εγ•{
‚©‚Ά‚Δ‚ρ‚β‚«	‰ρ“]Δ‚«	y‘ε”»Δ‚«z	‚¨‚¨‚Ξ‚ρ‚β‚«	‘εγ•{
‚±‚Τ	‚±‚Τ	y©•zz	‚±‚ρ‚Τ	‘εγ•{
‚©‚β‚­‚²‚Ν‚ρ	‚©‚β‚­‚²”Ρ	y†‚«‚έ‚²”Ρz	‚½‚«‚±‚έ‚²‚Ν‚ρ	‘εγ•{
‚½‚Ι‚ρ‚Η‚ρ	‘Όl¥	y‘Όl¥z	‚½‚Ι‚ρ‚Η‚ρ	‘εγ•{
ƒJƒ“ƒJƒ“	‚©‚ρ‚©‚ρ	yΚz	‚©‚ρ	‘εγ•{
‚½‚Ά‚½‚ρ	†‚Ά‚½‚ρ	yΟ•¨z	‚Ι‚ΰ‚Μ	‘εγ•{
‚¨‚Ξ‚ρ‚΄‚Ά	‚¨‚Ξ‚ρ‚΄‚Ά	y‰Ζ’λ—Ώ—z	‚©‚Δ‚Ά‚θ‚ε‚¤‚θ	‘εγ•{
‚ ‚Δ	ƒAƒe	y‚¨π‚Μ‚¨‚Β‚ά‚έz	‚¨‚³‚―‚Μ‚¨‚Β‚ά‚έ	‘εγ•{
‚Β‚«‚Ύ‚µ	“Λ‚«o‚µ	y‚¨’Κ‚µz	‚¨‚Ζ‚¨‚µ	‘εγ•{
ƒ}ƒNƒh	‚ά‚­‚Η	yƒ}ƒNƒhƒiƒ‹ƒhz	‚ά‚­‚Η‚Θ‚ι‚Η	‘εγ•{
ƒƒCƒR[	‚κ‚Ά‚±[	yƒAƒCƒXƒR[ƒq[z	‚ ‚Ά‚·‚±[‚Π[	‘εγ•{
ƒnƒCƒJƒ‰‚¤‚Η‚ρ	‚Ν‚Ά‚©‚η‚¤‚Η‚ρ	y“V‚©‚·‚ª‚Μ‚Α‚½‚¤‚Η‚ρz	‚Δ‚ρ‚©‚·‚ª‚Μ‚Α‚½‚¤‚Η‚ρ	‘εγ•{
‚ί‚θ‚―‚ρ‚±	ƒƒƒPƒ“•²	y¬”•²z	‚±‚ή‚¬‚±	‘εγ•{
‚έ‚ρ‚Ώ	ƒ~ƒ“ƒ`	y‚Π‚«“χz	‚Π‚«‚Ι‚­	‘εγ•{
‚¨‚±‚¤‚±	‚¨‚±‚¤‚±	y‚¨’Π•¨z	‚¨‚Β‚―‚ΰ‚Μ	‘εγ•{
‚¨‚±‚¤‚±	‚¨‚±‚¤‚±	y‚½‚­‚ ‚ρz	‚½‚­‚ ‚ρ	‘εγ•{
‚«‚Έ‚µ	‚«‚Έ‚µ	y‚µ‚ίƒTƒoz	‚µ‚ί‚³‚Ξ	‘εγ•{
‚©‚ρ‚Ζ‚¤‚Ύ‚«	Φ“†‚«	y‚¨‚Ε‚ρz	‚¨‚Ε‚ρ	‘εγ•{
‚¤‚Ώ	‚¤‚Ώ	y„z	‚ν‚½‚µ	‘εγ•{
‚ ‚ρ‚½	‚ ‚ρ‚½	y‚ ‚Θ‚½z	‚ ‚Θ‚½	‘εγ•{
‚«‚έ‚η	‚«‚έ‚η	y‚ ‚Θ‚½‚½‚Ώz	‚ ‚Θ‚½‚½‚Ώ	‘εγ•{
‚Ω‚ρ‚ά	‚Ω‚ρ‚ά	y–{“–‚Ιz	‚Ω‚ρ‚Ζ‚¤‚Ι	‘εγ•{
‚ ‚©‚ρ	‚ ‚©‚ρ	y‚ζ‚­‚Θ‚Άz	‚ζ‚­‚Θ‚Ά	‘εγ•{
‚©‚ά‚Φ‚ρ	‚©‚ά‚Φ‚ρ	y–β‘θ‚Θ‚Άz	‚ΰ‚ρ‚Ύ‚Ά‚Θ‚Ά	‘εγ•{
‚Θ‚ρ‚Ε‚β‚Λ‚ρ	‚Θ‚ρ‚Ε‚β‚Λ‚ρ	y‚Θ‚ρ‚Ε‚Ύ‚ζz	‚Θ‚ρ‚Ε‚Ύ‚ζ	‘εγ•{
‚Ή‚β	‚Ή‚β	y‚»‚¤‚Ύz	‚»‚¤‚Ύ	‘εγ•{
‚¨‚Ν‚ζ‚¤‚³‚ρ	‚¨‚Ν‚ζ‚¤‚³‚ρ	y‚¨‚Ν‚ζ‚¤‚²‚΄‚Ά‚ά‚·z	‚¨‚Ν‚ζ‚¤‚²‚΄‚Ά‚ά‚·	‹“s•{
‚©‚ρ‚Ι‚ρ‚µ‚Ζ‚­‚κ‚β‚·	¬”E‚µ‚Ζ‚­‚κ‚β‚·	y‚²‚ί‚ρ‚Θ‚³‚Άz	‚²‚ί‚ρ‚Θ‚³‚Ά	‹“s•{
‚²‚ί‚ρ‚β‚·	‚Ω‚ΘA‚²‚ί‚ρ‚β‚·	y‚Ε‚ΝAΈ—η‚µ‚ά‚·z	‚Ε‚ΝA‚µ‚Β‚κ‚Ά‚µ‚ά‚·	‹“s•{
‚¨‚«‚Ξ‚θ‚β‚·	‚¨‚«‚Ξ‚θ‚β‚·	yζ’£‚Α‚Δ‚­‚Ύ‚³‚Άz	‚ª‚ρ‚Ξ‚Α‚Δ‚­‚Ύ‚³‚Ά	‹“s•{
‚³‚ζ‚Ε‚·‚©	‚³‚ζ‚Ε‚·‚©	y‚»‚¤‚Ε‚·‚©z	‚»‚¤‚Ε‚·‚©	‹“s•{
‚²‚«‚°‚ρ‚Ά‚©‚ª‚Η‚·‚©	‚²‚«‚°‚ρ‚Ά‚©‚ª‚Η‚·‚©	y‚²‚«‚°‚ρ‚Ά‚©‚ª‚Ε‚·‚©z	‚²‚«‚°‚ρ‚Ά‚©‚ª‚Ε‚·‚©	‹“s•{
‚Ϊ‚Ώ‚Ϊ‚Ώ	‚Ϊ‚Ώ‚Ϊ‚Ώ	y‚ά‚ ‚ά‚ ‚Ε‚·z	‚ά‚ ‚ά‚ ‚Ε‚·	‹“s•{
‚µ‚ρ‚Η‚Ά‚Λ‚ρ	‚µ‚ρ‚Η‚Ά‚Λ‚ρ	y”ζ‚κ‚½z	‚Β‚©‚κ‚½	‹“s•{
‚Ω‚Θ‚³‚Ά‚Θ‚η	‚Ω‚Θ‚³‚Ά‚Θ‚η	y‚³‚ζ‚¤‚Θ‚ηz	‚³‚ζ‚¤‚Θ‚η	‹“s•{
‚¨‚½‚Χ‚β‚·	‚¨H‚Χ‚β‚·	y‚¨H‚Χ‚­‚Ύ‚³‚Άz	‚¨‚½‚Χ‚­‚Ύ‚³‚Ά	‹“s•{
‚Ά‚©‚ª‚Η‚·‚©	‚Ά‚©‚ª‚Η‚·‚©	y‚Ά‚©‚ª‚Ε‚·‚©z	‚Ά‚©‚ª‚Ε‚·‚©	‹“s•{
‚Π‚β‚±‚Ά	‚Π‚β‚±‚Ά	y—β‚½‚Άz	‚Β‚ί‚½‚Ά	‹“s•{
‚Ω‚ρ‚Ι	‚Ω‚ρ‚Ι	y–{“–‚Ιz	‚Ω‚ρ‚Ζ‚¤‚Ι	‹“s•{
‚¨‚Ά‚µ‚¨‚·	‚¨‚Ά‚µ‚¨‚·	y‚¨‚Ά‚µ‚Ά‚Ε‚·z	‚¨‚Ά‚µ‚Ά‚Ε‚·	‹“s•{
‚¦‚¦	‚¦‚¦	y—Η‚Άz	‚ζ‚Ά	‹“s•{
‚µ‚γ‚ρ‚Ε	‚µ‚γ‚ρ‚Ε	yυ‚έ‚Δz	‚µ‚έ‚Δ	‹“s•{
‚ζ‚Ξ‚κ‚ι	‚ζ‚Ξ‚κ‚ι	y‚²‚Ώ‚»‚¤‚Ι‚Θ‚ιz	‚²‚Ώ‚»‚¤‚Ι‚Θ‚ι	‹“s•{
‚ή‚µ‚β‚µ‚Θ‚Ά	‚ή‚µ‚β‚µ‚Θ‚Ά	yΤHz	‚©‚ρ‚µ‚ε‚­	‹“s•{
‚¨‚Ή‚ρ	‚¨‚Ή‚ρ	y‚Ή‚ρ‚Χ‚Άz	‚Ή‚ρ‚Χ‚Ά	‹“s•{
‚±‚¨‚±	‚±‚¨‚±	y‚½‚­‚ ‚ρz	‚½‚­‚ ‚ρ	‹“s•{
‚Η‚Ϊ‚Γ‚―	‚Η‚Ϊ’Π‚―	y‚Κ‚©’Π‚―z	‚Κ‚©‚Γ‚―	‹“s•{
‚¨‚Ά‚Ε‚β‚·	‚¨‚Ά‚Ε‚β‚·	y‚Ά‚η‚Α‚µ‚α‚Ά‚ά‚Ήz	‚Ά‚η‚Α‚µ‚α‚Ά‚ά‚Ή	‹“s•{
‚Θ‚ρ‚Ϊ	‚Θ‚ρ‚Ϊ	y‚Ά‚­‚ηz	‚Ά‚­‚η	‹“s•{
‚©‚ρ‚΄‚µ	‚©‚ρ‚΄‚µ	y‚©‚ρ‚΄‚µz	‚©‚ρ‚΄‚µ	‹“s•{
‚ζ[	‚ζ[	y‚ζ‚­z	‚ζ‚­	‹“s•{
‚¤‚Β‚Α‚Δ‚Ν‚θ‚ά‚·	‚¤‚Β‚Α‚Δ‚Ν‚θ‚ά‚·	y‚¨—‡‚Ά‚Ε‚·z	‚¨‚Ι‚ ‚Ά‚Ε‚·	‹“s•{
‚Θ‚ρ‚Ό	‚Θ‚ρ‚Ό	y‰½‚©z	‚Θ‚Ι‚©	‹“s•{
‚έ‚Β‚­‚λ[‚Δ	‚έ‚Β‚­‚λ[‚Δ	y©‘U‚Α‚Δz	‚έ‚Β‚­‚λ‚Α‚Δ	‹“s•{
‚­‚κ‚Ν‚ι	‚­‚κ‚Ν‚ι	y‚­‚Ύ‚³‚ιz	‚­‚Ύ‚³‚ι	‹“s•{
‚ ‚η‚µ‚ά‚Ή‚ρ	‚ ‚η‚µ‚ά‚Ή‚ρ	y‚ ‚θ‚ά‚Ή‚ρz	‚ ‚θ‚ά‚Ή‚ρ	‹“s•{
”ƒ‚Άƒ‚ƒ“	‚©‚Ά‚ΰ‚ρ	y”ƒ‚Ά•¨z	‚©‚Ά‚ΰ‚Μ	‹“s•{
‚Ν‚ρ‚Θ‚θ	‚Ν‚ρ‚Θ‚θ	yγ•i‚Ε‰Ψ‚β‚©‚Θ—lqz	‚¶‚ε‚¤‚Π‚ρ‚Ε‚Ν‚Θ‚β‚©‚Θ‚ζ‚¤‚·	‹“s•{
‚ΰ‚Α‚³‚Ά	‚ΰ‚Α‚³‚Ά	y–μ•ι‚Α‚½‚Άz	‚β‚Ϊ‚Α‚½‚Ά	‹“s•{
‚³‚ª‚ι	‚³‚ª‚ι	y“μ‚Φs‚­z	‚έ‚Θ‚έ‚Φ‚Ά‚­	‹“s•{
‚έ‚Ζ‚§‚έ‚β‚·	©‚Ζ‚§‚έ‚β‚·	y‚²——‚Θ‚³‚Ά‚ά‚Ήz	‚²‚η‚ρ‚Θ‚³‚Ά‚ά‚Ή	‹“s•{
‚β‚β‚±‚µ‚Ά	‚β‚β‚±‚µ‚Ά	y•΅G‚Ύz	‚Σ‚­‚΄‚Β‚Ύ	‹“s•{
‚·‚Ά‚Ξ	‚·‚Ά‚Ξ	y‚¨‹C‚Ι“ό‚θ‚Μκz	‚¨‚«‚Ι‚Ά‚θ‚Μ‚Ξ‚µ‚ε	‹“s•{
‚Ι‚Α‚Ώ‚ε	‚Ι‚Α‚Ώ‚ε	y“ϊ—j“ϊz	‚Ι‚Ώ‚ζ‚¤‚Ρ	‹“s•{
‚έ‚Β‚©‚η‚Φ‚ρ	‚έ‚Β‚©‚η‚Φ‚ρ	y©‚Β‚©‚η‚Θ‚Άz	‚έ‚Β‚©‚η‚Θ‚Ά	‹“s•{
‚ ‚©‚ρ	‚ ‚©‚ρ	y‚Ά‚―‚Θ‚Άz	‚Ά‚―‚Θ‚Ά	‹“s•{
‚ ‚Ω‚­‚³‚Ά	‚ ‚Ω‚­‚³‚Ά	y”n­‚η‚µ‚Άz	‚Ξ‚©‚η‚µ‚Ά	‹“s•{
‚ ‚η‚­‚½‚Ά	‚ ‚η‚­‚½‚Ά	yr‚Α‚Ϋ‚Άz	‚ ‚η‚Α‚Ϋ‚Ά	‹“s•{
‚ ‚η‚Φ‚ρ	‚ ‚η‚Φ‚ρ	y‚Θ‚Άz	‚Θ‚Ά	‹“s•{
‚Ά‚Ι‚µ‚Θ	‚Ά‚Ι‚µ‚Θ	y‹A‚θ‚ª‚―z	‚©‚¦‚θ‚ª‚―	‹“s•{
‚Ά‚Κ	‚Ά‚Κ	y‹A‚ιz	‚©‚¦‚ι	‹“s•{
‚Ά‚η‚Ώ	‚Ά‚η‚Ώ	y—‚Ώ’…‚«‚ª‚Θ‚Άz	‚¨‚Ώ‚Β‚«‚ª‚Θ‚Ά	‹“s•{
‚¤‚Β‚η‚Ν‚ι	‚¤‚Β‚η‚Ν‚ι	y—‡‚ν‚κ‚ιz	‚Ι‚ ‚ν‚κ‚ι	‹“s•{
‚¨‚¨‚«‚Ι‚ ‚θ‚ª‚Ζ‚¤	‚¨‚¨‚«‚Ι‚ ‚θ‚ª‚Ζ‚¤	y‘ε•Ο‚ ‚θ‚ª‚Ζ‚¤z	‚½‚Ά‚Φ‚ρ‚ ‚θ‚ª‚Ζ‚¤	‹“s•{
‚¨‚Ή‚ι	‚¨‚Ή‚ι	y‹³‚¦‚ιz	‚¨‚µ‚¦‚ι	‹“s•{
‚¨‚β‚©‚ά‚Α‚³‚ρ‚Η‚µ‚½	‚¨‚β‚©‚ά‚Α‚³‚ρ‚Η‚µ‚½	y‚¨Χ–‚‚µ‚ά‚µ‚½z	‚¨‚¶‚α‚ά‚µ‚ά‚µ‚½	‹“s•{
‚©‚Η	‚©‚Η	y‰Ζ‚ΜOz	‚Ά‚¦‚Μ‚»‚Ζ	‹“s•{
‚©‚Θ‚ρ‚Θ	‚©‚Θ‚ρ‚Θ	y–³—z	‚ή‚θ	‹“s•{
‚©‚ά‚Φ‚ρ	‚©‚ά‚Φ‚ρ	y‚©‚ά‚ν‚Θ‚Άz	‚©‚ά‚ν‚Θ‚Ά	‹“s•{
‚©‚ρ‚Ι‚ρ‚µ‚Ζ‚§‚­‚κ‚β‚·	‚©‚ρ‚Ι‚ρ‚µ‚Ζ‚§‚­‚κ‚β‚·	y¨•Ω‚µ‚Δ‚­‚Ύ‚³‚Άz	‚©‚ρ‚Χ‚ρ‚µ‚Δ‚­‚Ύ‚³‚Ά	‹“s•{
‚«‚Έ‚Β‚Θ‚Ά	‚«‚Έ‚Β‚Θ‚Ά	y\‚µ–σ‚Θ‚Άz	‚ΰ‚¤‚µ‚ν‚―‚Θ‚Ά	‹“s•{
‚«‚Ι‚µ‚΅	‚«‚Ι‚µ‚΅	y_oΏ‚Θlz	‚µ‚ρ‚―‚Ά‚µ‚Β‚Θ‚Π‚Ζ	‹“s•{
‚«‚ε[‚Ρ	‚«‚ε[‚Ρ	y΅z	‚Ά‚ά‚Η‚«	‹“s•{
‚«‚ζ‚ι	‚«‚ζ‚ι	y—‚ιz	‚­‚ι	‹“s•{
‚­‚κ‚Φ‚ρ	‚­‚κ‚Φ‚ρ	y‚­‚κ‚Θ‚Άz	‚­‚κ‚Θ‚Ά	‹“s•{
‚―‚Α‚½‚Ά‚Θ‚ΰ‚ρ	‚―‚Α‚½‚Ά‚Θ‚ΰ‚ρ	y•Ο‚Θ‚ΰ‚Μz	‚Φ‚ρ‚Θ‚ΰ‚Μ	‹“s•{
‚³‚Ά‚Ε‚ρ	‚³‚Ά‚Ε‚ρ	yζ‚Ω‚Ηz	‚³‚«‚Ω‚Η	‹“s•{
‚µ‚©‚Β‚Ά	‚µ‚©‚Β‚Ά	y‚©‚½‚®‚ι‚µ‚Άz	‚©‚½‚®‚ι‚µ‚Ά	‹“s•{
‚¶‚¶‚ή‚³‚Ά	‚¶‚¶‚ή‚³‚Ά	y‚ ‚©”²‚―‚µ‚Θ‚Άz	‚ ‚©‚Κ‚―‚µ‚Θ‚Ά	‹“s•{
‚¶‚Τ‚ρ‚Η‚«	‚¶‚Τ‚ρ‚Η‚«	yH–z	‚µ‚ε‚­‚¶‚Η‚«	‹“s•{
‚µ‚ΰ‚½	‚µ‚ΰ‚½	y‚µ‚ά‚Α‚½z	‚µ‚ά‚Α‚½	‹“s•{
‚µ‚ε[‚ΰ‚Θ‚Ά	‚µ‚ε[‚ΰ‚Θ‚Ά	y‚Β‚ά‚η‚Θ‚Άz	‚Β‚ά‚η‚Θ‚Ά	‹“s•{
‚µ‚ρ‚«‚­‚³‚Ά	‚µ‚ρ‚«‚­‚³‚Ά	y‚¶‚κ‚Α‚½‚Άz	‚¶‚κ‚Α‚½‚Ά	‹“s•{
‚µ‚ρ‚Η‚Ά	‚µ‚ρ‚Η‚Ά	y‹κ‚µ‚ΆA”ζ‚κ‚Δ‚Ά‚ιz	‚­‚ι‚µ‚Ά‚Β‚©‚κ‚Δ‚Ά‚ι	‹“s•{
‚Ή‚Α‚µ‚ε[‚Θ	‚Ή‚Α‚µ‚ε[‚Θ	y‚©‚ν‚Ά‚»‚¤‚Θz	‚©‚ν‚Ά‚»‚¤‚Θ	‹“s•{
‚Ή‚Θ‚ρ‚Ύ‚η	‚Ή‚Θ‚ρ‚Ύ‚η	y‚µ‚Θ‚―‚κ‚Ξz	‚µ‚Θ‚―‚κ‚Ξ	‹“s•{
‚Ή‚ρ‚®‚θ	‚Ή‚ρ‚®‚θ	y‚©‚η‚Φ‚Ζz	‚Β‚¬‚©‚η‚Β‚¬‚Φ‚Ζ	‹“s•{
‚½‚Ά‚ª‚Ά	‚½‚Ά‚ª‚Ά	y‚Ά‚Ά‚©‚°‚ρ‚Ιz	‚Ά‚Ά‚©‚°‚ρ‚Ι	‹“s•{
‚½‚Ά‚»‚Θ	‚½‚Ά‚»‚Θ	y‚½‚Ά‚»‚¤‚Θz	‚½‚Ά‚»‚¤‚Θ	‹“s•{
‚Ύ‚ρ‚Θ‚Ά‚©	‚Ύ‚ρ‚Θ‚Ά‚©	y·‚µx‚¦‚Θ‚Ά‚©z	‚³‚µ‚Β‚©‚¦‚Θ‚Ά‚©	‹“s•{
‚Ώ‚ε‚Ώ‚ε‚±‚Ξ‚ι	‚Ώ‚ε‚Ώ‚ε‚±‚Ξ‚ι	y‚©‚ª‚ήz	‚©‚ª‚ή	‹“s•{
‚Β‚¤‚Β‚¤	‚Β‚¤‚Β‚¤	y•¨–‚ª‘Ψ‚θ‚Θ‚­i‚ήz	‚ΰ‚Μ‚²‚Ζ‚ª‚Ζ‚Η‚±‚¨‚θ‚Θ‚­‚·‚·‚ή	‹“s•{
‚Ε‚«‚Π‚ρ	‚Ε‚«‚Π‚ρ	y‚Ε‚«‚Θ‚Άz	‚Ε‚«‚Θ‚Ά	‹“s•{
‚Ε‚Ϊ‚Ώ‚ρ	‚Ε‚Ϊ‚Ώ‚ρ	y‚¨‚Ε‚±z	‚¨‚Ε‚±	‹“s•{
‚Δ‚ρ‚²	‚Δ‚ρ‚²	y«‚Σ‚΄‚―z	‚ν‚ι‚Σ‚΄‚―	‹“s•{
‚Η‚¤‚¦	‚Η‚¤‚¦	y‚Η‚¤‚Ε‚·‚©z	‚Η‚¤‚Ε‚·‚©	‹“s•{
‚Η‚¤‚Η‚·‚β‚λ	‚Η‚¤‚Η‚·‚β‚λ	y‚Η‚¤‚Ε‚µ‚ε‚¤‚©z	‚Η‚¤‚Ε‚µ‚ε‚¤‚©	‹“s•{
‚³‚Τ‚Ά‚Ϊ	‚³‚Τ‚Ά‚Ϊ	y’Ή”§z	‚Ζ‚θ‚Ν‚Ύ	‹“s•{
‚Η‚ρ‚­‚³‚Ά	‚Η‚ρ‚­‚³‚Ά	y“έ‚ΆA•sν—p‚Ύz	‚Ι‚Τ‚Ά‚Τ‚«‚ζ‚¤‚Ύ	‹“s•{
‚Θ‚ρ‚¬	‚Θ‚ρ‚¬	yΆ‚Α‚½A‹κJ‚·‚ιz	‚±‚ά‚Α‚½‚­‚λ‚¤‚·‚ι	‹“s•{
‚Θ‚ρ‚µ‚©	‚Θ‚ρ‚µ‚©	y‚Ζ‚Ι‚©‚­z	‚Ζ‚Ι‚©‚­	‹“s•{
‚Κ‚­‚Ά	‚Κ‚­‚Ά	y’g‚©‚Άz	‚ ‚½‚½‚©‚Ά	‹“s•{
‚Λ[‚ΰ‚«‚©‚ρ‚Ζ	‚Λ[‚ΰ•·‚©‚ρ‚Ζ	y’l’i‚ΰ•·‚©‚Έ‚Ιz	‚Λ‚Ύ‚ρ‚ΰ‚«‚©‚Έ‚Ι	‹“s•{
‚Λ‚Τ‚ι	‚Λ‚Τ‚ι	y‚Θ‚ί‚ιz	‚Θ‚ί‚ι	‹“s•{
‚Ν‚µ‚θ	‚Ν‚µ‚θ	y‘δ‚Μ—¬‚µ‘δz	‚Ύ‚Ά‚Η‚±‚λ‚Μ‚Θ‚ª‚µ‚Ύ‚Ά	‹“s•{
‚Ν‚ι	‚Ν‚ι	y‚Θ‚³‚ιz	‚Θ‚³‚ι	‹“s•{
‚Φ‚¥	‚Φ‚¥	y‚Ν‚Άz	‚Ν‚Ά	‹“s•{
‚Φ‚½‚Ξ‚η‚Ν‚Α‚½	‚Φ‚½‚Ξ‚η‚Ν‚Α‚½	y‚¨”ζ‚κ‚Ι‚Θ‚Α‚½z	‚¨‚Β‚©‚κ‚Ι‚Θ‚Α‚½	‹“s•{
‚Χ‚Α‚½‚θ	‚Χ‚Α‚½‚θ	y‚Έ‚Α‚Ζz	‚Έ‚Α‚Ζ	‹“s•{
‚Χ‚Α‚Ώ‚α‚±	‚Χ‚Α‚Ώ‚α‚±	yΕγz	‚³‚Ά‚²	‹“s•{
‚Χ‚Χ‚½	‚Χ‚Χ‚½	yΕγA‚Ρ‚θz	‚³‚Ά‚²‚Ρ‚θ	‹“s•{
‚Ω‚Ά‚Θ‚Ά	‚Ω‚Ά‚Θ‚Ά	y‚Ν‚©‚Θ‚Άz	‚Ν‚©‚Θ‚Ά	‹“s•{
‚Ϊ‚Ώ‚Ϊ‚Ώ	‚Ϊ‚Ώ‚Ϊ‚Ώ	y‚ά‚ ‚ά‚ z	‚ά‚ ‚ά‚ 	‹“s•{
‚Ω‚ρ‚ά	‚Ω‚ρ‚ά	y–{“–z	‚Ω‚ρ‚Ζ‚¤	‹“s•{
‚ά‚Α‚½‚θ	‚ά‚Α‚½‚θ	y‰Έ‚β‚©‚Θϋ“–‚½‚θz	‚¨‚Ύ‚β‚©‚Θ‚­‚Ώ‚ ‚½‚θ	‹“s•{
‚ά‚ή‚µ	‚ά‚ή‚µ	y‚¤‚Θ‚¬‚Μ—Δz	‚¤‚Θ‚¬‚Μ‚©‚Ξ‚β‚«	‹“s•{
‚ί‚Α‚»‚ΰ‚Θ‚Ά	‚ί‚Α‚»‚ΰ‚Θ‚Ά	y‚Ζ‚ρ‚Ε‚ΰ‚Θ‚Άz	‚Ζ‚ρ‚Ε‚ΰ‚Θ‚Ά	‹“s•{
‚β‚­‚½‚Ά‚Θ	‚β‚­‚½‚Ά‚Θ	y–³’ƒ‚ΘA–ΐf‚Θz	‚ή‚Ώ‚α‚Θ‚ί‚Ά‚ν‚­‚Θ	‹“s•{
‚β‚·‚―‚Θ‚Ά	‚β‚·‚―‚Θ‚Ά	y•i‚ª‚Θ‚Άz	‚Π‚ρ‚ª‚Θ‚Ά	‹“s•{
‚β‚Α‚Ώ‚α‚Θ	‚β‚Α‚Ώ‚α‚Θ	y`‚Θ“z‚Ύ‚Θz	‚Θ‚β‚Β‚Ύ‚Θ	‹“s•{
‚β‚Η‚ª‚Ά	‚β‚Η‚ª‚Ά	yψ‰z‚µz	‚Π‚Α‚±‚µ	‹“s•{
‚β‚β‚±	‚β‚β‚±	yΤ‚ρ–Vz	‚ ‚©‚ρ‚Ϊ‚¤	‹“s•{
‚β‚β‚±‚µ	‚β‚β‚±‚µ	y‚β‚β‚±‚µ‚Άz	‚β‚β‚±‚µ‚Ά	‹“s•{
‚β‚η‚±‚Ά	‚β‚η‚±‚Ά	y_‚η‚©‚Άz	‚β‚ν‚η‚©‚Ά	‹“s•{
‚β‚ρ‚©	‚β‚ρ‚©	y`‚Ε‚Ν‚Θ‚Ά‚Ε‚µ‚ε‚¤‚©z	‚Ε‚Ν‚Θ‚Ά‚Ε‚µ‚ε‚¤‚©	‹“s•{
‚η‚Ώ‚ ‚©‚ρ	‚η‚Ώ‚ ‚©‚ρ	y‚¨b‚Ι‚Θ‚η‚Θ‚Άz	‚¨‚Ν‚Θ‚µ‚Ι‚Θ‚η‚Θ‚Ά	‹“s•{
‚ν‚η‚―‚ι	‚ν‚η‚―‚ι	yΞ‚Α‚Δ‚µ‚ά‚¤z	‚ν‚η‚Α‚Δ‚µ‚ά‚¤	‹“s•{
‚ν‚θ‚©‚µ	‚ν‚θ‚©‚µ	y”δr“Iz	‚Π‚©‚­‚Δ‚«	‹“s•{
‚©‚ά‚Φ‚ρ	‚©‚ά‚Φ‚ρ	y\‚ν‚Θ‚ΆA‘εδ•vz	‚©‚ά‚ν‚Θ‚ΆA‚Ύ‚Ά‚¶‚ε‚¤‚Τ	‹“s•{
‚ ‚©‚ρ	‚ ‚©‚ρ	yƒ_ƒA‚Ά‚―‚Θ‚Άz	‚Ύ‚ίA‚Ά‚―‚Θ‚Ά	‹“s•{
‚Ω‚Θ	‚Ω‚Θ	y‚»‚κ‚Ε‚ΝA‚»‚µ‚½‚ηz	‚»‚κ‚Ε‚ΝA‚»‚µ‚½‚η	‹“s•{
‚Θ‚¨‚·	‚Θ‚¨‚·	y•Π•t‚―‚ιA‚µ‚ά‚¤z	‚©‚½‚Γ‚―‚ιA‚µ‚ά‚¤	‹“s•{
‚Ν‚ρ‚Θ‚θ	‚Ν‚ρ‚Θ‚θ	y—D”ό‚ΘA‰Ψ‚β‚©‚Θz	‚δ‚¤‚Ρ‚ΘA‚Ν‚Θ‚β‚©‚Θ	‹“s•{
‚ά‚Α‚½‚θ	‚ά‚Α‚½‚θ	y—‚Ώ’…‚Ά‚Δ‚Ά‚ιA‰Έ‚β‚©z	‚¨‚Ώ‚Β‚Ά‚Δ‚Ά‚ιA‚¨‚Ύ‚β‚©	‹“s•{
‚¦‚η‚Ά	‚¦‚η‚Ά	y‚Ζ‚Δ‚ΰA‘ε•Ο‚Θz	‚Ζ‚Δ‚ΰA‚½‚Ά‚Φ‚ρ‚Θ	‹“s•{
‚β‚³‚©‚Ά	`‚β‚³‚©‚Ά	y`‚Ύ‚©‚ηz	`‚Ύ‚©‚η	‹“s•{
‚ζ‚λ‚µ‚γ‚¤‚¨‚ ‚ª‚θ‚β‚·	‚ζ‚λ‚µ‚γ‚¤‚¨‚ ‚ª‚θ‚β‚·	y‚Η‚¤‚Ό‚¨Ά‚µγ‚ª‚θ‚­‚Ύ‚³‚ΆA‚¨‘e––—l‚Ε‚µ‚½z	‚Η‚¤‚Ό‚¨‚ί‚µ‚ ‚ª‚θ‚­‚Ύ‚³‚ΆA‚¨‚»‚ά‚Β‚³‚ά‚Ε‚µ‚½	‹“s•{
‚·‚©‚½‚ρ	‚·‚©‚½‚ρ	y©“–‚Ν‚Έ‚κA‚Ζ‚ρ‚Ώ‚ρ‚©‚ρz	‚―‚ρ‚Ζ‚¤‚Ν‚Έ‚κA‚Ζ‚ρ‚Ώ‚ρ‚©‚ρ	‹“s•{
‚―‚Α‚½‚Ά‚Θ	‚―‚Α‚½‚Ά‚Θ	yο–­‚ΘA‚¨‚©‚µ‚Θz	‚«‚έ‚ε‚¤‚ΘA‚¨‚©‚µ‚Θ	‹“s•{
‚ν‚β	‚ν‚β	y‚ή‚Ώ‚α‚­‚Ώ‚αA‘δ–³‚µz	‚ή‚Ώ‚α‚­‚Ώ‚αA‚Ύ‚Ά‚Θ‚µ	‹“s•{
‚Ά‚Ώ‚Ρ‚ι	‚Ά‚Ώ‚Ρ‚ι	y’²q‚Ιζ‚ιA‚Σ‚΄‚―‚ιz	‚Ώ‚ε‚¤‚µ‚Ι‚Μ‚ιA‚Σ‚΄‚―‚ι	‹“s•{
‚Ω‚Θ	‚Ω‚Θ	y‚»‚κ‚Ε‚ΝE‚»‚µ‚½‚ηz	‚»‚κ‚Ε‚ΝE‚»‚µ‚½‚η	‹“s•{
‚µ‚Τ‚Ώ‚ρ	‚µ‚Τ‚Ώ‚ρ	yƒPƒ`E™ε¥Òz	‚―‚ΏE‚θ‚ρ‚µ‚ε‚­‚µ‚α	‹“s•{
‚ΰ‚Α‚³‚Ά	‚ΰ‚Α‚³‚Ά	y–μ•ι‚Α‚½‚ΆE‚ ‚©‚Κ‚―‚µ‚Θ‚Άz	‚β‚Ϊ‚Α‚½‚ΆE‚ ‚©‚Κ‚―‚µ‚Θ‚Ά	‹“s•{
‚¨‚¨‚«‚Ι	‚¨‚¨‚«‚Ι	y‚ ‚θ‚ª‚Ζ‚¤E‚½‚Ά‚Φ‚ρz	‚ ‚θ‚ª‚Ζ‚¤E‚½‚Ά‚Φ‚ρ	‹“s•{
‚¨‚Ν‚ζ‚¤‚¨‚©‚¦‚θ	‚¨‚Ν‚ζ‚¤‚¨‚©‚¦‚θ	y‚Ά‚Α‚Δ‚η‚Α‚µ‚α‚Άz	‚Ά‚Α‚Δ‚η‚Α‚µ‚α‚Ά	‹“s•{
‚Ν‚ρ‚Θ‚θ	‚Ν‚ρ‚Θ‚θ	y—z‹C‚Εγ•i‚Θ–Ύ‚ι‚³z	‚ζ‚¤‚«‚Ε‚¶‚ε‚¤‚Π‚ρ‚Θ‚ ‚©‚ι‚³	‹“s•{
‚Ν‚Ξ‚©‚θ‚³‚ρ	‚Ν‚Ξ‚©‚θ‚³‚ρ	y‚²‹κJ‚³‚ρE‚¨Άb—lz	‚²‚­‚λ‚¤‚³‚ρE‚¨‚Ή‚ν‚³‚ά	‹“s•{
‚Ω‚Α‚±‚θ‚·‚ι	‚Ω‚Α‚±‚θ‚·‚ι	y‚Ω‚Α‚Ζ‚·‚ιEΐS‚·‚ιz	‚Ω‚Α‚Ζ‚·‚ιE‚ ‚ρ‚µ‚ρ‚·‚ι	‹“s•{
‚¨‚β‚©‚ά‚Α‚³‚ρ	‚¨‚β‚©‚ά‚Α‚³‚ρ	y‚¨Χ–‚‚µ‚ά‚µ‚½E‚¨‘›‚ª‚Ή‚µ‚ά‚µ‚½z	‚¨‚¶‚α‚ά‚µ‚ά‚µ‚½E‚¨‚³‚ν‚ª‚Ή‚µ‚ά‚µ‚½	‹“s•{
‚β‚β‚±‚µ‚Ά	‚β‚β‚±‚µ‚Ά	y•΅G‚ΘE‚ν‚Έ‚η‚ν‚µ‚Άz	‚Σ‚­‚΄‚Β‚ΘE‚ν‚Έ‚η‚ν‚µ‚Ά	‹“s•{
‚©‚ά‚Φ‚ρ	‚©‚ά‚Φ‚ρ	y\‚ν‚Θ‚ΆE‘εδ•vz	‚©‚ά‚ν‚Θ‚ΆE‚Ύ‚Ά‚¶‚ε‚¤‚Τ	‹“s•{
‚»‚β‚©‚Δ	‚»‚β‚©‚Δ	y‚Ύ‚©‚η‚Ζ‚Ά‚Α‚ΔE‚Ύ‚Α‚Δz	‚Ύ‚©‚η‚Ζ‚Ά‚Α‚ΔE‚Ύ‚Α‚Δ	‹“s•{
‚Ά‚«‚ι	‚Ά‚«‚ι	y’²q‚Ιζ‚ιE‹C’£‚ιz	‚Ώ‚ε‚¤‚µ‚Ι‚Μ‚ιE‚«‚Ξ‚ι	‹“s•{
‚©‚ρ‚Ι‚ρ‚¦	‚©‚ρ‚Ι‚ρ‚¦	y‚²‚ί‚ρ‚ΛE‹–‚µ‚Δ‚­‚Ύ‚³‚Άz	‚²‚ί‚ρ‚ΛE‚δ‚ι‚µ‚Δ‚­‚Ύ‚³‚Ά	‹“s•{
‚¨‚­‚κ‚β‚·	`‚¨‚­‚κ‚β‚·	y`‚­‚Ύ‚³‚Άz	‚­‚Ύ‚³‚Ά	‹“s•{
‚ ‚η‚―‚ι	‚ ‚η‚―‚ι	yJ‚«‚ª‚ ‚ιE‰Ξ‚π‚©‚«L‚°‚ιz	‚Π‚η‚«‚ª‚ ‚ιE‚Π‚π‚©‚«‚Π‚λ‚°‚ι	‹“s•{
‚Ά‚Ώ‚Ρ‚ι	‚Ά‚Ώ‚Ρ‚ι	y‚Σ‚΄‚―‚ιE’²q‚Ιζ‚ιz	‚Σ‚΄‚―‚ιE‚Ώ‚ε‚¤‚µ‚Ι‚Μ‚ι	‹“s•{
‚µ‚Ξ‚­	‚µ‚Ξ‚­	y’@‚­z	‚½‚½‚­	‹“s•{
‚¨‚Ξ‚ρ‚΄‚Ά	‚¨‚Ξ‚ρ‚΄‚Ά	y•’i‚Μ‚¨‘yΨz	‚Σ‚Ύ‚ρ‚Μ‚¨‚»‚¤‚΄‚Ά	‹“s•{
‚ ‚©‚ρ	‚ ‚©‚ρ	yƒ_ƒ‚ΎEψ‰Κ‚ª‚Θ‚ΆE–π‚Ι—§‚½‚Θ‚Άz	‚Ύ‚ί‚ΎE‚±‚¤‚©‚ª‚Θ‚ΆE‚β‚­‚Ι‚½‚½‚Θ‚Ά	‹“s•{
‚¦‚°‚Β‚Θ‚Ά	‚¦‚°‚Β‚Θ‚Ά	y‚Π‚Η‚ΆEhη…‚Θz	‚Π‚Η‚ΆE‚µ‚ρ‚η‚Β‚Θ	‹“s•{
‚Δ‚κ‚±	‚Δ‚κ‚±	y‹t‚³‚άEέ‚Άα‚Άz	‚³‚©‚³‚άE‚½‚ª‚Ά‚Ώ‚ª‚Ά	‹“s•{
‚¦‚Έ‚­‚λ‚µ‚Ά	‚¦‚Έ‚­‚λ‚µ‚Ά	y‚­‚Η‚­‚Η‚µ‚ΆE‹C–΅‚ª«‚Άz	‚­‚Η‚­‚Η‚µ‚ΆE‚«‚έ‚ª‚ν‚ι‚Ά	‹“s•{
‚·‚©‚½‚ρ	‚·‚©‚½‚ρ	y©“–‚Ν‚Έ‚κE‚Ζ‚ρ‚Ώ‚ρ‚©‚ρz	‚―‚ρ‚Ζ‚¤‚Ν‚Έ‚κE‚Ζ‚ρ‚Ώ‚ρ‚©‚ρ	‹“s•{
‚Ή‚ν‚µ‚Θ‚Ά	‚Ή‚ν‚µ‚Θ‚Ά	y–Z‚µ‚ΆE—‚Ώ’…‚«‚ª‚Θ‚Άz	‚Ά‚»‚ª‚µ‚ΆE‚¨‚Ώ‚Β‚«‚ª‚Θ‚Ά	‹“s•{
‚³‚η	‚³‚η	yV•iEV‚µ‚Ά‚ΰ‚Μz	‚µ‚ρ‚Ò‚ρE‚ ‚½‚η‚µ‚Ά‚ΰ‚Μ	‹“s•{
‚·‚©‚½‚ρ	‚·‚©‚½‚ρ	y‚Ζ‚ρ‚Ώ‚ρ‚©‚ρz	‚Ζ‚ρ‚Ώ‚ρ‚©‚ρ	‹“s•{
‚ ‚©‚ρ	‚ ‚©‚ρ	yƒ_ƒE‚Ά‚―‚Θ‚Άz	‚Ύ‚ίE‚Ά‚―‚Θ‚Ά	‹“s•{
‚ ‚¶‚Θ‚Ά	‚ ‚¶‚Θ‚Ά	y”ό–΅‚µ‚­‚Θ‚Άz	‚¨‚Ά‚µ‚­‚Θ‚Ά	‹“s•{
‚Ά‚Ώ‚Ρ‚ι	‚Ά‚Ώ‚Ρ‚ι	y’²q‚Ιζ‚Α‚Δ‚Σ‚΄‚―‚ιz	‚Ώ‚ε‚¤‚µ‚Ι‚Μ‚Α‚Δ‚Σ‚΄‚―‚ι	‹“s•{
‚Ά‚η‚¤	‚Ά‚η‚¤	yG‚ιz	‚³‚ν‚ι	‹“s•{
‚ ‚ª‚ι	‚ ‚ª‚ι	y–k‚Φό‚©‚¤z	‚«‚½‚Φ‚ή‚©‚¤	‹“s•{
‚³‚ª‚ι	‚³‚ª‚ι	y“μ‚Φό‚©‚¤z	‚έ‚Θ‚έ‚Φ‚ή‚©‚¤	‹“s•{
‚Ή‚Β‚λ‚µ‚Ά	‚Ή‚Β‚λ‚µ‚Ά	y‹C–Z‚µ‚Άz	‚«‚Ί‚ν‚µ‚Ά	‹“s•{
‚Ή‚ρ‚®‚θ	‚Ή‚ρ‚®‚θ	y‰½“x‚ΰ‰½“x‚ΰz	‚Θ‚ρ‚Η‚ΰ‚Θ‚ρ‚Η‚ΰ	‹“s•{
`‚ζ‚µ	`‚ζ‚µ	y`‚µ‚Θ‚³‚Άz	`‚µ‚Θ‚³‚Ά	‹“s•{
‚©‚Θ‚ρ	‚©‚Θ‚ρ	yΆ‚ιz	‚±‚ά‚ι	‹“s•{
`‚³‚©‚Ά	`‚³‚©‚Ά	y`‚Ύ‚©‚ηE`‚Θ‚Μ‚Εz	`‚Ύ‚©‚ηE`‚Θ‚Μ‚Ε	‹“s•{
‚µ‚ρ‚Η‚Ά	‚µ‚ρ‚Η‚Ά	y”ζ‚κ‚½Eh‚Άz	‚Β‚©‚κ‚½E‚Β‚η‚Ά	‹“s•{
‚Θ‚¨‚·	‚Θ‚¨‚·	y•Π‚Γ‚―‚ιz	‚©‚½‚Γ‚―‚ι	‹“s•{
‚Ύ‚ρ‚Θ‚Ά	‚Ύ‚ρ‚Θ‚Ά	y‘εδ•vz	‚Ύ‚Ά‚¶‚ε‚¤‚Τ	‹“s•{
‚Μ‚­	‚Μ‚­	y‘ή‚­E”π‚―‚ιz	‚Η‚­E‚³‚―‚ι	‹“s•{
‚Ν‚ρ‚Θ‚θ	‚Ν‚ρ‚Θ‚θ	y‚¨‚µ‚Ζ‚β‚©E‰Ψ‚β‚©z	‚¨‚µ‚Ζ‚β‚©E‚Ν‚Θ‚β‚©	‹“s•{
‚Ω‚½‚¦‚ι	‚Ω‚½‚¦‚ι	y‚Σ‚΄‚―‚ιz	‚Σ‚΄‚―‚ι	‹“s•{
‚¨‚ά‚ρ	‚¨‚ά‚ρ	y‚¨ι\“ªz	‚¨‚ά‚ρ‚¶‚γ‚¤	‹“s•{
‚ΰ‚ή‚Θ‚Ά	‚ΰ‚ή‚Θ‚Ά	y”ό–΅‚µ‚­‚Θ‚ΆE•s–΅‚Άz	‚¨‚Ά‚µ‚­‚Θ‚ΆE‚ά‚Έ‚Ά	‹“s•{
‚―‚Α‚½‚Ά	‚―‚Α‚½‚Ά	y‚¨‚©‚µ‚ΆE•sv‹cz	‚¨‚©‚µ‚ΆE‚Σ‚µ‚¬	‹“s•{
‚µ‚Τ‚Ώ‚ρ	‚µ‚Τ‚Ώ‚ρ	yƒPƒ`z	‚―‚Ώ	‹“s•{
‚Ω‚Α‚±‚θ	‚Ω‚Α‚±‚θ	y­‚µ”ζ‚κ‚½z	‚·‚±‚µ‚Β‚©‚κ‚½	‹“s•{
‚Θ‚ρ‚¬	‚Θ‚ρ‚¬	yΆ‚Α‚½z	‚±‚ά‚Α‚½	‹“s•{
‚Ώ‚ε‚Ώ‚ε‚±‚Ξ‚ι	‚Ώ‚ε‚Ώ‚ε‚±‚Ξ‚ι	y‚µ‚α‚ª‚ήE‚¤‚Έ‚­‚ά‚ιz	‚µ‚α‚ª‚ήE‚¤‚Έ‚­‚ά‚ι	‹“s•{
‚µ‚γ‚ρ‚Ε‚ι	‚µ‚γ‚ρ‚Ε‚ι	y–΅‚ª‚ζ‚­υ‚έ‚ρ‚Ε‚Ά‚ιz	‚ ‚¶‚ª‚ζ‚­‚µ‚έ‚±‚ρ‚Ε‚Ά‚ι	‹“s•{
‚ή‚µ‚β‚µ‚Θ‚Ά	‚ή‚µ‚β‚µ‚Θ‚Ά	yyHz	‚―‚Ά‚µ‚ε‚­	‹“s•{
‚¨‚±‚¤‚±	‚¨‚±‚¤‚±	y’Π•¨z	‚Β‚―‚ΰ‚Μ	‹“s•{
‚ζ‚Ή‚ι	‚ζ‚Ή‚ι	y’‡Τ‚Ι“ό‚κ‚ιz	‚Θ‚©‚ά‚Ι‚Ά‚κ‚ι	‹“s•{
‚©‚Ά‚η‚µ‚Ά	‚©‚Ά‚η‚µ‚Ά	y‰Β¤‚Άz	‚©‚ν‚Ά‚Ά	‹“s•{
‚ί‚Ά‚Ϊ	‚ί‚Ά‚Ϊ	y‚ΰ‚Μ‚ΰ‚η‚Άz	‚ΰ‚Μ‚ΰ‚η‚Ά	‹“s•{
ƒ`ƒƒƒCƒ`ƒƒƒC	ƒ`ƒƒƒCƒ`ƒƒƒC	y‚¨•—Cz	‚¨‚Σ‚λ	‹“s•{
‚β‚Β‚·	‚β‚Β‚·	y‚¨‚ί‚©‚µ‚π‚·‚ιz	‚¨‚ί‚©‚µ‚π‚·‚ι	‹“s•{
‚¦‚η‚Ά	‚¦‚η‚Ά	y‚µ‚ρ‚Η‚ΆE•ªz	‚µ‚ρ‚Η‚ΆE‚Έ‚Ά‚Τ‚ρ	‹“s•{
‚Η‚¦‚η‚Ά	‚Η‚¦‚η‚Ά	y‚Ζ‚Δ‚Β‚ΰ‚Θ‚­E“r•ϋ‚ΰ‚Θ‚Άz	‚Ζ‚Δ‚Β‚ΰ‚Θ‚­E‚Ζ‚Ω‚¤‚ΰ‚Θ‚Ά	‹“s•{
‚Ω‚Θ	‚Ω‚Θ	y‚³‚ζ‚¤‚Θ‚ηE‚»‚κ‚Ε‚Νz	‚³‚ζ‚¤‚Θ‚ηE‚»‚κ‚Ε‚Ν	‹“s•{
‚Ν‚Ξ‚©‚θ‚³‚ρ	‚Ν‚Ξ‚©‚θ‚³‚ρ	y‚¨”ζ‚κ—lz	‚¨‚Β‚©‚κ‚³‚ά	‹“s•{
‚µ‚ε‚¤‚ΰ‚Θ‚Ά	‚µ‚ε‚¤‚ΰ‚Θ‚Ά	y‚­‚Ύ‚η‚Θ‚Άz	‚­‚Ύ‚η‚Θ‚Ά	‹“s•{
‚¦‚ρ‚Ξ‚ρ‚Ζ	‚¦‚ρ‚Ξ‚ρ‚Ζ	y¶‘z	‚ ‚Ά‚Ι‚­	‹“s•{
‚¨‚Α‚Ώ‚ρ	‚¨‚Α‚Ώ‚ρ	y³ΐ‚π‚µ‚Δ‚«‚Ώ‚ρ‚Ζΐ‚ιz	‚Ή‚Ά‚΄‚π‚µ‚Δ‚«‚Ώ‚ρ‚Ζ‚·‚ν‚ι	‹“s•{
‚©‚³‚Τ‚ι	‚©‚³‚Τ‚ι	y‘ε‚°‚³‚ΙU‚ι•‘‚¤z	‚¨‚¨‚°‚³‚Ι‚Σ‚ι‚ά‚¤	‹“s•{
‚Ά‚η‚Ώ	‚Ά‚η‚Ώ	yƒCƒ‰ƒCƒ‰‚µ‚β‚·‚Άlz	‚Ά‚η‚Ά‚η‚µ‚β‚·‚Ά‚Π‚Ζ	‹“s•{
‚ν‚β	‚ν‚β	y‚ί‚Ώ‚α‚­‚Ώ‚α‚Ι‚Θ‚ιEƒ_ƒ‚Ι‚Θ‚ιz	‚ί‚Ώ‚α‚­‚Ώ‚α‚Ι‚Θ‚ιE‚Ύ‚ί‚Ι‚Θ‚ι	‹“s•{
‚¦‚°‚Β‚Θ‚Ά	‚¦‚°‚Β‚Θ‚Ά	y’φ“x‚ª“‚Άz	‚Δ‚Ά‚Η‚ª‚Π‚Η‚Ά	‹“s•{
‚ ‚©‚ρ‚½‚κ	‚ ‚©‚ρ‚½‚κ	yΣ‹C’n‚ª‚Θ‚Άlz	‚Ά‚­‚¶‚ª‚Θ‚Ά‚Π‚Ζ	‹“s•{
‚µ‚Ξ‚­	‚µ‚Ξ‚­	y’@‚­E‰£‚ιz	‚½‚½‚­E‚Θ‚®‚ι	‹“s•{
‚«‚Ι‚µ‚Ά	‹C‚Ι‚µ‚Ά	y±Χ‚Θ‚±‚Ζ‚Ε‚ΰ‹C‚Ι‚·‚ιlz	‚³‚³‚Ά‚Θ‚±‚Ζ‚Ε‚ΰ‚«‚Ι‚·‚ι‚Π‚Ζ	‹“s•{
‚©‚Ι‚±‚±	‚©‚Ι‚±‚±	yƒMƒƒMƒE‚Ώ‚ε‚Α‚Ζ‚Ύ‚―z	‚¬‚θ‚¬‚θE‚Ώ‚ε‚Α‚Ζ‚Ύ‚―	‹“s•{
‚ ‚µ‚ ‚η‚Ά	‘«τ‚Ά	y‘Ε‚Ώγ‚°EΤJ‰οz	‚¤‚Ώ‚ ‚°E‚Ά‚λ‚¤‚©‚Ά	‹“s•{
‚Φ‚ρ‚Λ‚µ	‚Φ‚ρ‚Λ‚µ	yX‚Λ‚½‚θ•Ζ‚ή‚±‚Ζz	‚·‚Λ‚½‚θ‚Π‚ª‚ή‚±‚Ζ	‹“s•{
‚Δ‚ρ‚²	‚Δ‚ρ‚²	y«‚Σ‚΄‚―E«‹Yz	‚ν‚ι‚Σ‚΄‚―E‚Ά‚½‚Έ‚η	‹“s•{
‚β‚·‚―‚Θ‚Ά	‚β‚·‚―‚Θ‚Ά	y•i‚ª‚Θ‚­ΐ‚Α‚Ϋ‚Άz	‚Π‚ρ‚ª‚Θ‚­‚β‚·‚Α‚Ϋ‚Ά	‹“s•{
‚β‚Ά‚Ζ	‚β‚Ά‚Ζ	y‚¨‹„z	‚¨‚«‚γ‚¤	‹“s•{
‚ ‚η‚­‚½‚Ά	‚ ‚η‚­‚½‚Ά	yrX‚µ‚­—–\z	‚ ‚η‚ ‚η‚µ‚­‚η‚ρ‚Ϊ‚¤	‹“s•{
‚ ‚Ά‚³‚Ι	‚ ‚Ά‚³‚Ι	yXz	‚Ζ‚«‚Η‚«	‹“s•{
‚±[‚Ζ‚Θ	‚±[‚Ζ‚Θ	y’n–΅‚Ύ‚ªγ•iz	‚¶‚έ‚Ύ‚ª‚¶‚ε‚¤‚Π‚ρ	‹“s•{
‚Φ‚½‚ι	‚Φ‚½‚ι	y•—Χ‚β”ζ‚κ‚Ε“®‚―‚Θ‚­‚Θ‚ιz	‚©‚Ί‚β‚Β‚©‚κ‚Ε‚¤‚²‚―‚Θ‚­‚Θ‚ι	‹“s•{
‚Ύ‚Ύ‚©‚η‚Ά	‚Ύ‚Ύh‚Ά	y‰–h‚Άz	‚µ‚¨‚©‚η‚Ά	‹“s•{
‚Δ‚Έ‚ά	‚Δ‚Έ‚ά	yθ•iz	‚Δ‚¶‚Θ	‹“s•{
‚Θ‚θ‚­‚»‚ν‚ι‚Ά	‚Θ‚θ‚­‚»‚ν‚ι‚Ά	y‘ΜΩ‚ª«‚Άz	‚Δ‚Ά‚³‚Ά‚ª‚ν‚ι‚Ά	‹“s•{
‚Ν‚°‚Ώ‚ε‚λ‚―	‚Ν‚°‚Ώ‚ε‚λ‚―	yFες‚Ή‚Δ‚Ά‚ιz	‚Ά‚λ‚ ‚Ή‚Δ‚Ά‚ι	‹“s•{
‚έ‚ε‚¤‚ª‚Ι‚ν‚ι‚Ά	–»‰Α‚Ι«‚Ά	y‚ΰ‚Α‚½‚Ά‚Θ‚Άz	‚ΰ‚Α‚½‚Ά‚Θ‚Ά	‹“s•{
‚¶‚Τ‚ρ‚Η‚«	©•ª	yH–‚π‚Ζ‚ιΤz	‚µ‚ε‚­‚¶‚π‚Ζ‚ι‚¶‚©‚ρ	‹“s•{
‚―‚Θ‚ι‚Ά	‚―‚Θ‚ι‚Ά	y‘A‚ά‚µ‚Άz	‚¤‚η‚β‚ά‚µ‚Ά	‹“s•{
‚Π‚λ‚¤‚·	‚Π‚λ‚¤‚·	y‚ª‚ρ‚ΰ‚Η‚«z	‚ª‚ρ‚ΰ‚Η‚«	‹“s•{
‚«‚Έ‚Ά	‚«‚Έ‚Ά	y‰δΤz	‚ν‚ª‚ά‚ά	‹“s•{
‚β‚Ι‚±‚Ά	‚β‚Ι‚±‚Ά	y‚Πγ‚Ε‰σ‚κ‚β‚·‚Άz	‚Π‚ζ‚ν‚Ε‚±‚ν‚κ‚β‚·‚Ά	‹“s•{
‚¶‚ε‚³‚Ά‚Θ‚Ά	‚¶‚ε‚³‚Ά‚Θ‚Ά	y‹C‚ª—‚Ά‚Δ‚Ά‚Δ”²‚―–Ϊ‚ª‚Θ‚Άz	‚«‚ª‚«‚Ά‚Δ‚Ά‚Δ‚Κ‚―‚ί‚ª‚Θ‚Ά	‹“s•{
‚¶‚¶‚ή‚³‚Ά	‚¶‚¶‚ή‚³‚Ά	yC”²‚―‚Δ‚¨‚η‚Έƒ_ƒT‚Άz	‚ ‚©‚Κ‚―‚Δ‚¨‚η‚Έ‚Ύ‚³‚Ά	‹“s•{
‚¨‚Ν‚Θ‚Ι‚Ά‚­	‚¨‚Ν‚Θ‚Ιs‚­	y‚¨’ƒ‰οE‰ƒ‰ο‚Θ‚Η‚Ε‚¨ΐ•~‚Φγ‚ª‚ιz	‚¨‚Ώ‚α‚©‚ΆE‚¦‚ρ‚©‚Ά‚Θ‚Η‚Ε‚¨‚΄‚µ‚«‚Φ‚ ‚ª‚ι	‹“s•{
‚Ή‚«‚ΰ‚ρ	‚Ή‚«‚ΰ‚ρ	y‹}‚Θd–E‹}‚¬‚Μ•¨–z	‚«‚γ‚¤‚Θ‚µ‚²‚ΖE‚Ά‚»‚¬‚Μ‚ΰ‚Μ‚²‚Ζ	‹“s•{
‚²‚«‚ρ‚Ζ‚Ν‚ρ	‚²‚«‚ρ‚Ζ‚Ν‚ρ	y‹`—‚ΆE—η‹V³‚µ‚ΆE’”Jz	‚¬‚θ‚ª‚½‚ΆE‚κ‚Ά‚¬‚½‚Ύ‚µ‚ΆE‚Δ‚Ά‚Λ‚Ά	‹“s•{
‚λ[‚¶	‚λ[‚¶	yH’nz	‚λ‚¶	‹“s•{
‚ ‚Ά‚β	‚ ‚Ά‚β	y‘«z	‚ ‚µ	‹“s•{
‚¨‚Ά‚Θ‚Ά	‚¨‚Ά‚Θ‚Ά	y‚Ά‚η‚Α‚µ‚α‚ΆE‚Η‚¤‚Όz	‚Ά‚η‚Α‚µ‚α‚ΆE‚Η‚¤‚Ό	‹“s•{
‚¨‚­‚½‚Τ‚κ‚³‚ρ‚Η‚µ‚½	‚¨‚­‚½‚Τ‚κ‚³‚ρ‚Η‚µ‚½	y‚¨”ζ‚κ‚³‚ά‚Ε‚µ‚½z	‚¨‚Β‚©‚κ‚³‚ά‚Ε‚µ‚½	‹“s•{
‚¨‚―‚ρ‚½‚Ά	‚¨‚―‚ρ‚½‚Ά	y“–‘Rz	‚Ζ‚¤‚Ί‚ρ	‹“s•{
‚¨‚ά‚Α‚Ζ‚³‚ρ	‚¨‚ά‚Α‚Ζ‚³‚ρ	y‚¨‘Ò‚Ώ‚Η‚¤‚³‚άz	‚¨‚ά‚Ώ‚Η‚¤‚³‚ά	‹“s•{
‚―‚Β‚¬‚θ	‚―‚Β‚¬‚θ	yv‚Ά‚Α‚«‚θz	‚¨‚ΰ‚Ά‚Α‚«‚θ	‹“s•{
‚³‚«‚η	‚³‚«‚η	y«—z	‚µ‚ε‚¤‚η‚Ά	‹“s•{
‚µ‚α‚Α‚Ώ‚ΰ‚Θ‚Ά	‚µ‚α‚Α‚Ώ‚ΰ‚Θ‚Ά	y”n­”n­‚µ‚ΆE‚µ‚ε‚¤‚ΰ‚Θ‚Άz	‚Ξ‚©‚Ξ‚©‚µ‚ΆE‚µ‚ε‚¤‚ΰ‚Θ‚Ά	‹“s•{
‚µ‚©‚Β‚Ά	‚µ‚©‚Β‚Ά	y‚ΰ‚Α‚Ζ‚ΰ‚η‚µ‚ΆE‚µ‚Α‚©‚θ‚Ζ‚µ‚½z	‚ΰ‚Α‚Ζ‚ΰ‚η‚µ‚ΆE‚µ‚Α‚©‚θ‚Ζ‚µ‚½	‹“s•{
‚Ι‚¶‚­‚ι	‚Ι‚¶‚­‚ι	y‚Θ‚·‚θ‚Β‚―‚ιz	‚Θ‚·‚θ‚Β‚―‚ι	‹“s•{
‚η‚Α‚Ώ‚ΰ‚Θ‚Ά	‚η‚Α‚Ώ‚ΰ‚Θ‚Ά	y‘Ό¤‚ΰ‚Θ‚Άz	‚½‚ν‚Ά‚ΰ‚Θ‚Ά	‹“s•{
‚β‚ν‚β‚ν	‚β‚ν‚β‚ν	y‚¨‚Ν‚¬z	‚¨‚Ν‚¬	‹“s•{
‚¨‚ά‚­	‚¨‚ά‚­	y–z	‚ά‚­‚η	‹“s•{
‚Χ‚½	‚Χ‚½	y‹Τz	‚¬‚Α‚µ‚α	‹“s•{
‚Ε‚«‚ΰ‚ρ	‚Ε‚«‚ΰ‚ρ	y‚«o•¨z	‚Σ‚«‚Ε‚ΰ‚Μ	‹“s•{
‚ζ‚²‚έ	‚ζ‚²‚έ	yƒƒ‚ƒMz	‚ζ‚ΰ‚¬	‹“s•{
‚Ώ‚α‚Ώ‚α“ό‚κ‚ι	‚Ώ‚α‚Ώ‚α‚Ά‚κ‚ι	yΧ–‚‚π‚·‚ιz	‚¶‚α‚ά‚π‚·‚ι	‹“s•{
‚¨‚±‚Ϊ	‚¨‚±‚Ϊ	y‚Ϋ‚Α‚­‚θ‰Ί‘Κz	‚Ϋ‚Α‚­‚θ‚°‚½	‹“s•{
‚®‚¶	‚®‚¶	y‘βz	‚½‚Ά	‹“s•{
‚±‚ρ‚¶‚ε‚ν‚ι	‚±‚ρ‚¶‚ε‚ν‚ι	yΣ’n‚ª«‚Άz	‚Ά‚¶‚ª‚ν‚ι‚Ά	‹“s•{
‚Ώ‚ε‚©	‚Ώ‚ε‚©	y—‚Ώ’…‚«‚ª‚Θ‚Ά‚Ή‚Α‚©‚Ώ‚Θlz	‚¨‚Ώ‚Β‚«‚ª‚Θ‚Ά‚Ή‚Α‚©‚Ώ‚Θ‚Π‚Ζ	‹“s•{
‚ ‚η‚―‚ι	‚ ‚η‚―‚ι	yJ‚«‚ª‚ ‚ιz	‚Π‚η‚«‚ª‚ ‚ι	‹“s•{
‚¨‚Δ‚Ϊ‚ρ	‚¨‚Δ‚Ϊ‚ρ	y‚¨–~‚πg‚ν‚Έ‚Ι‚¨’ƒ‚πo‚·‚±‚Ζz	‚¨‚Ϊ‚ρ‚π‚Β‚©‚ν‚Έ‚Ι‚¨‚Ώ‚α‚π‚Ύ‚·‚±‚Ζ	‹“s•{
‚¨‚³‚ª‚θ	‚¨‚³‚ª‚θ	y‰J~‚θE‹‚¦•¨‚π‰Ί‚°‚½‚ΰ‚Μz	‚ ‚ί‚Σ‚θE‚»‚Θ‚¦‚ΰ‚Μ‚π‚³‚°‚½‚ΰ‚Μ	‹“s•{
‚¨‚Δ‚ά‚Ά‚θ	‚¨‚Δ‚ά‚Ά‚θ	yθΤ‚ª‚©‚©‚ι‚±‚Ζz	‚Δ‚ά‚ª‚©‚©‚ι‚±‚Ζ	‹“s•{
‚±‚Θ‚Ά‚Ύ‚¤‚Ώ	‚±‚Θ‚Ά‚Ύ‚¤‚Ώ	y‚±‚ΜΤEζ“ϊz	‚±‚Μ‚ ‚Ά‚ΎE‚Ή‚ρ‚¶‚Β	‹“s•{
‚ά‚Η‚·	‚ά‚Η‚·	y‚¤E•Ω‚·‚ιz	‚Β‚®‚Θ‚¤E‚Χ‚ρ‚µ‚ε‚¤‚·‚ι	‹“s•{
‚ά‚Λ‚µ	‚ά‚Λ‚µ	y^—‚π‚·‚ιlz	‚ά‚Λ‚π‚·‚ι‚Π‚Ζ	‹“s•{
‚έ‚©‚³	‚έ‚©‚³	y‚Η‚ηΔ‚«z	‚Η‚η‚β‚«	‹“s•{
‚µ‚ε‚¤‚Ρ‚ρ‚Θ	‚µ‚ε‚¤‚Ρ‚ρ‚Θ	yv‚Α‚Δ‚Ά‚½‚ζ‚θ¬‚³‚­•n‘z	‚¨‚ΰ‚Α‚Δ‚Ά‚½‚ζ‚θ‚Ώ‚Ά‚³‚­‚Π‚ρ‚»‚¤	‹“s•{
‚µ‚ά‚Β‚·‚ι	‚µ‚ά‚Β‚·‚ι	yί–ρE–ρ‚·‚ιz	‚Ή‚Β‚β‚­E‚―‚ρ‚β‚­‚·‚ι	‹“s•{
‚·‚©	‚·‚©	y‚Ν‚Έ‚κz	‚Ν‚Έ‚κ	‹“s•{
‚Λ‚Ώ‚±‚Ά	‚Λ‚Ώ‚±‚Ά	y‚µ‚Β‚±‚Άz	‚µ‚Β‚±‚Ά	‹“s•{
‚Β‚­‚θ	‚Β‚­‚θ	y‚¨hgz	‚¨‚³‚µ‚έ	‹“s•{
‚ ‚½‚ρ	‚ ‚½‚ρ	yd•Τ‚µz	‚µ‚©‚¦‚µ	‹“s•{
‚Ν‚ρ‚Ώ‚α‚η‚―	‚Ν‚ρ‚Ώ‚α‚η‚―	y’†“r”Ό’[z	‚Ώ‚γ‚¤‚Ζ‚Ν‚ρ‚Ο	‹“s•{
‚Σ‚­‚λ‚Χ‚ι	‚Σ‚­‚λ‚Χ‚ι	y‚Ω‚±‚λ‚Ρ‚ιz	‚Ω‚±‚λ‚Ρ‚ι	‹“s•{
‚©‚¦‚±‚Ζ	‚©‚¦‚±‚Ζ	yπ·z	‚±‚¤‚©‚ρ	‹“s•{
‚«‚Έ‚Β‚Θ‚Ά	‚«‚Έ‚Β‚Θ‚Ά	yS‹κ‚µ‚ΆE\‚µ–σ‚Θ‚Άz	‚±‚±‚λ‚®‚ι‚µ‚ΆE‚ΰ‚¤‚µ‚ν‚―‚Θ‚Ά	‹“s•{
‚·‚ΰ‚¶	‚·‚ΰ‚¶	yυiz	‚·‚µ	‹“s•{
‚ ‚η‚―‚Θ‚Ά	‚ ‚η‚―‚Θ‚Ά	yµ‚Ά‚ª—–\z	‚ ‚Β‚©‚Ά‚ª‚η‚ρ‚Ϊ‚¤	‹“s•{
‚©‚ρ‚±‚­‚³‚Ά	‚©‚ρ‚±‚­‚³‚Ά	yΕ‚°L‚ΆE‚«‚ΘL‚Άz	‚±‚°‚­‚³‚ΆE‚«‚Θ‚­‚³‚Ά	‹“s•{
‚ ‚Δ‚ΰ‚ρ	‚ ‚Δ‚ΰ‚ρ	y•ψ‚«z	‚Σ‚­‚Ρ‚«	‹“s•{
‚Ά‚¶‚ά‚µ‚Ά	‚Ά‚¶‚ά‚µ‚Ά	yΣ’n‰‚Άz	‚Ά‚¶‚«‚½‚Θ‚Ά	‹“s•{
‚ΰ‚η‚Ά‚Έ‚Δ	‚ΰ‚η‚Ά‚Έ‚Δ	y‘΅‚θ•¨‚π‚Ά‚½‚Ύ‚Ά‚Δ‚¨•Τ‚µ‚π‚µ‚Θ‚Ά‚±‚Ζz	‚¨‚­‚θ‚ΰ‚Μ‚π‚Ά‚½‚Ύ‚Ά‚Δ‚¨‚©‚¦‚µ‚π‚µ‚Θ‚Ά‚±‚Ζ	‹“s•{
‚¨‚Δ‚µ‚ε	‚¨‚Δ‚µ‚ε	y¬Mz	‚±‚΄‚η	‹“s•{
‚«‚³‚ρ‚¶	‚«‚³‚ρ‚¶	yl‰ω‚Α‚±‚ΆE‚Μ‚ρ‚«z	‚Π‚Ζ‚Θ‚Β‚Α‚±‚ΆE‚Μ‚ρ‚«	‹“s•{
‚ ‚ρ‚·‚ι	‚ ‚ρ‚·‚ι	yΆ‚ιE‚¨«‹V‚π‚·‚ιz	‚±‚ά‚ιE‚¨‚¶‚¬‚π‚·‚ι	‹“s•{
‚¨‚Σ‚­‚ν‚―	‚¨‚Σ‚­‚ν‚―	yδ•ª‚―z	‚¨‚·‚»‚ν‚―	‹“s•{
‚ ‚Ά‚³‚Ι	‚ ‚Ά‚³‚Ι	y‚½‚ά‚Ιz	‚½‚ά‚Ι	“ή—Η§
‚ ‚Ά‚β‚±	‚ ‚Ά‚β‚±	y‹¤—Lz	‚«‚ε‚¤‚δ‚¤	“ή—Η§
‚ ‚­‚Ώ	‚ ‚­‚Ώ	yϋ‚Μ‚Σ‚Ώ‚ªΤ‚­‚½‚Ύ‚κ‚ιz	‚­‚Ώ‚Μ‚Σ‚Ώ‚ª‚ ‚©‚­‚½‚Ύ‚κ‚ι	“ή—Η§
‚ ‚­‚ΰ‚ρ‚¶‚α‚Θ[	‚ ‚­‚ΰ‚ρ‚¶‚α‚Θ[	y‚Ύ‚ί‚Ύz	‚Ύ‚ί‚Ύ	“ή—Η§
‚ ‚―‚Μ‚Π	‚ ‚―‚Μ‚Π	y—‚“ϊz	‚ζ‚­‚¶‚Β	“ή—Η§
‚ ‚Α‚Ώ‚α‚Χ‚η	‚ ‚Α‚Ώ‚α‚Χ‚η	y‚ ‚Ώ‚η‘¤z	‚ ‚Ώ‚η‚ª‚ν	“ή—Η§
‚ ‚Α‚Ψ	‚ ‚Α‚Ψ	y‘ε•Φz	‚Ύ‚Ά‚Χ‚ρ	“ή—Η§
‚ ‚Ζ‚¦‚·‚ι	‚ ‚Ζ‚¦‚·‚ι	y“ρ‚Μ‘«‚π“¥‚ήz	‚Ι‚Μ‚ ‚µ‚π‚Σ‚ή	“ή—Η§
‚ ‚Ζ‚Ι‚α[	‚ ‚Ζ‚Ι‚α[	yζ“ϊ‚Νz	‚Ή‚ρ‚¶‚Β‚Ν	“ή—Η§
‚ ‚ά‚Ά	‚ ‚ά‚Ά	y‰Ωqz	‚©‚µ	“ή—Η§
‚ ‚ΰ	‚ ‚ΰ	y–έz	‚ΰ‚Ώ	“ή—Η§
‚ ‚β‚©‚·	‚ ‚β‚©‚·	yΆb‚π‚©‚―‚ιz	‚Ή‚ν‚π‚©‚―‚ι	“ή—Η§
‚ ‚ρ‚¶‚ε‚¤	‚ ‚ρ‚¶‚ε‚¤	y‚¤‚ά‚­z	‚¤‚ά‚­	“ή—Η§
‚Ά‚¨	‚Ά‚¨	y‹›z	‚³‚©‚Θ	“ή—Η§
‚Ά‚―‚Ά‚―	‚Ά‚―‚Ά‚―	y–β‚Ά‡‚ν‚Ήz	‚Ζ‚Ά‚ ‚ν‚Ή	“ή—Η§
‚Ά‚¶‚θ‚Β‚ή	‚Ά‚¶‚θ‚Β‚ή	y‚¤‚Έ‚­‚ά‚ιz	‚¤‚Έ‚­‚ά‚ι	“ή—Η§
‚Ά‚Α‚―	‚Ά‚Α‚―	yeΚz	‚µ‚ρ‚Ή‚«	“ή—Η§
‚Ά‚Κ	‚Ά‚Κ	y‹A‚ιz	‚©‚¦‚ι	“ή—Η§
‚Ά‚Μ‚­	‚Ά‚Μ‚­	y“®‚­z	‚¤‚²‚­	“ή—Η§
‚Ά‚ά‚³‚«	‚Ά‚ά‚³‚«	y‚Β‚Ά‚³‚Α‚«z	‚Β‚Ά‚³‚Α‚«	“ή—Η§
‚Ά‚η‚¤	‚Ά‚η‚¤	yG‚ιz	‚³‚ν‚ι	“ή—Η§
‚¤‚½‚Δ	‚¤‚½‚Δ	yξ‚―‚Θ‚Άz	‚Θ‚³‚―‚Θ‚Ά	“ή—Η§
‚¤‚ν‚©	‚¤‚ν‚©	y•\–Κz	‚Π‚ε‚¤‚ί‚ρ	“ή—Η§
‚¤‚ρ‚·‚―	‚¤‚ρ‚·‚―	y‚½‚­‚³‚ρz	‚½‚­‚³‚ρ	“ή—Η§
‚¤‚ρ‚Β‚­	‚¤‚ρ‚Β‚­	y”n­Òz	‚Ξ‚©‚ΰ‚Μ	“ή—Η§
‚¦[‚µ	‚¦[‚µ	y‘Y‰Ζz	‚µ‚³‚ρ‚©	“ή—Η§
‚¦‚η‚Ά	‚¦‚η‚Ά	y‚½‚Ά‚»‚¤A‘ε•Οz	‚½‚Ά‚»‚¤A‚½‚Ά‚Φ‚ρ	“ή—Η§
‚¨[‚ª‚Α‚»[	‚¨[‚ª‚Α‚»[	y“ª”―‚ª‚Ϊ‚³‚Ϊ‚³‚Θσ‘Τz	‚Ζ‚¤‚Ν‚Β‚ª‚Ϊ‚³‚Ϊ‚³‚Θ‚¶‚ε‚¤‚½‚Ά	“ή—Η§
‚¨‚ª	‚¨‚ª	yƒJƒƒ€ƒVz	‚©‚ί‚ή‚µ	“ή—Η§
‚¨‚¶‚γ‚Α‚³‚ρ	‚¨‚¶‚γ‚Α‚³‚ρ	y‚¨ZEz	‚¨‚¶‚γ‚¤‚µ‚ε‚­	“ή—Η§
‚¨‚½‚Ά‚ά‚Β	‚¨‚½‚Ά‚ά‚Β	y“‘ε›“ρ“°‚ΜC“ρ‰οz	‚Ζ‚¤‚Ύ‚Ά‚¶‚Ι‚ª‚Β‚Η‚¤‚Μ‚¨…ζ‚θ	“ή—Η§
‚¨‚½‚Ρ‚η	‚¨‚½‚Ρ‚η	y‚ ‚®‚ηz	‚ ‚®‚η	“ή—Η§
‚¨‚Α‚Ο‚ρ	‚¨‚Α‚Ο‚ρ	y•§‚Ι‹‚¦‚ιδ”Ρz	‚Ω‚Ζ‚―‚Ι‚»‚Θ‚¦‚ι‚²‚Ν‚ρ	“ή—Η§
‚¨‚Ζ‚λ‚µ‚Ά	‚¨‚Ζ‚λ‚µ‚Ά	y‚ν‚Έ‚η‚ν‚µ‚Άz	‚ν‚Έ‚η‚ν‚µ‚Ά	“ή—Η§
‚¨‚Ζ‚ρ‚Ϊ	‚¨‚Ζ‚ρ‚Ϊ	y––‚Αqz	‚·‚¦‚Α‚±	“ή—Η§
‚¨‚Ρ‚β‚²	‚¨‚Ρ‚β‚²	yΤqz	‚ ‚©‚²	“ή—Η§
‚¨‚ρ‚Γ‚ά‚θ	‚¨‚ρ‚Γ‚ά‚θ	y–³—‚Μ‹‰Κz	‚ή‚θ‚Μ‚―‚Α‚©	“ή—Η§
‚©‚Ά‚Ζ‚ά‚ν‚θ	‚©‚Ά‚Ζ‚ά‚ν‚θ	yƒAƒIƒ_ƒCƒVƒ‡ƒEz	‚ ‚¨‚Ύ‚Ά‚µ‚ε‚¤	“ή—Η§
‚©‚Ά‚Ν‚Β	‚©‚Ά‚Ν‚Β	y\•ª‚Ε‚Θ‚Ά‚±‚Ζz	‚¶‚γ‚¤‚Τ‚ρ‚Ε‚Θ‚Ά‚±‚Ζ	“ή—Η§
‚ª‚Ά‚λ‚­‚Ύ‚ά	‚ª‚Ά‚λ‚­‚Ύ‚ά	y‚¨‚½‚ά‚¶‚α‚­‚µz	‚¨‚½‚ά‚¶‚α‚­‚µ	“ή—Η§
‚©‚¦‚±‚Ζ	‚©‚¦‚±‚Ζ	yπ·z	‚±‚¤‚©‚ρ	“ή—Η§
‚©‚©‚θ‚ª‚ά‚Ά	‚©‚©‚θ‚ª‚ά‚Ά	yΦWz	‚©‚ρ‚―‚Ά	“ή—Η§
‚©‚­	‚©‚­	y‚Ώγ‚°‚ιz	‚ΰ‚Ώ‚ ‚°‚ι	“ή—Η§
‚©‚΄	‚©‚΄	yL‹Cz	‚µ‚γ‚¤‚«	“ή—Η§
‚ª‚µ‚ρ‚½‚κ	‚ª‚µ‚ρ‚½‚κ	y‚―‚Ώz	‚―‚Ώ	“ή—Η§
‚ª‚ρ‚¶	‚ª‚ρ‚¶	yΫ–ςz	‚ª‚ρ‚β‚­	“ή—Η§
‚«‚―‚ι	‚«‚―‚ι	y”ζ‚κ‚ιAγ‚ιz	‚Β‚©‚κ‚ιA‚ζ‚ν‚ι	“ή—Η§
‚«‚³‚ρ‚¶	‚«‚³‚ρ‚¶	y‘f’ΌA‚«‚ά‚¶‚ίz	‚·‚Θ‚¨A‚«‚ά‚¶‚ί	“ή—Η§
‚«‚Α‚µ‚ε	‚«‚Α‚µ‚ε	y‚µ‚¨‚Η‚«z	‚µ‚¨‚Η‚«	“ή—Η§
‚«‚ε‚¤‚Ζ‚Ά	‚«‚ε‚¤‚Ζ‚Ά	y‚ ‚«‚κ‚ι‚ζ‚¤‚Θz	‚ ‚«‚κ‚ι‚ζ‚¤‚Θ	“ή—Η§
‚«‚θ‚±	‚«‚θ‚±	y–έ‚πƒTƒC‚Μ–Ϊ‚Ι‚ρ‚Ύ‚ ‚η‚κz	‚ΰ‚Ώ‚π‚³‚Ά‚Μ‚ί‚Ι‚«‚΄‚ρ‚Ύ‚ ‚η‚κ	“ή—Η§
‚­‚Ά‚½‚Ώ	‚­‚Ά‚½‚Ώ	yH‚Χ‚½’Όγz	‚½‚Χ‚½‚Ώ‚ε‚­‚²	“ή—Η§
‚®‚Ά‚Ώ	‚®‚Ά‚Ώ	y‚Ώ‚®‚Ν‚®z	‚Ώ‚®‚Ν‚®	“ή—Η§
‚­‚¦‚ι	‚­‚¦‚ι	y•φ‚κ‚ιz	‚­‚Έ‚κ‚ι	“ή—Η§
‚­‚«	‚­‚«	yΨ’Πz	‚Θ‚Γ‚―	“ή—Η§
‚­‚Β‚Θ	‚­‚Β‚Θ	yΦz	‚Φ‚Ρ	“ή—Η§
‚­‚έ‚ι	‚­‚έ‚ι	y‹€‚Ώ‚ιA”­y‚·‚ιz	‚­‚Ώ‚ιA‚Ν‚Α‚±‚¤‚·‚ι	“ή—Η§
‚­‚ΰ‚¶	‚­‚ΰ‚¶	yΨ’Π•¨z	‚Θ‚Γ‚―‚ΰ‚Μ	“ή—Η§
‚®‚ι‚ί	‚®‚ι‚ί	y‡Z‚µ‚Δz	‚ª‚Α‚³‚ρ‚µ‚Δ	“ή—Η§
‚―‚Θ‚ι‚Ά	‚―‚Θ‚ι‚Ά	y‚¤‚η‚β‚ά‚µ‚Άz	‚¤‚η‚β‚ά‚µ‚Ά	“ή—Η§
‚°‚ρ‚λ‚­	‚°‚ρ‚λ‚­	y•G“ªz	‚Π‚΄‚ª‚µ‚η	“ή—Η§
‚±[‚Ζ	‚±[‚Ζ	y’n–΅z	‚¶‚έ	“ή—Η§
‚±‚­‚ά	‚±‚­‚ά	yΌ‚Μ—‚Ώ—tz	‚ά‚Β‚Μ‚¨‚Ώ‚Ξ	“ή—Η§
‚±‚±‚λ‚ν‚ι‚Ά	‚±‚±‚λ‚ν‚ι‚Ά	y‹C‚Ώ‚ª‚ζ‚­‚Θ‚ΆA•s‰υz	‚«‚ΰ‚Ώ‚ª‚ζ‚­‚Θ‚ΆA‚Σ‚©‚Ά	“ή—Η§
‚±‚·‚Ά	‚±‚·‚Ά	y‚Έ‚ι‚Άz	‚Έ‚ι‚Ά	“ή—Η§
‚±‚Α‚Ζ‚ρ	‚±‚Α‚Ζ‚ρ	y„‚Μ‰Ζz	‚ν‚½‚µ‚Μ‚Ά‚¦	“ή—Η§
‚±‚ά‚ι	‚±‚ά‚ι	y‚Ν‚³‚ά‚ιz	‚Ν‚³‚ά‚ι	“ή—Η§
‚²‚θ‚ª‚ρ	‚²‚θ‚ª‚ρ	y‹­ξÒz	‚²‚¤‚¶‚ε‚¤‚ΰ‚Μ	“ή—Η§
‚²‚ρ‚½	‚²‚ρ‚½	y‚Ά‚½‚Έ‚η‚Α‚±A«‚³‚π‚·‚ιqz	‚Ά‚½‚Έ‚η‚Α‚±A‚ν‚ι‚³‚π‚·‚ι‚±	“ή—Η§
‚³‚Ά‚ηA‚³‚Ά‚κ	‚³‚Ά‚ηA‚³‚Ά‚κ	yH“‹›z	‚³‚ρ‚ά	“ή—Η§
‚³‚©‚ή‚―	‚³‚©‚ή‚―	y‚³‚³‚­‚κz	‚³‚³‚­‚κ	“ή—Η§
‚³‚©‚ί‚Ά‚ι	‚³‚©‚ί‚Ά‚ι	yπ—z	‚µ‚γ‚η‚ρ	“ή—Η§
‚³‚­‚Ά	‚³‚­‚Ά	y‚ΰ‚λ‚Άz	‚ΰ‚λ‚Ά	“ή—Η§
‚³‚³‚θ‚©‚ρ‚¶‚ε‚¤	‚³‚³‚θ‚©‚ρ‚¶‚ε‚¤	y•K—v‚ΰ‚Θ‚Ά‚±‚Ζz	‚Π‚Β‚ζ‚¤‚ΰ‚Θ‚Ά‚±‚Ζ	“ή—Η§
‚µ‚µ‚Θ‚°	‚µ‚µ‚Θ‚°	y‰‚Άaz	‚«‚½‚Θ‚Ά‚έ‚Ό	“ή—Η§
‚µ‚Β‚Χ‚―‚θ‚α‚ [	‚µ‚Β‚Χ‚―‚θ‚α‚ [	y‚Ε‚«‚ι‚Θ‚η‚Ξz	‚Ε‚«‚ι‚Θ‚η‚Ξ	“ή—Η§
‚µ‚Θ‚±‚Ά	‚µ‚Θ‚±‚Ά	y‚β‚ν‚η‚©‚Άz	‚β‚ν‚η‚©‚Ά	“ή—Η§
‚¶‚ε‚¤‚Ύ‚θ	‚¶‚ε‚¤‚Ύ‚θ	y‚Ά‚Β‚ΰz	‚Ά‚Β‚ΰ	“ή—Η§
‚¶‚ε‚¤‚Ω‚¤	‚¶‚ε‚¤‚Ω‚¤	y—Ό•ϋz	‚θ‚ε‚¤‚Ω‚¤	“ή—Η§
‚µ‚ε[‚Τ‚ν‚―	‚µ‚ε[‚Τ‚ν‚―	y`©•ª‚―z	‚©‚½‚έ‚ν‚―	“ή—Η§
‚µ‚ι‚Ά	‚µ‚ι‚Ά	y‚Κ‚©‚ι‚ρ‚Ε‚Ά‚ιz	‚Κ‚©‚ι‚ρ‚Ε‚Ά‚ι	“ή—Η§
‚·‚¦‚©‚¦‚µ	‚·‚¦‚©‚¦‚µ	y‚¨Ξ•ιz	‚¨‚Ή‚Ά‚Ϊ	“ή—Η§
‚Έ‚­‚Έ‚­	‚Έ‚­‚Έ‚­	y‚Ρ‚µ‚ε‚Ρ‚µ‚εz	‚Ρ‚µ‚ε‚Ρ‚µ‚ε	“ή—Η§
‚Έ‚Β‚Θ‚Ά	‚Έ‚Β‚Θ‚Ά	y‘Μ’²‚ª«‚Άz	‚½‚Ά‚Ώ‚ε‚¤‚ª‚ν‚ι‚Ά	“ή—Η§
‚·‚άA‚·‚ά‚ρ‚Ύ	‚·‚άA‚·‚ά‚ρ‚Ύ	y‹χ‚Α‚±z	‚·‚έ‚Α‚±	“ή—Η§
‚Ή‚¥‚Ύ‚Ά	‚Ή‚¥‚Ύ‚Ά	yΈκ”tz	‚Ή‚Ά‚Ά‚Α‚Ο‚Ά	“ή—Η§
‚Ή‚·‚Ά	‚Ή‚·‚Ά	y—‰v‚Μ”–‚Άz	‚θ‚¦‚«‚Μ‚¤‚·‚Ά	“ή—Η§
‚Ή‚½‚η‚¤	‚Ή‚½‚η‚¤	y”w•‰‚¤z	‚Ή‚¨‚¤	“ή—Η§
‚Ή‚Ώ‚ª‚Ά‚ά‚­‚ι	‚Ή‚Ώ‚ª‚Ά‚ά‚­‚ι	yµ‚µ‚­‚µ‚©‚ιz	‚«‚Ρ‚µ‚­‚µ‚©‚ι	“ή—Η§
‚Ή‚ρ‚®‚θ	‚Ή‚ρ‚®‚θ	yX‚Ιz	‚Β‚¬‚Β‚¬‚Ι	“ή—Η§
‚Ή‚ρ‚Η	‚Ή‚ρ‚Η	y‰½“x‚ΰz	‚Θ‚ρ‚Η‚ΰ	“ή—Η§
‚Ό‚¤‚ζ‚¤	‚Ό‚¤‚ζ‚¤	y”ο—pz	‚Π‚ζ‚¤	“ή—Η§
‚»[‚Μ[	‚»[‚Μ[	y‰Ζ‰®‚Ι—ΧΪ‚·‚ι”¨z	‚©‚¨‚­‚Ι‚θ‚ρ‚Ή‚Β‚·‚ι‚Ν‚½‚―	“ή—Η§
‚½‚Ά‚±‚¤‚³‚ρ	‚½‚Ά‚±‚¤‚³‚ρ	y”wδ‚Μ’α‚Άlz	‚Ή‚½‚―‚Μ‚Π‚­‚Ά‚Π‚Ζ	“ή—Η§
‚½‚Ύ‚Ά‚ΰ	‚½‚Ύ‚Ά‚ΰ	y—Άπz	‚³‚Ζ‚Ά‚ΰ	“ή—Η§
‚½‚Θ‚ΰ‚Ζ	‚½‚Θ‚ΰ‚Ζ	y—¬‚µ‘δz	‚Θ‚ª‚µ‚Ύ‚Ά	“ή—Η§
‚½‚Ξ‚ι	‚½‚Ξ‚ι	y_•§‚Μ‘O‚©‚η‹‚¦•¨‚π‰Ί‚°‚Δ‚Ά‚½‚Ύ‚­‚±‚Ζz	‚µ‚ρ‚Τ‚Β‚Μ‚ά‚¦‚©‚η‚»‚Θ‚¦‚ΰ‚Μ‚π‚³‚°‚Δ‚Ά‚½‚Ύ‚­‚±‚Ζ	“ή—Η§
‚½‚ί	‚½‚ί	y‘΅“•i‚Μ•Τ—ηz	‚Ό‚¤‚Ζ‚¤‚Π‚ρ‚Μ‚Φ‚ρ‚κ‚Ά	“ή—Η§
‚Ύ‚ρ‚Θ‚Ά	‚Ύ‚ρ‚Θ‚Ά	y·‚µx‚¦‚Θ‚ΆA\‚ν‚Θ‚Άz	‚³‚µ‚Β‚©‚¦‚Θ‚ΆA‚©‚ά‚ν‚Θ‚Ά	“ή—Η§
‚Ώ‚ε‚Β‚­‚Ϊ‚ι	‚Ώ‚ε‚Β‚­‚Ϊ‚ι	y‚µ‚α‚ª‚ήz	‚µ‚α‚ª‚ή	“ή—Η§
‚Β‚©‚¦‚ι	‚Β‚©‚¦‚ι	y¬G‚·‚ιz	‚±‚ρ‚΄‚Β‚·‚ι	“ή—Η§
‚Β‚Χ‚Ά	‚Β‚Χ‚Ά	y‚Ε‚«‚ιz	‚Ε‚«‚ι	“ή—Η§
‚Β‚ή	‚Β‚ή	y‚έ‡‚¤z	‚±‚έ‚ ‚¤	“ή—Η§
‚Δ‚µ‚ε	‚Δ‚µ‚ε	yMz	‚³‚η	“ή—Η§
‚Ε‚η‚Ά	‚Ε‚η‚Ά	y‘ε‚«‚Άz	‚¨‚¨‚«‚Ά	“ή—Η§
‚Δ‚η‚Δ‚η	‚Δ‚η‚Δ‚η	y’©Δ‚―z	‚ ‚³‚β‚―	“ή—Η§
‚Δ‚κ‚±	‚Δ‚κ‚±	y”½‘Ξz	‚Ν‚ρ‚½‚Ά	“ή—Η§
‚Δ‚ρ‚²‚·‚ι	‚Δ‚ρ‚²‚·‚ι	y‹Y‚κ‚ιz	‚½‚ν‚ή‚κ‚ι	“ή—Η§
‚Ζ‚Ά‚κ‚ι	‚Ζ‚Ά‚κ‚ι	yζ‚θ‚ήz	‚Ζ‚θ‚±‚ή	“ή—Η§
‚Ζ‚¤‚λ‚­‚ά‚ί	‚Ζ‚¤‚λ‚­‚ά‚ί	yƒCƒ“ƒQƒ““¤z	‚Ά‚ρ‚°‚ρ‚ά‚ί	“ή—Η§
‚Ζ‚±‚¬‚θ	‚Ζ‚±‚¬‚θ	y“O’κ“I‚Ιz	‚Δ‚Α‚Δ‚Ά‚Δ‚«‚Ι	“ή—Η§
‚Ζ‚±‚Λ‚ρ	‚Ζ‚±‚Λ‚ρ	y—[—Α‚έ‚Μ‘δz	‚δ‚¤‚·‚Έ‚έ‚Μ‚Ύ‚Ά	“ή—Η§
‚Ζ‚Α‚«‚ε‚θ	‚Ζ‚Α‚«‚ε‚θ	y–~‚β³‚Θ‚Η‚Μ°‚κ‚Μ“ϊz	‚Ϊ‚ρ‚β‚µ‚ε‚¤‚ª‚Β‚Θ‚Η‚Μ‚Ν‚κ‚Μ‚Π	“ή—Η§
‚Η‚β‚®	‚Η‚β‚®	y‘εΊ‚Ε‹©‚Τz	‚¨‚¨‚²‚¦‚Ε‚³‚―‚Τ	“ή—Η§
‚Η‚β‚·	‚Η‚β‚·	y‚Θ‚®‚θ‚Ζ‚Ξ‚·z	‚Θ‚®‚θ‚Ζ‚Ξ‚·	“ή—Η§
‚Η‚λ‚±‚·	‚Η‚λ‚±‚·	y‚ ‚Σ‚κo‚ιz	‚ ‚Σ‚κ‚Ε‚ι	“ή—Η§
‚Η‚ρ‚Θ	‚Η‚ρ‚Θ	y“ª‚Μ“έ‚Άz	‚ ‚½‚ά‚Μ‚Ι‚Τ‚Ά	“ή—Η§
‚Θ‚ª‚½‚ρ	‚Θ‚ª‚½‚ρ	y•ο’z	‚Ω‚¤‚Ώ‚ε‚¤	“ή—Η§
‚Θ‚©‚Θ‚©	‚Θ‚©‚Θ‚©	y‚Η‚¤‚Ά‚½‚µ‚ά‚µ‚Δz	‚Η‚¤‚Ά‚½‚µ‚ά‚µ‚Δ	“ή—Η§
‚Θ‚ί‚­‚ΐ‚η	‚Θ‚ί‚­‚ΐ‚η	y‚Θ‚ί‚­‚¶z	‚Θ‚ί‚­‚¶	“ή—Η§
‚Θ‚ρ‚¶‚γ[	‚Θ‚ρ‚¶‚γ[	yΆ‚ιz	‚±‚ά‚ι	“ή—Η§
‚Ι‚±	‚Ι‚±	y“Ή‚©‚η—§‚Β”’‚Ά“yΊz	‚έ‚Ώ‚©‚η‚½‚Β‚µ‚λ‚Ά‚Β‚Ώ‚Ϊ‚±‚θ	“ή—Η§
‚Ι‚·‚Ά	‚Ι‚·‚Ά	y”n­‚Θz	‚Ξ‚©‚Θ	“ή—Η§
‚Λ‚«	‚Λ‚«	y‚»‚Ξz	‚»‚Ξ	“ή—Η§
‚Λ‚»	‚Λ‚»	y‚¨‚ΰ‚­‚ι‚µ‚­‹C‚Μ—‚©‚Θ‚Άlz	‚¨‚ΰ‚­‚ι‚µ‚­‚«‚Μ‚«‚©‚Θ‚Ά‚Π‚Ζ	“ή—Η§
‚Λ‚Τ‚Ώ	‚Λ‚Τ‚Ώ	y’l‘Ε‚Ώz	‚Λ‚¤‚Ώ	“ή—Η§
‚Λ‚ά‚ι	‚Λ‚ά‚ι	y‹Ψ“χ‚ª’Ι‚Άz	‚«‚ρ‚Ι‚­‚ª‚Ά‚½‚Ά	“ή—Η§
‚Ν‚¶‚µ	‚Ν‚¶‚µ	y•sz	‚Ν‚®‚«	“ή—Η§
‚Ν‚»‚ρ	‚Ν‚»‚ρ	yC‘Uz	‚µ‚γ‚¤‚Ί‚ρ	“ή—Η§
‚Ν‚Ώ‚ª‚Β‚Ύ‚Ά‚έ‚ε‚¤	‚Ν‚Ώ‚ª‚Β‚Ύ‚Ά‚έ‚ε‚¤	y”_‰Ζ‚ª‚δ‚Α‚­‚θ‚Ε‚«‚ι8‚Μ‚±‚Ζz	‚Μ‚¤‚©‚ª‚δ‚Α‚­‚θ‚Ε‚«‚ι‚Ν‚Ώ‚ª‚Β‚Μ‚±‚Ζ	“ή—Η§
‚Ν‚Α‚Ϋ‚·‚ι	‚Ν‚Α‚Ϋ‚·‚ι	y‚³‚¦‚¬‚ιz	‚³‚¦‚¬‚ι	“ή—Η§
‚Ν‚ν‚·	‚Ν‚ν‚·	y‚ΰ‚η‚Ά‚ΰ‚Μ‚π‚ζ‚»‚Φ‰ρ‚·z	‚ΰ‚η‚Ά‚ΰ‚Μ‚π‚ζ‚»‚Φ‚ά‚ν‚·	“ή—Η§
‚Ν‚ρ‚ª‚Ά	‚Ν‚ρ‚ª‚Ά	y‚ή‚©‚Β‚­z	‚ή‚©‚Β‚­	“ή—Η§
‚Ν‚ρ‚΄‚Ά‚±	‚Ν‚ρ‚΄‚Ά‚±	y„Τz	‚·‚«‚ά	“ή—Η§
‚Ν‚ρ‚Β	‚Ν‚ρ‚Β	y”‚Μ•s‘µ‚Άz	‚©‚Έ‚Μ‚Σ‚Ό‚λ‚Ά	“ή—Η§
‚Ν‚ρ‚Β	‚Ν‚ρ‚Β	y”Ό’[z	‚Ν‚ρ‚Ο	“ή—Η§
‚Π‚Έ‚©‚µ	‚Π‚Έ‚©‚µ	yΤHz	‚©‚ρ‚µ‚ε‚­	“ή—Η§
‚Π‚Ύ‚ι‚Ά	‚Π‚Ύ‚ι‚Ά	y• ‚ªΈ‚Α‚Δ—Ν‚ªo‚Θ‚Άz	‚Ν‚η‚ª‚Φ‚Α‚Δ‚Ώ‚©‚η‚ª‚Ε‚Θ‚Ά	“ή—Η§
‚Π‚Ύ‚ι‚ª‚έ	‚Π‚Ύ‚ι‚ª‚έ	yR’†‚Εo‚­‚ν‚·«—μz	‚³‚ρ‚Ώ‚γ‚¤‚Ε‚Ε‚­‚ν‚·‚ ‚­‚θ‚ε‚¤	“ή—Η§
‚Π‚Ώ‚Δ‚ρ‚²‚¤	‚Π‚Ώ‚Δ‚ρ‚²‚¤	y‚Ά‚η‚Θ‚Ά‚±‚Ζz	‚Ά‚η‚Θ‚Ά‚±‚Ζ	“ή—Η§
‚Π‚β‚±‚Ά	‚Π‚β‚±‚Ά	y—β‚½‚Άz	‚Β‚ί‚½‚Ά	“ή—Η§
‚Σ[‚·‚ι	‚Σ[‚·‚ι	y•‚π’…‚ιz	‚Σ‚­‚π‚«‚ι	“ή—Η§
‚Φ‚Ώ‚αA‚Φ‚Ώ‚α‚ή‚­‚κ	‚Φ‚Ώ‚αA‚Φ‚Ώ‚α‚ή‚­‚κ	yƒuƒTƒCƒNAƒuƒXz	‚Τ‚³‚Ά‚­A‚Τ‚·	“ή—Η§
‚Χ‚Α‚½	‚Χ‚Α‚½	yΕγA‚Ρ‚θz	‚³‚Ά‚²A‚Ρ‚θ	“ή—Η§
‚Φ‚ρ‚¶‚ε‚§‚±‚ρ‚²‚§	‚Φ‚ρ‚¶‚ε‚§‚±‚ρ‚²‚§	y‚²‚½‚²‚½‚Ά‚¤‚±‚Ζz	‚²‚½‚²‚½‚Ά‚¤‚±‚Ζ	“ή—Η§
‚Φ‚ρ‚Λ‚µ	‚Φ‚ρ‚Λ‚µ	y‚β‚«‚ΰ‚ΏAΉ“iz	‚β‚«‚ΰ‚ΏA‚µ‚Α‚Ζ	“ή—Η§
‚Ω[‚Ή‚«	‚Ω[‚Ή‚«	y‚¨‚β‚Βz	‚¨‚β‚Β	“ή—Η§
‚Ω‚°‚½‚ ‚­	‚Ω‚°‚½‚ ‚­	yϋ“‚¦‚·‚ιz	‚­‚Ώ‚²‚½‚¦‚·‚ι	“ή—Η§
‚Ω‚µ‚Ά	‚Ω‚µ‚Ά	yΙ‚µ‚Άz	‚¨‚µ‚Ά	“ή—Η§
‚Ϊ‚Α‚±	‚Ϊ‚Α‚±	y‚·‚²‚ΆA‚Π‚Η‚Άz	‚·‚²‚ΆA‚Π‚Η‚Ά	“ή—Η§
‚Ω‚Α‚±‚θ‚Ή‚ρ	‚Ω‚Α‚±‚θ‚Ή‚ρ	yv‚ν‚µ‚­‚Θ‚Άz	‚¨‚ΰ‚ν‚µ‚­‚Θ‚Ά	“ή—Η§
‚Ω‚Η‚η‚Ά	‚Ω‚Η‚η‚Ά	y“K“xA—Η‚Ά‰ΑΈz	‚Δ‚«‚ΗA‚Ά‚Ά‚©‚°‚ρ	“ή—Η§
‚Ω‚ρ	‚Ω‚ρ	y‚Ω‚ρ‚Ζ‚¤‚Ιz	‚Ω‚ρ‚Ζ‚¤‚Ι	“ή—Η§
‚Ω‚ρ‚Ύ‚Ώ	‚Ω‚ρ‚Ύ‚Ώ	y‚»‚κ‚Ε‚ΰz	‚»‚κ‚Ε‚ΰ	“ή—Η§
‚Ω‚ρ‚ά	‚Ω‚ρ‚ά	y‚Ω‚ρ‚Ζ‚¤z	‚Ω‚ρ‚Ζ‚¤	“ή—Η§
‚Ω‚ρ‚ά‚ΙH	‚Ω‚ρ‚ά‚ΙH	y‚Ω‚ρ‚Ζ‚¤‚ΙHz	‚Ω‚ρ‚Ζ‚¤‚ΙH	“ή—Η§
‚ά‚Ά‚Δ	‚ά‚Ά‚Δ	y’‡Τ‚Ι“ό‚κ‚Δz	‚Θ‚©‚ά‚Ι‚Ά‚κ‚Δ	“ή—Η§
‚ά‚­‚Ξ‚ι	‚ά‚­‚Ξ‚ι	yκ—l‚Ι‚Ά‚«‚ν‚½‚ιz	‚Ά‚Ώ‚ζ‚¤‚Ι‚Ά‚«‚ν‚½‚ι	“ή—Η§
‚ά‚½‚Ά	‚ά‚½‚Ά	y‚¨‚Α‚Ζ‚θ‚µ‚Δ‚Ά‚ιA‚Μ‚ρ‚Ρ‚θ‚µ‚Δ‚Ά‚ιz	‚¨‚Α‚Ζ‚θ‚µ‚Δ‚Ά‚ιA‚Μ‚ρ‚Ρ‚θ‚µ‚Δ‚Ά‚ι	“ή—Η§
‚ά‚Α‚µ‚«	‚ά‚Α‚µ‚«	y‚ά‚Α‚½‚­z	‚ά‚Α‚½‚­	“ή—Η§
‚ά‚Ζ‚¤	‚ά‚Ζ‚¤	y•Ω‚·‚ιz	‚Χ‚ρ‚µ‚ε‚¤‚·‚ι	“ή—Η§
‚ά‚Λ‚­‚»	‚ά‚Λ‚­‚»	y‚Ω‚ρ‚Μ­‚µz	‚Ω‚ρ‚Μ‚·‚±‚µ	“ή—Η§
‚ά‚ν‚θ	‚ά‚ν‚θ	y€”υz	‚¶‚γ‚ρ‚Ρ	“ή—Η§
‚ή‚©‚¶	‚ή‚©‚¶	y•S‘«z	‚ή‚©‚Ε	“ή—Η§
‚ή‚©‚ν‚θ	‚ή‚©‚ν‚θ	yκόυz	‚Ά‚Α‚µ‚γ‚¤‚«	“ή—Η§
‚ή‚°‚Α‚µ‚ε	‚ή‚°‚Α‚µ‚ε	y–³”ίz	‚ή‚¶‚Π	“ή—Η§
‚ή‚Λ‚β‚ά	‚ή‚Λ‚β‚ά	y¤–TRz	‚¤‚Λ‚Ρ‚β‚ά	“ή—Η§
‚ί‚ρ‚Έ‚θ‚Ω‚Η	‚ί‚ρ‚Έ‚θ‚Ω‚Η	y‚ν‚Έ‚©z	‚ν‚Έ‚©	“ή—Η§
‚ί‚ρ‚ί	‚ί‚ρ‚ί	y‚ν‚½‚µAe©A©•ª©gz	‚ν‚½‚µA‚©‚­‚¶A‚¶‚Τ‚ρ‚¶‚µ‚ρ	“ή—Η§
‚ΰ‚ή‚Θ‚Ά	‚ΰ‚ή‚Θ‚Ά	y‚¨‚Ά‚µ‚­‚Θ‚ΆA‚ά‚Έ‚Άz	‚¨‚Ά‚µ‚­‚Θ‚ΆA‚ά‚Έ‚Ά	“ή—Η§
‚β‚­‚½‚Ά	‚β‚­‚½‚Ά	yθ‚Μ‚Β‚―‚ζ‚¤‚ΰ‚Θ‚Άz	‚Δ‚Μ‚Β‚―‚ζ‚¤‚ΰ‚Θ‚Ά	“ή—Η§
‚β‚Ι‚±‚Ά	‚β‚Ι‚±‚Ά	y‘e«‚Ε•nγ‚Θz	‚»‚ ‚­‚Ε‚Π‚ρ‚¶‚α‚­‚Θ	“ή—Η§
‚ζ‚¤‚Έ	‚ζ‚¤‚Έ	y‚ή‚µ‚ή‚µ‹‚Άz	‚ή‚µ‚ή‚µ‚ ‚Β‚Ά	“ή—Η§
‚ζ[‚Έ	‚ζ[‚Έ	y”~‰J‚Μφ‚µ‹‚Ά“Vσz	‚Β‚δ‚Μ‚ή‚µ‚ ‚Β‚Ά‚Δ‚ρ‚±‚¤	“ή—Η§
‚ζ‚­‚Ή‚«	‚ζ‚­‚Ή‚«	y‚ζ‚Ω‚ΗA‚ζ‚­‚ζ‚­z	‚ζ‚Ω‚ΗA‚ζ‚­‚ζ‚­	“ή—Η§
‚ζ‚±‚·‚Α‚Ϋ	‚ζ‚±‚·‚Α‚Ϋ	y‰΅–Κz	‚ζ‚±‚Γ‚η	“ή—Η§
‚ζ‚³‚θ	‚ζ‚³‚θ	y–ιz	‚ζ‚ι	“ή—Η§
‚ζ‚Ξ‚κ‚ι	‚ζ‚Ξ‚κ‚ι	y‚²‚Ώ‚»‚¤‚Ι‚Θ‚ιAH‚Χ‚ιz	‚²‚Ώ‚»‚¤‚Ι‚Θ‚ιA‚½‚Χ‚ι	“ή—Η§
‚λ‚Α‚­	‚λ‚Α‚­	y•½’RA•½‚ηz	‚Φ‚Ά‚½‚ρA‚½‚Ά‚η	“ή—Η§
‚ ‚½	‚ ‚½	y‚ ‚Θ‚½z	‚ ‚Θ‚½	F–{§
‚ ‚Ά‚½	‚ ‚Ά‚½	y΄’Q‚ΜΎ—tz	‚©‚ρ‚½‚ρ‚Μ‚±‚Ζ‚Ξ	F–{§
‚ ‚­‚µ‚α‚¤‚Β	‚ ‚­‚µ‚α‚¤‚Β	yƒCƒ‰ƒCƒ‰‚·‚ιz	‚Ά‚η‚Ά‚η‚·‚ι	F–{§
‚ ‚²	‚ ‚²	y››—‹ό‚πq‚Χ‚ι—lqEs“®‚ª”Ί‚Α‚Δ‚Ά‚Θ‚Άz	‚Φ‚θ‚­‚Β‚π‚Μ‚Χ‚ι‚ζ‚¤‚·E‚±‚¤‚Η‚¤‚ª‚Ζ‚ΰ‚Θ‚Α‚Δ‚Ά‚Θ‚Ά	F–{§
‚ ‚Α‚Ώ‚α‚ρ	‚ ‚Α‚Ώ‚α‚ρ	y‚ ‚Α‚ΏE‚ ‚»‚±z	‚ ‚Α‚ΏE‚ ‚»‚±	F–{§
‚ ‚Η	‚ ‚Η	yC‚Μ‚©‚©‚Ζ•”•ªz	‚­‚Β‚Μ‚©‚©‚Ζ‚Τ‚Τ‚ρ	F–{§
‚ ‚Ζ‚Ί‚«	‚ ‚Ζ‚Ί‚«	yJ‚―‚½”ΰ‚Θ‚Η‚πΕγ‚ά‚Ε•Β‚ί‚ιz	‚ ‚―‚½‚Ζ‚Ρ‚η‚Θ‚Η‚π‚³‚Ά‚²‚ά‚Ε‚µ‚ί‚ι	F–{§
‚ ‚η‚­‚½‚ά‚µ‚Ά	‚ ‚η‚­‚½‚ά‚µ‚Ά	yrX‚µ‚ΆE‘eGz	‚ ‚η‚ ‚η‚µ‚ΆE‚»‚΄‚Β	F–{§
‚ ‚ι‚µ‚±	‚ ‚ι‚µ‚±	y‚ ‚ι‚Ύ‚―z	‚ ‚ι‚Ύ‚―	F–{§
‚ ‚µ‚±	‚ ‚µ‚±	y‚ ‚κ‚Ύ‚―z	‚ ‚κ‚Ύ‚―	F–{§
‚Ά‚½‚η‚ρ‚±‚Β	‚Ά‚½‚η‚ρ‚±‚Β	y—]v‚Θ‚±‚ΖE«‚Ά‚±‚Ζz	‚ζ‚―‚Ά‚Θ‚±‚ΖE‚ν‚ι‚Ά‚±‚Ζ	F–{§
‚Ά‚Α‚Ώ‚ε‚ρ	‚Ά‚Α‚Ώ‚ε‚ρ	y‘S‚­z	‚ά‚Α‚½‚­	F–{§
‚Ά‚έ‚ι	‚Ά‚έ‚ι	y‘‚¦‚ιz	‚Σ‚¦‚ι	F–{§
‚Ά‚β‚µ‚©	‚Ά‚β‚µ‚©	yH‚Χ•ϋ‚Μƒ}ƒi[‚ª«‚ΆEH‚Άs‚­‚·z	‚½‚Χ‚©‚½‚Μ‚ά‚Θ[‚ª‚ν‚ι‚ΆE‚­‚Ά‚Β‚­‚·	F–{§
‚¤‚Α‚Ώ‚ε‚­	‚¤‚Α‚Ώ‚ε‚­	y’u‚Ά‚Δ‚Ά‚­z	‚¨‚Ά‚Δ‚Ά‚­	F–{§
‚¤‚µ‚Β‚ι	‚¤‚µ‚Β‚ι	yΜ‚Δ‚ιz	‚·‚Δ‚ι	F–{§
‚¤‚Α‚­‚΄‚ι	‚¤‚Α‚­‚΄‚ι	y‰σ‚κ‚ιz	‚±‚ν‚κ‚ι	F–{§
‚¦[‚­‚η‚¤	‚¦[‚­‚η‚¤	y‚Α•¥‚Άz	‚ζ‚Α‚Ο‚η‚Ά	F–{§
‚¦‚¦‚±‚λ‚©‚°‚ρ	‚¦‚¦‚±‚λ‚©‚°‚ρ	y“K“–z	‚Δ‚«‚Ζ‚¤	F–{§
‚¦‚µ‚κ‚ρ	‚¦‚µ‚κ‚ρ	y‚ζ‚­•ª‚©‚η‚Θ‚ΆE•s‹C–΅z	‚ζ‚­‚ν‚©‚η‚Θ‚ΆE‚Τ‚«‚έ	F–{§
‚¦‚¶[E‚¨‚¶[	‚¦‚¶[E‚¨‚¶[	y•|‚Άz	‚±‚ν‚Ά	F–{§
‚¦‚η‚Ά	‚¦‚η‚Ά	y‚½‚­‚³‚ρz	‚½‚­‚³‚ρ	F–{§
‚¨‚±‚Θ‚¦‚ρ‚Ξ‚Ά	‚¨‚±‚Θ‚¦‚ρ‚Ξ‚Ά	y‚Η‚¤‚µ‚ζ‚¤‚ΰ‚Θ‚Άz	‚Η‚¤‚µ‚ζ‚¤‚ΰ‚Θ‚Ά	F–{§
‚¨‚²‚η‚κ‚ι	‚¨‚²‚η‚κ‚ι	y“{‚η‚κ‚ιz	‚¨‚±‚η‚κ‚ι	F–{§
‚¨‚Η‚ρ	‚¨‚Η‚ρ	y„z	‚ν‚½‚µ	F–{§
‚¨‚Π‚ί‚³‚ρ	‚¨‚Π‚ί‚³‚ρ	y‚ΰ‚Μ‚ΰ‚η‚Άz	‚ΰ‚Μ‚ΰ‚η‚Ά	F–{§
‚¨‚ί‚­	‚¨‚ί‚­	y‹©‚Τz	‚³‚―‚Τ	F–{§
‚¨‚ι	‚¨‚ι	y‚Ά‚ιz	‚Ά‚ι	F–{§
‚¨‚λ‚ζ‚©	‚¨‚λ‚ζ‚©	y‚ ‚ά‚θ‚Ά‚Ά‚ΰ‚Μ‚Ε‚Ν‚Θ‚Άz	‚ ‚ά‚θ‚Ά‚Ά‚ΰ‚Μ‚Ε‚Ν‚Θ‚Ά	F–{§
‚©‚©‚¶‚ι	‚©‚©‚¶‚ι	y‚©‚«‚ή‚µ‚ιz	‚©‚«‚ή‚µ‚ι	F–{§
‚©‚²‚ή	‚©‚²‚ή	y‚µ‚α‚ª‚ήz	‚µ‚α‚ª‚ή	F–{§
‚©‚Ή	‚©‚Ή	yθ“`‚Άz	‚Δ‚Β‚Ύ‚Ά	F–{§
‚©‚½‚ι	‚©‚½‚ι	y‰Α‚ν‚ιz	‚­‚ν‚ν‚ι	F–{§
‚©‚Β‚ª‚Β	‚©‚Β‚ª‚Β	y“s“xE­‚µ‚Έ‚Βz	‚Β‚ΗE‚·‚±‚µ‚Έ‚Β	F–{§
‚©‚Β‚κ‚ι	‚©‚Β‚κ‚ι	yQ‚Δ‚ΔH‚Χ‚ιz	‚ ‚ν‚Δ‚Δ‚½‚Χ‚ι	F–{§
‚©‚Τ‚ι	‚©‚Τ‚ι	yσ‚―‚ιz	‚¤‚―‚ι	F–{§
‚ª‚ά‚Ύ‚·	‚ª‚ά‚Ύ‚·	yζ’£‚ιz	‚ª‚ρ‚Ξ‚ι	F–{§
‚©‚η‚¤	‚©‚η‚¤	y”w•‰‚¤z	‚Ή‚¨‚¤	F–{§
‚©‚ρ‚Θ‚µ	‚©‚ρ‚Θ‚µ	y‰ΑΈ‚π’m‚η‚Θ‚Άz	‚©‚°‚ρ‚π‚µ‚η‚Θ‚Ά	F–{§
‚«‚Θ	‚«‚Θ	y‰©Fz	‚«‚Ά‚λ	F–{§
‚«‚Θ‚Α‚Ή	‚«‚Θ‚Α‚Ή	y‚±‚±‚Ι‚¨‚Ά‚Εz	‚±‚±‚Ι‚¨‚Ά‚Ε	F–{§
‚«‚Ρ‚ι	‚«‚Ρ‚ι	y‚­‚­‚ιE‹‚Τz	‚­‚­‚ιE‚ή‚·‚Τ	F–{§
‚¬‚α‚ρ	‚¬‚α‚ρ	y‚±‚ρ‚Θ΄‚¶‚Εz	‚±‚ρ‚Θ‚©‚ρ‚¶‚Ε	F–{§
‚­‚λ‚Ώ	‚­‚λ‚Ώ	y“ΰoz	‚Θ‚Ά‚µ‚γ‚Α‚―‚Β	F–{§
‚°‚³‚Α‚©	‚°‚³‚Α‚©	y‰Ί•iz	‚°‚Π‚ρ	F–{§
‚―‚Β‚ά‚Γ‚­	‚―‚Β‚ά‚Γ‚­	y“]‚Τz	‚±‚λ‚Τ	F–{§
‚±‚·‚©	‚±‚·‚©	yƒPƒ`z	‚―‚Ώ	F–{§
‚±‚·‚½‚­‚θ‚ρ	‚±‚·‚½‚­‚θ‚ρ	yƒPƒ`‚Θlz	‚―‚Ώ‚Θ‚Π‚Ζ	F–{§
‚±‚Γ‚ή	‚±‚Γ‚ή	yΟ‚ήz	‚Β‚ή	F–{§
‚³‚©‚½‚­‚θ	‚³‚©‚½‚­‚θ	y‹t‚³‚άz	‚³‚©‚³‚ά	F–{§
‚³‚µ‚ζ‚θ	‚³‚µ‚ζ‚θ	y‚Ζ‚θ‚ ‚¦‚Έz	‚Ζ‚θ‚ ‚¦‚Έ	F–{§
‚³‚λ‚­	‚³‚λ‚­	y‚¤‚λ‚¤‚λ‚·‚ιz	‚¤‚λ‚¤‚λ‚·‚ι	F–{§
‚³‚ρ	‚³‚ρ	y•ϋp‚β•ϋό‚Μw¦‚Ι‚Β‚­Ύ—tz	‚Ω‚¤‚ª‚­‚β‚Ω‚¤‚±‚¤‚Μ‚µ‚¶‚Ι‚Β‚­‚±‚Ζ‚Ξ	F–{§
‚µ‚©‚Τ‚ι	‚µ‚©‚Τ‚ι	yR‚η‚·z	‚ΰ‚η‚·	F–{§
‚µ‚«‚ι	‚µ‚«‚ι	y‚Ε‚«‚ιz	‚Ε‚«‚ι	F–{§
‚µ‚±‚ι	‚µ‚±‚ι	y‚©‚Α‚±‚Β‚―‚ιz	‚©‚Α‚±‚Β‚―‚ι	F–{§
‚¶‚¶	‚¶‚¶	y‹›z	‚³‚©‚Θ	F–{§
‚µ‚Ώ‚α‚©‚Ώ‚α	‚µ‚Ώ‚α‚©‚Ώ‚α	y‚ί‚Ώ‚α‚­‚Ώ‚αz	‚ί‚Ώ‚α‚­‚Ώ‚α	F–{§
‚µ‚α‚ρ‚ΰ‚Α‚Ε‚ρ	‚µ‚α‚ρ‚ΰ‚Α‚Ε‚ρ	y‚Η‚¤‚µ‚Δ‚ΰz	‚Η‚¤‚µ‚Δ‚ΰ	F–{§
‚¶‚γ‚Α‚½‚ρ‚Ϊ	‚¶‚γ‚Α‚½‚ρ‚Ϊ	y‚®‚Ώ‚α‚®‚Ώ‚α‚Θ“c‚ρ‚Ϊz	‚®‚Ώ‚α‚®‚Ώ‚α‚Θ‚½‚ρ‚Ϊ	F–{§
‚µ‚ε‚ρ‚Θ‚©	‚µ‚ε‚ρ‚Θ‚©	yd•ϋ‚ª‚Θ‚Άz	‚µ‚©‚½‚ª‚Θ‚Ά	F–{§
‚Έ‚ρ‚Ύ‚κ	‚Έ‚ρ‚Ύ‚κ	y‚Ύ‚η‚µ‚ª‚Θ‚Άz	‚Ύ‚η‚µ‚ª‚Θ‚Ά	F–{§
‚Ή‚©‚η‚µ‚©	‚Ή‚©‚η‚µ‚©	y‚¤‚ι‚³‚Άz	‚¤‚ι‚³‚Ά	F–{§
‚Ή‚Ή‚­‚ι	‚Ή‚Ή‚­‚ι	yG‚ιE‚Ά‚¶‚ιz	‚³‚ν‚ιE‚Ά‚¶‚ι	F–{§
‚»[‚Ι‚α	‚»[‚Ι‚α	y‚Ζ‚Δ‚ΰz	‚Ζ‚Δ‚ΰ	F–{§
‚»‚¤‚·‚Α‚Ζ‚µ‚α‚ª	‚»‚¤‚·‚Α‚Ζ‚µ‚α‚ª	y‚»‚¤‚·‚ι‚Ζz	‚»‚¤‚·‚ι‚Ζ	F–{§
‚»‚θ‚­‚θ‚©‚¦‚ι	‚»‚θ‚­‚θ‚©‚¦‚ι	y‚Μ‚―‚Ό‚ιz	‚Μ‚―‚Ό‚ι	F–{§
‚Ό‚λ‚Ρ‚­	‚Ό‚λ‚Ρ‚­	yψ‚«‚Έ‚ιz	‚Π‚«‚Έ‚ι	F–{§
‚½‚«‚ν‚ι	‚½‚«‚ν‚ι	y”jY‚·‚ιz	‚Ν‚³‚ρ‚·‚ι	F–{§
‚½‚ά‚ª‚ι	‚½‚ά‚ª‚ι	y‚Ρ‚Α‚­‚θ‚·‚ιz	‚Ρ‚Α‚­‚θ‚·‚ι	F–{§
‚Ώ‚¬‚ι	‚Ώ‚¬‚ι	y‚ΰ‚¬ζ‚ιz	‚ΰ‚¬‚Ζ‚ι	F–{§
‚Ώ‚α‚ρ‚©‚η	‚Ώ‚α‚ρ‚©‚η	y‘e«•iz	‚»‚ ‚­‚Π‚ρ	F–{§
‚Β	‚Β	y‚©‚³‚Τ‚½z	‚©‚³‚Τ‚½	F–{§
‚Β‚­‚¶‚ι	‚Β‚­‚¶‚ι	yG‚ιz	‚³‚ν‚ι	F–{§
‚Β‚­‚κ‚ρ	‚Β‚­‚κ‚ρ	y‚Β‚ά‚η‚Θ‚Άz	‚Β‚ά‚η‚Θ‚Ά	F–{§
‚Β‚Α‚Ϋ‚®	‚Β‚Α‚Ϋ‚®	y‚π‚ ‚―‚ιz	‚ ‚Θ‚π‚ ‚―‚ι	F–{§
‚Β‚ί‚ι	‚Β‚ί‚ι	y®‚π•Β‚ί‚ιz	‚©‚¬‚π‚µ‚ί‚ι	F–{§
‚Δ‚Δ‚ρ‚²	‚Δ‚Δ‚ρ‚²	yθ—V‚Ρz	‚Δ‚ ‚»‚Ρ	F–{§
‚Ε‚Χ‚»	‚Ε‚Χ‚»	y–Ϊ—§‚Ώ‚½‚ª‚θ‰®z	‚ί‚Ύ‚Ώ‚½‚ª‚θ‚β	F–{§
‚Δ‚κ‚Α‚Ζ	‚Δ‚κ‚Α‚Ζ	y‚Ϊ[‚Α‚Ζ‚µ‚Δ‚Ά‚ι—lqz	‚Ϊ[‚Α‚Ζ‚µ‚Δ‚Ά‚ι‚ζ‚¤‚·	F–{§
‚Η[‚µ	‚Η[‚µ	y‚·‚²‚Άz	‚·‚²‚Ά	F–{§
‚Η‚°‚Ύ‚Α‚©	‚Η‚°‚Ύ‚Α‚©	yέ‚ΰ‚½‚κ‚·‚ι‚Ω‚Η‚Μ”Z‚³E”hθ‚³z	‚Ά‚ΰ‚½‚κ‚·‚ι‚Ω‚Η‚Μ‚±‚³E‚Ν‚Ε‚³	F–{§
‚Ζ‚²‚¦‚ι	‚Ζ‚²‚¦‚ι	y‚Σ‚΄‚―‚ιz	‚Σ‚΄‚―‚ι	F–{§
‚Ζ‚Β‚―‚ή‚Ι‚α[	‚Ζ‚Β‚―‚ή‚Ι‚α[	y‚Ζ‚ρ‚Ε‚ΰ‚Θ‚Άz	‚Ζ‚ρ‚Ε‚ΰ‚Θ‚Ά	F–{§
‚Η‚ρ‚±‚ρ	‚Η‚ρ‚±‚ρ	y‚Η‚¤‚ΰ‚±‚¤‚ΰz	‚Η‚¤‚ΰ‚±‚¤‚ΰ	F–{§
‚Θ‚¨‚·	‚Θ‚¨‚·	y•Π‚Γ‚―‚ιz	‚©‚½‚Γ‚―‚ι	F–{§
‚Θ‚µ‚©	‚Θ‚µ‚©	y‚Θ‚Ίz	‚Θ‚Ί	F–{§
‚Θ‚Ξ‚ρ‚²‚Β	‚Θ‚Ξ‚ρ‚²‚Β	y‘ε—ΚE‚Ζ‚Δ‚ΰz	‚½‚Ά‚θ‚ε‚¤E‚Ζ‚Δ‚ΰ	F–{§
‚Θ‚ρ‚²‚Β	‚Θ‚ρ‚²‚Β	y‰½–z	‚Θ‚Ι‚²‚Ζ	F–{§
‚Θ‚ρ‚³‚ά	‚Θ‚ρ‚³‚ά	y‚Ζ‚Ι‚©‚­z	‚Ζ‚Ι‚©‚­	F–{§
‚Θ‚ρ‚Ζ‚ρ‚Β‚­‚κ‚ρ	‚Θ‚ρ‚Ζ‚ρ‚Β‚­‚κ‚ρ	y‚­‚Ύ‚η‚Θ‚Άz	‚­‚Ύ‚η‚Θ‚Ά	F–{§
‚Ι‚­‚¶	‚Ι‚­‚¶	y™–΅z	‚Ά‚β‚έ	F–{§
‚Κ‚·‚―	‚Κ‚·‚―	y‚ά‚Κ‚―z	‚ά‚Κ‚―	F–{§
‚Λ‚ά‚ι	‚Λ‚ά‚ι	y•…‚ιz	‚­‚³‚ι	F–{§
‚Λ‚ρ‚©‚©‚ι	‚Λ‚ρ‚©‚©‚ι	y‚ΰ‚½‚κ‚©‚©‚ιz	‚ΰ‚½‚κ‚©‚©‚ι	F–{§
‚Μ‚¤‚Θ‚ι	‚Μ‚¤‚Θ‚ι	y‚Θ‚­‚Θ‚ιz	‚Θ‚­‚Θ‚ι	F–{§
‚Μ‚³‚ι	‚Μ‚³‚ι	y“όθ‚·‚ιE‚ΰ‚η‚¤z	‚Ι‚γ‚¤‚µ‚γ‚·‚ιE‚ΰ‚η‚¤	F–{§
‚Ν‚Ά‚ζ	‚Ν‚Ά‚ζ	y‚­‚Ύ‚³‚Άz	‚­‚Ύ‚³‚Ά	F–{§
‚Ν‚ª‚Ά‚©	‚Ν‚ª‚Ά‚©	y‰χ‚µ‚Άz	‚­‚β‚µ‚Ά	F–{§
‚Ξ‚½‚­‚η‚¤	‚Ξ‚½‚­‚η‚¤	y–Z‚µ‚Άz	‚Ά‚»‚ª‚µ‚Ά	F–{§
‚Ξ‚Ώ‚©‚Τ‚ι	‚Ξ‚Ώ‚©‚Τ‚ι	y”±‚ª“–‚½‚ιz	‚Ξ‚Ώ‚ª‚ ‚½‚ι	F–{§
‚Ξ‚Ώ‚­‚θ‚©‚β‚·	‚Ξ‚Ώ‚­‚θ‚©‚β‚·	y‚Π‚Α‚­‚θ•Τ‚·z	‚Π‚Α‚­‚θ‚©‚¦‚·	F–{§
‚Ν‚Α‚Δ‚­	‚Ν‚Α‚Δ‚­	ys‚­z	‚Ά‚­	F–{§
‚Ν‚ν‚­	‚Ν‚ν‚­	y‘|‚­z	‚Ν‚­	F–{§
‚Π‚Ύ‚ι‚©	‚Π‚Ύ‚ι‚©	y‹σ• z	‚­‚¤‚Σ‚­	F–{§
‚Π‚Α‚«‚α‚Τ‚ι	‚Π‚Α‚«‚α‚Τ‚ι	yψ‚«‚Ώ‚¬‚ιz	‚Π‚«‚Ώ‚¬‚ι	F–{§
‚Ρ‚Α‚µ‚α‚®	‚Ρ‚Α‚µ‚α‚®	y‚Ψ‚Ώ‚α‚ρ‚±z	‚Ψ‚Ώ‚α‚ρ‚±	F–{§
‚Π‚Α‚Ζo‚ι	‚Π‚Α‚Ζ‚Ε‚ι	yo‚ιz	‚Ε‚ι	F–{§
‚Σ	‚Σ	y‰^z	‚¤‚ρ	F–{§
‚Σ‚Ή	‚Σ‚Ή	y•z‚Μp‚¬‚ ‚Δz	‚Κ‚Μ‚Μ‚Β‚¬‚ ‚Δ	F–{§
‚Σ‚Ζ‚Θ‚ι	‚Σ‚Ζ‚Θ‚ι	y¬’·‚·‚ιz	‚Ή‚Ά‚Ώ‚ε‚¤‚·‚ι	F–{§
‚Ω‚®‚ι	‚Ω‚®‚ι	y‚ª‚ ‚­z	‚ ‚Θ‚ª‚ ‚­	F–{§
‚Ϋ‚·	‚Ϋ‚·	y‹}‚Ιo‚Δ‚­‚ι‹[‰Ήz	‚«‚γ‚¤‚Ι‚Ε‚Δ‚­‚ι‚¬‚¨‚ρ	F–{§
‚Ω‚β	‚Ω‚β	y“d‹…z	‚Ε‚ρ‚«‚γ‚¤	F–{§
‚Ω‚ρ‚Θ	‚Ω‚ρ‚Θ	y–{“–z	‚Ω‚ρ‚Ζ‚¤	F–{§
‚ά‚Α‚Ϋ‚µ	‚ά‚Α‚Ϋ‚µ	yƒhƒ“ƒsƒVƒƒz	‚Η‚ρ‚Ò‚µ‚α	F–{§
‚ά‚Ώ[‚Α‚Ζ	‚ά‚Ώ[‚Α‚Ζ	y‚ΰ‚¤­‚µz	‚ΰ‚¤‚·‚±‚µ	F–{§
‚ά‚ρ‚ά‚ρ‚³‚ρ	‚ά‚ρ‚ά‚ρ‚³‚ρ	y•§’dz	‚Τ‚Β‚Ύ‚ρ	F–{§
‚έ‚ε[‚Θ‚©	‚έ‚ε[‚Θ‚©	y–­‚ΘE‹C‚Ώ«‚Ά΄‚¶z	‚έ‚ε‚¤‚ΘE‚«‚ΰ‚Ώ‚ν‚ι‚Ά‚©‚ρ‚¶	F–{§
‚ή‚µ‚α‚ρ‚ζ‚©	‚ή‚µ‚α‚ρ‚ζ‚©	y‚Ζ‚Δ‚ΰ‚Ά‚Άz	‚Ζ‚Δ‚ΰ‚Ά‚Ά	F–{§
‚ή‚Λ‚±‚ρ	‚ή‚Λ‚±‚ρ	y”[“Ύ‚Ε‚«‚Θ‚Άz	‚Θ‚Α‚Ζ‚­‚Ε‚«‚Θ‚Ά	F–{§
‚ή‚Ό‚η‚µ‚©	‚ή‚Ό‚η‚µ‚©	y‚©‚ν‚Ά‚Άz	‚©‚ν‚Ά‚Ά	F–{§
‚ΰ‚ΰ‚½‚®‚η	‚ΰ‚ΰ‚½‚®‚η	y‘Ύ‚ΰ‚ΰz	‚Σ‚Ζ‚ΰ‚ΰ	F–{§
‚β‚¨‚Ά‚©‚ρ	‚β‚¨‚Ά‚©‚ρ	y‘ε•Οz	‚½‚Ά‚Φ‚ρ	F–{§
‚β‚Ί‚η‚µ‚©	‚β‚Ί‚η‚µ‚©	y‚¤‚Α‚Ζ‚¤‚µ‚Άz	‚¤‚Α‚Ζ‚¤‚µ‚Ά	F–{§
‚δ‚Ύ‚κ	‚δ‚Ύ‚κ	y‚ζ‚Ύ‚κz	‚ζ‚Ύ‚κ	F–{§
‚ζ‚¤‚ζ‚¤	‚ζ‚¤‚ζ‚¤	y‚β‚Α‚ΖE‚Η‚¤‚Ι‚©z	‚β‚Α‚ΖE‚Η‚¤‚Ι‚©	F–{§
‚ζ‚©‚µ‚±	‚ζ‚©‚µ‚±	yD‚«‚Θ‚Ύ‚―z	‚·‚«‚Θ‚Ύ‚―	F–{§
‚ζ‚Θ	‚ζ‚Θ	y‰ΞRDz	‚©‚΄‚ρ‚Ξ‚Ά	F–{§
‚ν‚³‚ΰ‚ρ	‚ν‚³‚ΰ‚ρ	yV‚µ‚Ά‚ΰ‚Μ‚ªD‚«‚Θlz	‚ ‚½‚η‚µ‚Ά‚ΰ‚Μ‚ª‚·‚«‚Θ‚Π‚Ζ	F–{§
‚ν‚ι‚±‚Β	‚ν‚ι‚±‚Β	y«‚Ά‚±‚Ζz	‚ν‚ι‚Ά‚±‚Ζ	F–{§
‚ ‚©‚©	‚ ‚©‚©E‚ ‚Α‚©	y–Ύ‚ι‚Άz	‚ ‚©‚ι‚Ά	F–{§
‚ ‚Ή‚­‚ι	‚ ‚Ή‚­‚ι	y‚©‚«’T‚·E‚©‚«W‚ί‚ιz	‚©‚«‚³‚ª‚·E‚©‚«‚ ‚Β‚ί‚ι	F–{§
‚ ‚Ζ‚Ί‚«	‚ ‚Ζ‚Ί‚«	yγ‚π•Β‚ί‚ζz	‚ ‚Ζ‚π‚µ‚ί‚ζ	F–{§
‚ ‚δ‚ι	‚ ‚δ‚ι	y—‚Ώ‚ιz	‚¨‚Ώ‚ι	F–{§
‚ ‚η‚ά‚µ‚©	‚ ‚η‚ά‚µ‚©	yrX‚µ‚Άz	‚ ‚η‚ ‚η‚µ‚Ά	F–{§
‚Ά‚³‚¬‚Ά	‚Ά‚³‚¬‚Ά	y‘ε‘wE‚Π‚Η‚­z	‚½‚Ά‚»‚¤E‚Π‚Η‚­	F–{§
‚Ά‚Κ‚ι	‚Ά‚Κ‚ι	ys‚­E‹‚Α‚Δs‚­E‹A‚ιz	‚Ά‚­E‚³‚Α‚Δ‚Ά‚­E‚©‚¦‚ι	F–{§
‚Ά‚Ξ‚µ‚©	‚Ά‚Ξ‚µ‚©	yr‚Α‚Ϋ‚ΆE–Ò—σ‚Ύz	‚ ‚η‚Α‚Ϋ‚ΆE‚ΰ‚¤‚κ‚Β‚Ύ	F–{§
‚¤‚¤‚²‚Β	‚¤‚¤‚²‚Β	y‘ε•Ο‚Θ–z	‚½‚Ά‚Φ‚ρ‚Θ‚±‚Ζ	F–{§
‚¤‚¤‚Ξ‚ρ‚¬‚α‚ ‚©	‚¤‚¤‚Ξ‚ρ‚¬‚α‚ ‚©	y‚¨‚¨‚΄‚Α‚Ο‚ΘE‘e—ª‚Θz	‚¨‚¨‚΄‚Α‚Ο‚ΘE‚»‚θ‚α‚­‚Θ	F–{§
‚¤‚µ‚Β‚ι	‚¤‚µ‚Β‚ι	y•ϊ‚ιE‚Θ‚­‚·‚ιz	‚Ω‚¤‚ιE‚Θ‚­‚·‚ι	F–{§
‚¤‚Ώ‚ ‚¤	‚¤‚Ώ‚ ‚¤	y‘θ‚Ι‚Θ‚ιz	‚ ‚Ά‚Δ‚Ι‚Θ‚ι	F–{§
‚¤‚Α‚½‚ν‚·	‚¤‚Α‚½‚ν‚·	y•a‹C‚Ι‚Θ‚ιz	‚Ρ‚ε‚¤‚«‚Ι‚Θ‚ι	F–{§
‚¤‚Α‚Ώ‚Κ	‚¤‚Α‚Ώ‚Κ	y€‚Κz	‚µ‚Κ	F–{§
‚¤‚Α‚Ώ‚ε‚­	‚¤‚Α‚Ώ‚ε‚­	y•ϊ‚Α‚Δ‚¨‚­z	‚Ω‚¤‚Α‚Δ‚¨‚­	F–{§
‚¤‚ρ‚Τ‚­‚ι‚ι	‚¤‚ρ‚Τ‚­‚ι‚ι	y“M‚κ‚ιz	‚¨‚Ϊ‚κ‚ι	F–{§
‚¨‚ί‚­	‚¨‚ί‚­	y‘εΊ‚πo‚·z	‚¨‚¨‚²‚¦‚π‚Ύ‚·	F–{§
‚¨‚λ‚ζ‚©	‚¨‚λ‚ζ‚©	y—Η‚­‚Θ‚Άz	‚ζ‚­‚Θ‚Ά	F–{§
‚©‚©‚¶‚ι	‚©‚©‚¶‚ι	y‚Π‚Α‚©‚­E‚©‚«‚ή‚µ‚ιz	‚Π‚Α‚©‚­E‚©‚«‚ή‚µ‚ι	F–{§
‚©‚Έ‚ή	‚©‚Έ‚ή	yk‚®z	‚©‚®	F–{§
‚©‚½‚®‚ι	‚©‚½‚®‚ι	y¨‚Ι’S‚®z	‚©‚½‚Ι‚©‚Β‚®	F–{§
‚©‚½‚ι	‚©‚½‚ι	y’‡Τ‚Ι‰Α‚ν‚ιz	‚Θ‚©‚ά‚Ι‚­‚ν‚ν‚ι	F–{§
‚©‚Β‚ι‚ι	‚©‚Β‚ι‚ι	y‹Q‚¦‚ιz	‚¤‚¦‚ι	F–{§
‚©‚Τ‚ι	‚©‚Τ‚ι	y”ν‚ιEσ‚―‚ιz	‚©‚Τ‚ιE‚¤‚―‚ι	F–{§
‚ª‚ά‚Ύ‚·	‚ª‚ά‚Ύ‚·	yΈ‚πo‚·E‚ª‚ρ‚Ξ‚ιz	‚Ή‚Ά‚π‚Ύ‚·E‚ª‚ρ‚Ξ‚ι	F–{§
‚«‚Α‚Ώ‚α‚·‚ι	‚«‚Α‚Ώ‚α‚·‚ι	y‹κ‚µ‚Άv‚Ά‚π‚·‚ιz	‚­‚ι‚µ‚Ά‚¨‚ΰ‚Ά‚π‚·‚ι	F–{§
‚­‚Ρ‚ι	‚­‚Ρ‚ι	y‚­‚­‚ιE‚µ‚Ξ‚ιE‚δ‚ν‚¦‚ιz	‚­‚­‚ιE‚µ‚Ξ‚ιE‚δ‚ν‚¦‚ι	F–{§
‚―‚½‚­‚ι	‚―‚½‚­‚ι	y‚―‚Ζ‚Ξ‚·z	‚―‚Ζ‚Ξ‚·	F–{§
‚²‚·‚Ζ‚¨‚«	‚²‚·‚Ζ‚¨‚«	y‚ª‚Ξ‚Α‚Ζ‹N‚«γ‚ª‚ιz	‚ª‚Ξ‚Α‚Ζ‚¨‚«‚ ‚ª‚ι	F–{§
‚±‚Έ‚ή	‚±‚Έ‚ή	yΟ‚έγ‚°‚ιz	‚Β‚έ‚ ‚°‚ι	F–{§
‚±‚»‚Ξ‚Ά‚©	‚±‚»‚Ξ‚Ά‚©	y‚­‚·‚®‚Α‚½‚Άz	‚­‚·‚®‚Α‚½‚Ά	F–{§
‚²‚½‚ι	‚²‚½‚ι	y`‚Μ‚ζ‚¤‚Ύz	`‚Μ‚ζ‚¤‚Ύ	F–{§
‚³‚Ξ‚­‚ι	‚³‚Ξ‚­‚ι	yd–‚ª‘‚­•Π•t‚­z	‚µ‚²‚Ζ‚ª‚Ν‚β‚­‚©‚½‚Γ‚­	F–{§
‚³‚ι‚­	‚³‚ι‚­	y•ΰ‚«‚ά‚ν‚ιz	‚ ‚ι‚«‚ά‚ν‚ι	F–{§
‚µ‚±‚ι	‚µ‚±‚ι	y‚Ά‚Ξ‚ιz	‚Ά‚Ξ‚ι	F–{§
‚µ‚Ώ‚α‚­‚μ‚Ώ‚α	‚µ‚Ώ‚α‚­‚μ‚Ώ‚α	y–Ε’ƒ‹κ’ƒz	‚ί‚Ώ‚α‚­‚Ώ‚α	F–{§
‚¶‚α‚ά‚­‚ι	‚¶‚α‚ά‚­‚ι	y‚¶‚α‚ά‚π‚·‚ιz	‚¶‚α‚ά‚π‚·‚ι	F–{§
‚µ‚α‚ρ‚ή‚θ	‚µ‚α‚ρ‚ή‚θ	y–³—–ξ—z	‚ή‚θ‚β‚θ	F–{§
‚·‚Έ‚ι‚ι	‚·‚Έ‚ι‚ι	y…‚Θ‚Η‚ªμ‚κ‚ιz	‚έ‚Έ‚Θ‚Η‚ª‚ ‚Σ‚κ‚ι	F–{§
‚·‚½‚ή‚ι	‚·‚½‚ή‚ι	y…“H‚πΨ‚ιz	‚·‚Ά‚Δ‚«‚π‚«‚ι	F–{§
‚·‚Ρ‚­	‚·‚Ρ‚­	y¦‚³‚ªθ‘«‚Ι‚µ‚έ‚ν‚½‚ιz	‚³‚ή‚³‚ª‚Δ‚ ‚µ‚Ι‚µ‚έ‚ν‚½‚ι	F–{§
‚Έ‚ρ‚Ύ‚κ	‚Έ‚ρ‚Ύ‚κ	y‚Ύ‚η‚µ‚Μ‚Θ‚Ά‚±‚Ζz	‚Ύ‚η‚µ‚Μ‚Θ‚Ά‚±‚Ζ	F–{§
‚Ή‚­	‚Ή‚­	yΛαq‚Θ‚Η‚π•Β‚ί‚ιz	‚Ζ‚µ‚ε‚¤‚¶‚Θ‚Η‚π‚µ‚ί‚ι	F–{§
‚Ή‚Α‚±‚ή	‚Ή‚Α‚±‚ή	y‚ ‚ν‚Δ‚ιz	‚ ‚ν‚Δ‚ι	F–{§
‚½‚¬‚ι	‚½‚¬‚ι	y”M‚­‚Θ‚ιz	‚ ‚Β‚­‚Θ‚ι	F–{§
‚Β‚ª‚ι	‚Β‚ª‚ι	y‚Β‚Θ‚ª‚ιz	‚Β‚Θ‚ª‚ι	F–{§
‚Δ‚κ‚¦‚Α‚Ζ	‚Δ‚κ‚¦‚Α‚Ζ	y‚Ϊ‚ρ‚β‚θ‚Ζz	‚Ϊ‚ρ‚β‚θ‚Ζ	F–{§
‚Η‚¬‚α‚ρ	‚Η‚¬‚α‚ρ	y‚Η‚ρ‚Θ‚Ιz	‚Η‚ρ‚Θ‚Ι	F–{§
‚Ζ‚¬‚ι	‚Ζ‚¬‚ι	y‚Ζ‚ª‚η‚Ή‚ιz	‚Ζ‚ª‚η‚Ή‚ι	F–{§
‚Θ‚¨‚·	‚Θ‚¨‚·	y‚µ‚ά‚Ά‚ήz	‚µ‚ά‚Ά‚±‚ή	F–{§
‚Θ‚ν‚ι	‚Θ‚ν‚ι	yκ‚π•Ο‚¦‚ιz	‚Ξ‚µ‚ε‚π‚©‚¦‚ι	F–{§
‚Θ‚ρ‚¬‚α‚ι	‚Θ‚ρ‚¬‚α‚ι	y•ϊ‚θo‚·z	‚Ω‚¤‚θ‚Ύ‚·	F–{§
‚Κ‚©‚ι	‚Κ‚©‚ι	y“Λ‚«h‚³‚ιz	‚Β‚«‚³‚³‚ι	F–{§
‚Λ‚Έ‚ή	‚Λ‚Έ‚ή	y‚Β‚Λ‚ιz	‚Β‚Λ‚ι	F–{§
‚Λ‚½‚ν‚·E‚Λ‚ρ‚½E‚Λ‚ι‚ι	‚Λ‚½‚ν‚·E‚Λ‚ρ‚½E‚Λ‚ι‚ι	y•a‹C‚Ι‚Θ‚ιEQ‚ήz	‚Ρ‚ε‚¤‚«‚Ι‚Θ‚ιE‚Λ‚±‚ή	F–{§
‚Λ‚ά‚ι	‚Λ‚ά‚ι	yH•¨‚ª•…‚ιE•¨–‚ªi“W‚µ‚Θ‚Άz	‚½‚Χ‚ΰ‚Μ‚ª‚­‚³‚ιE‚ΰ‚Μ‚²‚Ζ‚ª‚µ‚ρ‚Δ‚ρ‚µ‚Θ‚Ά	F–{§
‚Λ‚ρ‚©‚©‚ι	‚Λ‚ρ‚©‚©‚ι	yρ‚θ‚©‚©‚ιE‚ΰ‚½‚κ‚©‚©‚ιz	‚ζ‚θ‚©‚©‚ιE‚ΰ‚½‚κ‚©‚©‚ι	F–{§
‚Μ‚³‚ι	‚Μ‚³‚ι	yb‚ά‚κ‚ιz	‚ί‚®‚ά‚κ‚ι	F–{§
‚Ξ‚©‚¤	‚Ξ‚©‚¤	y’D‚Ά‡‚¤z	‚¤‚Ξ‚Ά‚ ‚¤	F–{§
‚Ν‚Ώ‚­‚ι	‚Ν‚Ώ‚­‚ι	y‚Η‚ρ‚Η‚ρ‚β‚Α‚Δ‚­‚ιz	‚Η‚ρ‚Η‚ρ‚β‚Α‚Δ‚­‚ι	F–{§
‚Ν‚Α‚Δ‚­	‚Ν‚Α‚Δ‚­	ys‚Α‚Δ‚µ‚ά‚¤z	‚Ά‚Α‚Δ‚µ‚ά‚¤	F–{§
‚Ν‚Β‚ι	‚Ν‚Β‚ι	y’@‚­‚±‚Ζz	‚½‚½‚­‚±‚Ζ	F–{§
‚Π‚Ύ‚ι‚©	‚Π‚Ύ‚ι‚©	y‚Π‚ΰ‚¶‚ΆE‹σ• ‚Ύz	‚Π‚ΰ‚¶‚ΆE‚­‚¤‚Σ‚­‚Ύ	F–{§
‚Ρ‚Α‚µ‚α‚®	‚Ρ‚Α‚µ‚α‚®	y‰‚µ‚Β‚Τ‚·z	‚¨‚µ‚Β‚Τ‚·	F–{§
‚Π‚Α‚Ζ‚Ύ‚·	‚Π‚Α‚Ζ‚Ύ‚·	yv‚ν‚Έo‚·E‚Π‚ε‚Ά‚Ζo‚·z	‚¨‚ΰ‚ν‚Έ‚Ύ‚·E‚Π‚ε‚Ά‚Ζ‚Ύ‚·	F–{§
‚Π‚ε‚­‚Α‚Ζ	‚Π‚ε‚­‚Α‚Ζ	y‚Π‚ε‚Α‚±‚θ‚Ζz	‚Π‚ε‚Α‚±‚θ‚Ζ	F–{§
‚ή‚©‚ι	‚ή‚©‚ι	y‚µ‚©‚―‚ιE’οR‚·‚ιE—§‚Ώό‚©‚¤z	‚µ‚©‚―‚ιE‚Δ‚Ά‚±‚¤‚·‚ιE‚½‚Ώ‚ή‚©‚¤	F–{§
‚ζ‚¤‚Θ‚ι	‚ζ‚¤‚Θ‚ι	y‚ζ‚­‚Θ‚ιz	‚ζ‚­‚Θ‚ι	F–{§
‚ ‚Λ‚¶‚ε	‚ ‚Λ‚¶‚ε	y‚¨o‚³‚ρz	‚¨‚Λ‚¦‚³‚ρ	F–{§
‚ ‚ρ‚¶‚α‚ΰ‚ρ	‚ ‚ρ‚¶‚α‚ΰ‚ρ	y‚¨Z‚³‚ρz	‚¨‚Ι‚Ά‚³‚ρ	F–{§
‚¨‚Η‚ρ	‚¨‚Η‚ρ	y‚ν‚½‚µz	‚ν‚½‚µ	F–{§
‚¨‚Η‚ρ‚Θ	‚¨‚Η‚ρ‚Θ	y‚ν‚½‚µ‚Νz	‚ν‚½‚µ‚Ν	F–{§
‚©‚η‚Ά‚ΰ	‚©‚η‚Ά‚ΰ	y‚³‚Β‚ά‚Ά‚ΰz	‚³‚Β‚ά‚Ά‚ΰ	F–{§
‚ª‚η‚Α‚Ο	‚ª‚η‚Α‚Ο	y‚©‚Α‚Οz	‚©‚Α‚Ο	F–{§
‚­‚Ώ‚Θ‚ν	‚­‚Ώ‚Θ‚ν	yΦz	‚Φ‚Ρ	F–{§
‚Θ‚Ξ	‚Θ‚Ξ	y‚«‚Μ‚±z	‚«‚Μ‚±	F–{§
‚Ι‚Ά‚¶‚ρ	‚Ι‚Ά‚¶‚ρ	y‚Ι‚ρ‚¶‚ρz	‚Ι‚ρ‚¶‚ρ	F–{§
‚Χ[‚λ	‚Χ[‚λ	yγz	‚µ‚½	F–{§
‚Ϊ‚¤‚Τ‚η	‚Ϊ‚¤‚Τ‚η	y“μ‰Zz	‚©‚Ϊ‚Ώ‚α	F–{§
‚ί‚²	‚ί‚²	y‚©‚²z	‚©‚²	F–{§
‚ν‚Α‚Η‚ρ	‚ν‚Α‚Η‚ρ	y‚¨‚ά‚¦‚½‚Ώz	‚¨‚ά‚¦‚½‚Ώ	F–{§
‚ν‚θ‚°	‚ν‚θ‚°	y‚¨‚ά‚¦‚Μ‰Ζz	‚¨‚ά‚¦‚Μ‚Ά‚¦	F–{§
‚ ‚©‚η‚ρ	‚ ‚©‚η‚ρ	y–Ύ‚ι‚­‚Θ‚η‚Θ‚Άz	‚ ‚©‚ι‚­‚Θ‚η‚Θ‚Ά	F–{§
‚ ‚­‚µ‚α‚¤‚Β	‚ ‚­‚µ‚α‚¤‚Β	y‚Ω‚Ζ‚Ω‚ΖΆ‚θ‰Κ‚Δ‚ιz	‚Ω‚Ζ‚Ω‚Ζ‚±‚ά‚θ‚Ν‚Δ‚ι	F–{§
‚ ‚±‚Θ‚ι	‚ ‚±‚Θ‚ι	yΤ‚­‚Θ‚ιz	‚ ‚©‚­‚Θ‚ι	F–{§
‚ ‚½‚¶‚α	‚ ‚½‚¶‚α	y‹}‚Ιz	‚«‚γ‚¤‚Ι	F–{§
‚ ‚Ζ‚Ί‚«	‚ ‚Ζ‚Ί‚«	yΛ‚π•Β‚ί‚ι‚±‚Ζz	‚Ζ‚π‚µ‚ί‚ι‚±‚Ζ	F–{§
‚ ‚δ‚ι	‚ ‚δ‚ι	y‰‚κ‚ª—‚Ώ‚ιz	‚ζ‚²‚κ‚ª‚¨‚Ώ‚ι	F–{§
‚Ά‚Α‚Ώ‚ε‚­‚ζ[	‚Ά‚Α‚Ώ‚ε‚­‚ζ[	y’u‚Ά‚Δ‚Ά‚­‚ζz	‚¨‚Ά‚Δ‚Ά‚­‚ζ	F–{§
‚Ά‚Α‚Ώ‚ε‚ρ	‚Ά‚Α‚Ώ‚ε‚ρ	y­‚µ‚ΰz	‚·‚±‚µ‚ΰ	F–{§
‚Ά‚Π‚γ[‚ΰ‚ρ	‚Ά‚Π‚γ[‚ΰ‚ρ	y•—•Ο‚ν‚θÒz	‚Σ‚¤‚ª‚ν‚θ‚ΰ‚Μ	F–{§
‚Ά‚έ‚Α‚Δ‚­‚ι	‚Ά‚έ‚Α‚Δ‚­‚ι	y…‚ª‚ ‚Σ‚κo‚Δ‚­‚ιz	‚έ‚Έ‚ª‚ ‚Σ‚κ‚Ε‚Δ‚­‚ι	F–{§
‚¤[‚Ώ‚α‚Α‚©	‚¤[‚Ώ‚α‚Α‚©	y‚Έ‚ι‚Άz	‚Έ‚ι‚Ά	F–{§
‚¤[‚Ξ‚ρ‚¬‚α	‚¤[‚Ξ‚ρ‚¬‚α	y‘ε‚΄‚Α‚Ο‚Ύz	‚¨‚¨‚΄‚Α‚Ο‚Ύ	F–{§
‚¤‚·‚Ζ‚κ[	‚¤‚·‚Ζ‚κ[	y‚Δ‚κ‚­‚³‚Άz	‚Δ‚κ‚­‚³‚Ά	F–{§
‚¤‚·‚Ζ‚λ‚©‚	‚¤‚·‚Ζ‚λ‚©‚	y“®μ‚ª‚Ι‚Τ‚Άz	‚Η‚¤‚³‚ª‚Ι‚Τ‚Ά	F–{§
‚¤‚Α‚½‚ά‚ª‚ι	‚¤‚Α‚½‚ά‚ª‚ι	y”ρν‚Ι‹Α‚­z	‚Π‚¶‚ε‚¤‚Ι‚¨‚Η‚λ‚­	F–{§
‚¤‚Α‚Ώ‚ε‚­	‚¤‚Α‚Ώ‚ε‚­	y’u‚«‹‚θ‚Ι‚·‚ιz	‚¨‚«‚΄‚θ‚Ι‚·‚ι	F–{§
‚¤‚Α‚Ο‚ί‚ι	‚¤‚Α‚Ο‚ί‚ι	y‚Ν‚ί‚ιz	‚Ν‚ί‚ι	F–{§
‚¤‚ρ‚Τ‚­‚ι‚ι	‚¤‚ρ‚Τ‚­‚ι‚ι	y‚¨‚Ϊ‚κ‚ιz	‚¨‚Ϊ‚κ‚ι	F–{§
‚¤‚ρ‚Χ‚½	‚¤‚ρ‚Χ‚½	yC•Σz	‚¤‚έ‚Χ	F–{§
‚ ‚Ά‚»‚ρ‚±‚»‚ΰ‚Θ‚©	‚ ‚Ά‚»‚ρ‚±‚»‚ΰ‚Θ‚©	y¤‘z‚ª‚Θ‚ΆE‚»‚Α‚―‚Θ‚ΆE‰Β¤‚°‚ª‚Θ‚Άz	‚ ‚Ά‚»‚ª‚Θ‚ΆE‚»‚Α‚―‚Θ‚ΆE‚©‚ν‚Ά‚°‚ª‚Θ‚Ά	F–{§
‚ ‚­‚µ‚α‚¤‚Β	‚ ‚­‚µ‚α‚¤‚Β	yΆ‚ιz	‚±‚ά‚ι	F–{§
‚ ‚Η	‚ ‚Η	y‚©‚©‚Ζz	‚©‚©‚Ζ	F–{§
‚ ‚ρ‚Ϋ‚ρ‚½‚ρ	‚ ‚ρ‚Ϋ‚ρ‚½‚ρ	yƒoƒJz	‚Ξ‚©	F–{§
‚Ά‚Π‚γ‚¤‚ΰ‚ρ	‚Ά‚Π‚γ‚¤‚ΰ‚ρ	y•Ο‚ν‚θÒz	‚©‚ν‚θ‚ΰ‚Μ	F–{§
‚¤‚·‚Ζ‚λ‚©	‚¤‚·‚Ζ‚λ‚©	y’p‚Έ‚©‚µ‚Άz	‚Ν‚Έ‚©‚µ‚Ά	F–{§
‚¨‚Α‚Ώ‚ε	‚¨‚Α‚Ώ‚ε	yƒIƒXz	‚¨‚·	F–{§
‚¨‚Α‚Η‚ρ	‚¨‚Α‚Η‚ρ	y‚ν‚½‚µ‚½‚ΏE‚¨‚κ‚½‚Ώz	‚ν‚½‚µ‚½‚ΏE‚¨‚κ‚½‚Ώ	F–{§
‚¨‚Η‚ρ‚°	‚¨‚Η‚ρ‚°	y‚ν‚½‚µ‚Μ‰Ζz	‚ν‚½‚µ‚Μ‚Ά‚¦	F–{§
‚¨‚ί‚Α‚Ζ[‚²‚΄‚ι‚ά	‚¨‚ί‚Α‚Ζ[‚²‚΄‚ι‚ά	y‚¨‚ί‚Ε‚Ζ‚¤z	‚¨‚ί‚Ε‚Ζ‚¤	F–{§
‚ª‚ά‚Ύ‚·	‚ª‚ά‚Ύ‚·	y‚ª‚ρ‚Ξ‚ιz	‚ª‚ρ‚Ξ‚ι	F–{§
‚ª‚ρ‚Ξ	‚ª‚ρ‚Ξ	y“ªEηz	‚ ‚½‚άE‚©‚¨	F–{§
‚±‚·‚½‚­‚θ‚ρ	‚±‚·‚½‚­‚θ‚ρ	y‚―‚Ώ‚ρ–Vz	‚―‚Ώ‚ρ‚Ϊ‚¤	F–{§
‚µ[‚Ζ‚Α	‚µ[‚Ζ‚Α	yD‚«‚ΎED‚Ά‚Δ‚Ά‚ιz	‚·‚«‚ΎE‚·‚Ά‚Δ‚Ά‚ι	F–{§
‚µ‚±‚ι	‚µ‚±‚ι	y‹Cζ‚ιz	‚«‚Η‚ι	F–{§
‚·[‚·[‚·[	‚·[‚·[‚·[	y”§¦‚ΆEƒX[ƒX[‚·‚ιz	‚Ν‚Ύ‚³‚ή‚ΆE‚·[‚·[‚·‚ι	F–{§
‚Ή‚©‚η‚µ‚©	‚Ή‚©‚η‚µ‚©	y‚β‚©‚ά‚µ‚ΆE‚¤‚ι‚³‚ΆE‚ν‚Έ‚η‚ν‚µ‚Άz	‚β‚©‚ά‚µ‚ΆE‚¤‚ι‚³‚ΆE‚ν‚Έ‚η‚ν‚µ‚Ά	F–{§
‚Ζ‚Ί‚ρ‚Θ‚©	‚Ζ‚Ί‚ρ‚Θ‚©	y‚³‚Ρ‚µ‚Άz	‚³‚Ρ‚µ‚Ά	F–{§
‚Θ‚¦‚½	‚Θ‚¦‚½	y”ζ‚κ‚½z	‚Β‚©‚κ‚½	F–{§
‚Μ‚³‚ρ	‚Μ‚³‚ρ	y‚¨‚Α‚­‚¤‚ΎE‹C‚ªd‚Άz	‚¨‚Α‚­‚¤‚ΎE‚«‚ª‚¨‚ΰ‚Ά	F–{§
‚Π‚Ύ‚ι‚©	‚Π‚Ύ‚ι‚©	y‹σ• ‚Ε”ζ‚κ‚½z	‚­‚¤‚Σ‚­‚Ε‚Β‚©‚κ‚½	F–{§
‚ή‚µ‚α‚ρ‚ζ‚©	‚ή‚µ‚α‚ρ‚ζ‚©	y‚©‚Α‚±‚Ά‚Άz	‚©‚Α‚±‚Ά‚Ά	F–{§
‚ή‚¶‚ε‚©	‚ή‚¶‚ε‚©	y‚©‚ν‚Ά‚η‚µ‚Άz	‚©‚ν‚Ά‚η‚µ‚Ά	F–{§
‚ΰ‚Α‚±‚·	‚ΰ‚Α‚±‚·	yζΕÒz	‚ª‚ρ‚±‚ΰ‚Μ	F–{§
‚ζ‚©‚Ε‚·‚Ξ‚Ά	‚ζ‚©‚Ε‚·‚Ξ‚Ά	y‚Ά‚Ά‚Ε‚·‚ζz	‚Ά‚Ά‚Ε‚·‚ζ	F–{§
‚ζ‚ί‚²	‚ζ‚ί‚²	y‚¨‰Ε‚³‚ρz	‚¨‚ζ‚ί‚³‚ρ	F–{§
‚ν‚³‚ΰ‚ρ	‚ν‚³‚ΰ‚ρ	yV‚µ‚ΰ‚ΜD‚«E—¬s‚Ι•q΄‚Θlz	‚ ‚½‚η‚µ‚ΰ‚Μ‚Έ‚«E‚θ‚γ‚¤‚±‚¤‚Ι‚Ρ‚ρ‚Θ‚Π‚Ζ	F–{§
‚Ά‚Λ	‰‚Λ	y‹A‚κz	‚©‚¦‚κ	‘εγ
‚¨‚Ν‚ζ‚¤‚³‚ρ	‚¨‚Ν‚ζ‚¤‚³‚ρ	y‚¨‚Ν‚ζ‚¤z	‚¨‚Ν‚ζ‚¤	‹“s
‚±‚ρ‚Ι‚Ώ‚Ν	‚±‚ρ‚Ι‚Ώ‚Ν	y‚±‚ρ‚Ι‚Ώ‚Νz	‚±‚ρ‚Ι‚Ώ‚Ν	‹“s
‚±‚ρ‚Ξ‚ρ‚Ν	‚±‚ρ‚Ξ‚ρ‚Ν	y‚±‚ρ‚Ξ‚ρ‚Νz	‚±‚ρ‚Ξ‚ρ‚Ν	‹“s
‚Ά‚Α‚Δ‚³‚ρ‚¶‚ά‚·	s‚Α‚ΔQ‚¶‚ά‚·	ys‚Α‚Δ‚«‚ά‚·z	‚Ά‚Α‚Δ‚«‚ά‚·	‹“s
‚¨‚Ν‚ζ‚¤‚¨‚©‚¦‚θ	‚¨‚Ν‚ζ‚¤‚¨‚©‚¦‚θ	y‹C‚π‚Β‚―‚Δs‚Α‚Δ‚η‚Α‚µ‚α‚Άz	‚«‚π‚Β‚―‚Δ‚Ά‚Α‚Δ‚η‚Α‚µ‚α‚Ά	‹“s
‚«‚Ά‚Β‚―‚Δ	‹C‚Ά‚Β‚―‚Δ	y‹C‚π‚Β‚―‚Δz	‚«‚π‚Β‚―‚Δ	‹“s
‚Ν‚ζ‚¤‚©‚¦‚Α‚Ζ‚Ά‚Ε	‘‚¤‹A‚Α‚Ζ‚Ά‚Ε	y‘‚­‹A‚Α‚Δ‚¨‚Ά‚Εz	‚Ν‚β‚­‚©‚¦‚Α‚Δ‚¨‚Ά‚Ε	‹“s
‚Ά‚½‚Ύ‚«‚ά‚·	‚Ά‚½‚Ύ‚«‚ά‚·	y‚Ά‚½‚Ύ‚«‚ά‚·z	‚Ά‚½‚Ύ‚«‚ά‚·	‹“s
‚²‚Α‚Β‚§‚Ν‚ρ‚Η‚µ‚½	‚²‚Α‚Β‚§‚Ν‚ρ‚Η‚µ‚½	y‚²‚Ώ‚»‚¤‚³‚ά‚Ε‚µ‚½z	‚²‚Ώ‚»‚¤‚³‚ά‚Ε‚µ‚½	‹“s
‚ζ‚λ‚µ‚γ‚¤‚¨‚ ‚ª‚θ	‚ζ‚λ‚µ‚γ‚¤‚¨‚ ‚ª‚θ	y‚¨‘e––‚³‚ά‚Ε‚µ‚½z	‚¨‚»‚ά‚Β‚³‚ά‚Ε‚µ‚½	‹“s
‚Ν‚Ξ‚©‚θ‚³‚ρ‚Η‚·	‚Ν‚Ξ‚©‚θ‚³‚ρ‚Η‚·	y‚¨”ζ‚κ‚³‚ά‚Ε‚·z	‚¨‚Β‚©‚κ‚³‚ά‚Ε‚·	‹“s
‚±‚κA‚΄‚ρ‚Θ‚Ά‚ΰ‚Μ‚Η‚·‚―‚Η	‚±‚κA‚΄‚ρ‚Θ‚Ά‚ΰ‚Μ‚Η‚·‚―‚Η	y‚Β‚ά‚η‚Θ‚Ά‚ΰ‚Μ‚Ε‚·‚ªz	‚Β‚ά‚η‚Θ‚Ά‚ΰ‚Μ‚Ε‚·‚ª	‹“s
‚Ω‚ΘA‚ά‚½	‚Ω‚ΘA‚ά‚½	y‚Ε‚ΝA‚ά‚½z	‚Ε‚ΝA‚ά‚½	‹“s
‚Τ‚Τ‚Γ‚―‚Ε‚ΰ‚Η‚¤‚Η‚·	‚Τ‚Τ’Π‚―‚Ε‚ΰ‚Η‚¤‚Η‚·	y‚»‚λ‚»‚λ‚¨‹A‚θ‚­‚Ύ‚³‚Άz	‚»‚λ‚»‚λ‚¨‚©‚¦‚θ‚­‚Ύ‚³‚Ά	‹“s
‚°‚ρ‚«‚Θ‚¨‚±‚³‚ρ‚β‚Λ‚¥	³‹C‚Θ‚¨q‚³‚ρ‚β‚Λ‚¥	y­‚µΓ‚©‚Ι‚µ‚Δ‚Ω‚µ‚Άz	‚·‚±‚µ‚µ‚Έ‚©‚Ι‚µ‚Δ‚Ω‚µ‚Ά	‹“s
‚°‚ρ‚«‚Θ‚Π‚Ζ‚Ε‚·‚Θ‚	³‹C‚Θl‚Ε‚·‚Θ‚	y‚¤‚ι‚³‚ΆE–ΐf‚Ι΄‚¶‚Δ‚Ά‚ιz	‚¤‚ι‚³‚ΆE‚ί‚Ά‚ν‚­‚Ι‚©‚ρ‚¶‚Δ‚Ά‚ι	‹“s
‚Ά‚Β‚έ‚Δ‚ΰ‚°‚ρ‚«‚»‚¤‚β‚Θ‚	‚Ά‚Β‚έ‚Δ‚ΰ³‹C‚»‚¤‚β‚Θ‚	y‹x‚ά‚Έ“­‚Ά‚Δ‚Ά‚ι‚Λz	‚β‚·‚ά‚Έ‚Ν‚½‚η‚Ά‚Δ‚Ά‚ι‚Λ	‹“s
‚¨‚¶‚ε‚¤‚Ώ‚α‚ρA‚Ò‚ ‚Μ‚¶‚ε‚¤‚Έ‚Ι‚Θ‚Α‚½‚Θ‚	‚¨μ‚Ώ‚α‚ρAƒsƒAƒmγθ‚Ι‚Θ‚Α‚½‚Θ‚	yƒsƒAƒm‚Μ‰Ή‚ª‹ί–ΐf‚Ε‚·z	‚Ò‚ ‚Μ‚Μ‚¨‚Ζ‚ª‚«‚ρ‚¶‚ε‚ί‚Ά‚ν‚­‚Ε‚·	‹“s
‚Ζ‚¨‚Ά‚Ζ‚±‚λ‚©‚η‚«‚Δ‚Ν‚ι‚Θ‚	‰“‚Ά‚Ζ‚±‚λ‚©‚η—‚Δ‚Ν‚ι‚Θ‚	y‰“‚Ά‚Ζ‚±‚λ‚©‚η—‚ά‚µ‚½‚Λz	‚Ζ‚¨‚Ά‚Ζ‚±‚λ‚©‚η‚«‚ά‚µ‚½‚Λ	‹“s
‚β‚Α‚Ζ‚«‚Ν‚Α‚½	‚β‚Α‚Ζ—‚Ν‚Α‚½	y‚Έ‚Ά‚Τ‚ρ‘Ò‚Ώ‚ά‚µ‚½z	‚Έ‚Ά‚Τ‚ρ‚ά‚Ώ‚ά‚µ‚½	‹“s
‚«‚κ‚Ά‚Ι‚µ‚Δ‚Ν‚θ‚ά‚·‚Θ	ƒLƒƒC‚Ι‚µ‚Δ‚Ν‚θ‚ά‚·‚Θ	y‚«‚κ‚Ά‚Ι‚µ‚Δ‚Ά‚ά‚·‚Λz	‚«‚κ‚Ά‚Ι‚µ‚Δ‚Ά‚ά‚·‚Λ	‹“s
‚¨‚¨‚«‚Ι	‚¨‚¨‚«‚Ι	y‚ ‚θ‚ª‚Ζ‚¤A‹\‚Ε‚·z	‚ ‚θ‚ª‚Ζ‚¤A‚―‚Α‚±‚¤‚Ε‚·	‹“s
‚Ζ‚±‚λ‚Ε	‚Ζ‚±‚λ‚Εcc	y‚»‚Μb‚Ν‚Η‚¤‚Ε‚ΰ‚Ά‚Άz	‚»‚Μ‚Ν‚Θ‚µ‚Ν‚Η‚¤‚Ε‚ΰ‚Ά‚Ά	‹“s
‚βA‚ί‚Δ‚ΰ‚λ‚Δ	‚βA‚ί‚Δ‚ΰ‚λ‚Δ	y‚β‚ί‚Δ‚ΰ‚η‚¦‚ά‚·‚©z	‚β‚ί‚Δ‚ΰ‚η‚¦‚ά‚·‚©	‹“s
‚©‚ρ‚Ι‚ρ‚µ‚Δ	¬”E‚µ‚Δ	y‚ΰ‚¤‰δ–‚Ε‚«‚Θ‚Άz	‚ΰ‚¤‚ª‚ά‚ρ‚Ε‚«‚Θ‚Ά	‹“s
‚ζ‚¤‚Ά‚ν‚ρ‚ν‚	‚ζ‚¤Ύ‚ν‚ρ‚ν‚	y•π‚κ‚Δ‰½‚ΰΎ‚¦‚Θ‚Άz	‚ ‚«‚κ‚Δ‚Θ‚Ι‚ΰ‚Ά‚¦‚Θ‚Ά	‹“s
‚©‚ρ‚ª‚¦‚Ζ‚­‚ν	l‚¦‚Ζ‚­‚ν	y‚¨’f‚θ‚µ‚ά‚·z	‚¨‚±‚Ζ‚ν‚θ‚µ‚ά‚·	‹“s
‚Μ‚Η‚©‚ν‚Ά‚½‚Θ‚	ƒmƒh£‚Ά‚½‚Θ‚ 	y‚»‚λ‚»‚λ‹A‚θ‚ά‚µ‚ε‚¤z	‚»‚λ‚»‚λ‚©‚¦‚θ‚ά‚µ‚ε‚¤	‹“s
‚©‚ρ‚ª‚¦‚Δ‚έ‚Δ‚β	l‚¦‚Δ‚έ‚Δ‚β	y‚β‚ί‚Δ‚Ω‚µ‚Άz	‚β‚ί‚Δ‚Ω‚µ‚Ά	‹“s
‚«‚κ‚Ά‚Θ‚ª‚η‚β‚Λ	‚«‚κ‚Ά‚Θ•Ώ‚β‚Λ	y­‚µ”hθ‚·‚¬‚ά‚Ή‚ρ‚©z	‚·‚±‚µ‚Ν‚Ε‚·‚¬‚ά‚Ή‚ρ‚©	‹“s
‚Ι‚ ‚Ά‚ά‚·‚Θ‚	—‡‚Ά‚ά‚·‚Θ‚	y‚»‚ΜiD‚Ν‚Η‚¤‚©‚Ζv‚Ά‚ά‚·z	‚»‚Μ‚©‚Α‚±‚¤‚Ν‚Η‚¤‚©‚Ζ‚¨‚ΰ‚Ά‚ά‚·	‹“s
‚»‚Μ‚°‚½A‚¦‚¦‚¨‚Ζ‚³‚Ή‚Δ‚ά‚·‚Θ‚	‚»‚Μ‰Ί‘ΚA‚¦‚¦‰Ή‚³‚Ή‚Δ‚ά‚·‚Θ‚	y‰Ί‘Κ‚Μ‰Ή‚ª¨α‚θ‚Ε‚·z	‚°‚½‚Μ‚¨‚Ζ‚ª‚έ‚έ‚΄‚ν‚θ‚Ε‚·	‹“s
‚µ‚α‚κ‚½‚ΰ‚ρ‚«‚Ζ‚ι‚Θ‚	ƒVƒƒƒ‚½ƒ‚ƒ“’…‚Ζ‚ι‚Θ‚	y”hθE•Ο‚ν‚Α‚½•‚Ε‚·‚Λz	‚Ν‚ΕE‚©‚ν‚Α‚½‚Σ‚­‚Ε‚·‚Λ	‹“s
‚¦‚η‚Ά	‚¦‚η‚Ά	y‚·‚²‚ΆE‘ε•Ο‚Ύz	‚·‚²‚ΆE‚½‚Ά‚Φ‚ρ‚Ύ	‹“s
‚»‚¤‚¶‚µ‚Δ‚ι‚»‚Ξ‚©‚η‚ζ‚²‚κ‚ι‚ν	‘|‚µ‚Δ‚ι‘¤‚©‚η‰‚κ‚ι‚ν	y‚±‚±‚π’Κ‚η‚Θ‚Ά‚Ε‚Ω‚µ‚Άz	‚±‚±‚π‚Ζ‚¨‚η‚Θ‚Ά‚Ε‚Ω‚µ‚Ά	‹“s
‚©‚¦‚³‚Θ‚­‚Δ‚ΰ‚¦‚¦‚ζ	•Τ‚³‚Θ‚­‚Δ‚ΰ‚¦‚¦‚ζ	y‚µ‚Ξ‚η‚­g‚Α‚Δ‚ΰ‚Ά‚Ά‚―‚κ‚Η•Τ‚µ‚Δ‚­‚Ύ‚³‚Άz	‚µ‚Ξ‚η‚­‚Β‚©‚Α‚Δ‚ΰ‚Ά‚Ά‚―‚κ‚Η‚©‚¦‚µ‚Δ‚­‚Ύ‚³‚Ά	‹“s
‚ª‚Α‚©‚θ‚µ‚½‚ν	‚ª‚Α‚©‚θ‚µ‚½‚ν	y“{‚Α‚Δ‚Ά‚ά‚·z	‚¨‚±‚Α‚Δ‚Ά‚ά‚·	‹“s
‚έ‚ρ‚Θ‚¨‚±‚Α‚Δ‚Ν‚ι	‚έ‚ρ‚Θ“{‚Α‚Δ‚Ν‚ι	y„‚Ν“{‚Α‚Δ‚Ά‚ά‚·z	‚ν‚½‚µ‚Ν‚¨‚±‚Α‚Δ‚Ά‚ά‚·	‹“s
‚Ά‚Ά‚Ζ‚―‚Ά‚µ‚Δ‚ά‚·‚Θ	‚Ά‚Άv‚µ‚Δ‚ά‚·‚Θ	yb‚ª’·‚Ά‚Ε‚·‚Λz	‚Ν‚Θ‚µ‚ª‚Θ‚ª‚Ά‚Ε‚·‚Λ	‹“s
‚Ν‚Α‚«‚θ‚µ‚Δ‚ά‚·‚Θ	ƒnƒbƒLƒ‚µ‚Δ‚ά‚·‚Θ	y‘Τ“x‚ª‘ε‚«‚Ά‚Ε‚·‚Λz	‚½‚Ά‚Η‚ª‚¨‚¨‚«‚Ά‚Ε‚·‚Λ	‹“s
‚·‚«‚Θ‚ζ‚¤‚Ι‚µ‚Ν‚Α‚½‚η	D‚«‚Θ‚ζ‚¤‚Ι‚µ‚Ν‚Α‚½‚η	y‚ΰ‚¤‹–‚µ‚ά‚Ή‚ρz	‚ΰ‚¤‚δ‚ι‚µ‚ά‚Ή‚ρ	‹“s
‚β‚ί‚Ζ‚«‚ζ‚µ	‚β‚ί‚Ζ‚«‚ζ‚µ	y‚β‚ί‚Δ‚¨‚Ά‚½•ϋ‚ª‚Ά‚Άz	‚β‚ί‚Δ‚¨‚Ά‚½‚Ω‚¤‚ª‚Ά‚Ά	‹“s
‚Β‚«‚¨‚¤‚Δ‚η‚κ‚ρ	•t‚«‡‚Α‚Δ‚η‚κ‚ρ	y‚ΰ‚¤Φ‚ν‚θ‚½‚­‚Θ‚Άz	‚ΰ‚¤‚©‚©‚ν‚θ‚½‚­‚Θ‚Ά	‹“s
‚ζ‚¤‚Χ‚ρ‚«‚ε‚¤‚µ‚Δ‚Ν‚θ‚ά‚·‚Θ	‚ζ‚¤•Χ‹­‚µ‚Δ‚Ν‚θ‚ά‚·‚Θ	y—]v‚Θ‚±‚Ζ‚πΎ‚ν‚Θ‚Ά‚Εz	‚ζ‚―‚Ά‚Θ‚±‚Ζ‚π‚Ά‚ν‚Θ‚Ά‚Ε	‹“s
‚ζ‚¤‚µ‚Α‚Δ‚Ν‚ι‚Θ	‚ζ‚¤’m‚Α‚Δ‚Ν‚ι‚Θ	y‚ΰ‚¤–Ω‚Α‚Δ‚Ά‚Δ‚­‚Ύ‚³‚Άz	‚ΰ‚¤‚Ύ‚ά‚Α‚Δ‚Ά‚Δ‚­‚Ύ‚³‚Ά	‹“s
‚¶‚γ‚ρ‚Θ‚¨‚Π‚Ζ‚β‚Θ	ƒ‚Θ‚¨l‚β‚Θ	y‚ΰ‚Α‚Ζ‚Ν‚Α‚«‚θ‚µ‚Δ‚­‚Ύ‚³‚Άz	‚ΰ‚Α‚Ζ‚Ν‚Α‚«‚θ‚µ‚Δ‚­‚Ύ‚³‚Ά	‹“s
‚©‚ρ‚Ι‚ρ‚µ‚Δ‚­‚Ύ‚³‚Ά	¬”E‚µ‚Δ‚­‚Ύ‚³‚Ά	y‚Ά‚Ά‰ΑΈ‚Ι‚µ‚Δ‚­‚Ύ‚³‚Άz	‚Ά‚Ά‚©‚°‚ρ‚Ι‚µ‚Δ‚­‚Ύ‚³‚Ά	‹“s
‚µ‚α‚κ‚µ‚½‚«‚ΰ‚Μ‚«‚Δ‚ά‚·‚Θ‚	ƒVƒƒ‚µ‚½’…•¨’…‚Δ‚ά‚·‚Θ‚	y‚ζ‚­‚»‚ρ‚Θ’…•¨‚π’…‚η‚κ‚ά‚·‚Λz	‚ζ‚­‚»‚ρ‚Θ‚«‚ΰ‚Μ‚π‚«‚η‚κ‚ά‚·‚Λ	‹“s
‚Η‚­‚»‚¤‚Δ‚«‚β‚Λ	“Ζ‘n“I‚β‚Λ	y•Ο‚ν‚Α‚½‚ΰ‚Μ‚Ε‚·‚Λz	‚©‚ν‚Α‚½‚ΰ‚Μ‚Ε‚·‚Λ	‹“s